group,age,cycle,cumulative_incidence
NHB female,40.0,0,0.4824494467760397
NHB female,40.083333333333336,1,0.4932086989698588
NHB female,40.166666666666664,2,0.4935520793590233
NHB female,40.25,3,0.49408622663105684
NHB female,40.333333333333336,4,0.49462037390309044
NHB female,40.416666666666664,5,0.495383441434567
NHB female,40.5,6,0.49622281571919113
NHB female,40.583333333333336,7,0.49698588325066767
NHB female,40.666666666666664,8,0.498016024418161
NHB female,40.75,9,0.49866463181991605
NHB female,40.833333333333336,10,0.4994276993513926
NHB female,40.916666666666664,11,0.5001144601297215
NHB female,41.0,12,0.5007249141549027
NHB female,41.083333333333336,13,0.5236932468523464
NHB female,41.166666666666664,14,0.525562762304464
NHB female,41.25,15,0.527088897367417
NHB female,41.333333333333336,16,0.5288439526898131
NHB female,41.416666666666664,17,0.5306371613887829
NHB female,41.5,18,0.5326974437237696
NHB female,41.583333333333336,19,0.5353300267073636
NHB female,41.666666666666664,20,0.5372758489126288
NHB female,41.75,21,0.5390309042350248
NHB female,41.833333333333336,22,0.5410911865700114
NHB female,41.916666666666664,23,0.5434566959175887
NHB female,42.0,24,0.5459366653948875
NHB female,42.083333333333336,25,0.549332315909958
NHB female,42.166666666666664,26,0.5527661198016024
NHB female,42.25,27,0.5553605494086227
NHB female,42.333333333333336,28,0.5582220526516597
NHB female,42.416666666666664,29,0.5606638687523846
NHB female,42.5,30,0.5639832125143075
NHB female,42.583333333333336,31,0.5669210225104921
NHB female,42.666666666666664,32,0.5689049980923312
NHB female,42.75,33,0.5710034338038916
NHB female,42.833333333333336,34,0.5732926363983213
NHB female,42.916666666666664,35,0.5754673788630293
NHB female,43.0,36,0.5771079740557039
NHB female,43.083333333333336,37,0.5791301030141167
NHB female,43.166666666666664,38,0.5811140785959558
NHB female,43.25,39,0.5828691339183518
NHB female,43.333333333333336,40,0.5844334223578787
NHB female,43.416666666666664,41,0.5863029378099962
NHB female,43.5,42,0.588096146508966
NHB female,43.583333333333336,43,0.5900038153376573
NHB female,43.666666666666664,44,0.5921785578023655
NHB female,43.75,45,0.5938954597481877
NHB female,43.833333333333336,46,0.5954597481877146
NHB female,43.916666666666664,47,0.5977489507821442
NHB female,44.0,48,0.598893552079359
NHB female,44.083333333333336,49,0.6000763067531476
NHB female,44.166666666666664,50,0.6018313620755437
NHB female,44.25,51,0.6032430370087752
NHB female,44.333333333333336,52,0.604845478824876
NHB female,44.416666666666664,53,0.6062190003815338
NHB female,44.5,54,0.607287294925601
NHB female,44.583333333333336,55,0.608813429988554
NHB female,44.666666666666664,56,0.609919877909195
NHB female,44.75,57,0.6107210988172453
NHB female,44.833333333333336,58,0.6117893933613124
NHB female,44.916666666666664,59,0.6126669210225105
NHB female,45.0,60,0.613887829072873
NHB female,45.083333333333336,61,0.6149561236169401
NHB female,45.166666666666664,62,0.6164059519267455
NHB female,45.25,63,0.6177413201068295
NHB female,45.333333333333336,64,0.6194582220526517
NHB female,45.416666666666664,65,0.6209080503624571
NHB female,45.5,66,0.623120946203739
NHB female,45.583333333333336,67,0.624456314383823
NHB female,45.666666666666664,68,0.6252193819152995
NHB female,45.75,69,0.6271652041205646
NHB female,45.833333333333336,70,0.628653185806944
NHB female,45.916666666666664,71,0.6305227012590614
NHB female,46.0,72,0.6315909958031286
NHB female,46.083333333333336,73,0.6327737504769172
NHB female,46.166666666666664,74,0.6342235787867226
NHB female,46.25,75,0.6357878672262495
NHB female,46.333333333333336,76,0.6374666157954979
NHB female,46.416666666666664,77,0.6393742846241892
NHB female,46.5,78,0.6407096528042732
NHB female,46.583333333333336,79,0.6423120946203739
NHB female,46.666666666666664,80,0.6434948492941626
NHB female,46.75,81,0.6452880579931324
NHB female,46.833333333333336,82,0.6463945059137733
NHB female,46.916666666666664,83,0.6476154139641358
NHB female,47.0,84,0.6490652422739412
NHB female,47.083333333333336,85,0.6504006104540252
NHB female,47.166666666666664,86,0.6521175123998474
NHB female,47.25,87,0.6540633346051126
NHB female,47.333333333333336,88,0.6557802365509348
NHB female,47.416666666666664,89,0.6571537581075925
NHB female,47.5,90,0.658145745898512
NHB female,47.583333333333336,91,0.6598626478443342
NHB female,47.666666666666664,92,0.6609309423884013
NHB female,47.75,93,0.6623426173216329
NHB female,47.833333333333336,94,0.6638305990080122
NHB female,47.916666666666664,95,0.6650515070583747
NHB female,48.0,96,0.6663105684853109
NHB female,48.083333333333336,97,0.6672644028996566
NHB female,48.166666666666664,98,0.6684853109500191
NHB female,48.25,99,0.6697062190003815
NHB female,48.333333333333336,100,0.6705074399084319
NHB female,48.416666666666664,101,0.6717283479587943
NHB female,48.5,102,0.6725295688668447
NHB female,48.583333333333336,103,0.6735978634109119
NHB female,48.666666666666664,104,0.6747043113315528
NHB female,48.75,105,0.6758107592521938
NHB female,48.833333333333336,106,0.6767645936665395
NHB female,48.916666666666664,107,0.6778328882106066
NHB female,49.0,108,0.6790537962609691
NHB female,49.083333333333336,109,0.6805417779473484
NHB female,49.166666666666664,110,0.6818771461274323
NHB female,49.25,111,0.6829835940480733
NHB female,49.333333333333336,112,0.6839755818389928
NHB female,49.416666666666664,113,0.6853109500190767
NHB female,49.5,114,0.6866463181991607
NHB female,49.583333333333336,115,0.6878672262495231
NHB female,49.666666666666664,116,0.6888592140404426
NHB female,49.75,117,0.6906524227394124
NHB female,49.833333333333336,118,0.6919877909194964
NHB female,49.916666666666664,119,0.6932468523464327
NHB female,50.0,120,0.6942006867607783
NHB female,50.083333333333336,121,0.695383441434567
NHB female,50.166666666666664,122,0.6964517359786341
NHB female,50.25,123,0.6978252575352919
NHB female,50.333333333333336,124,0.699122472338802
NHB female,50.416666666666664,125,0.7003433803891644
NHB female,50.5,126,0.701526135062953
NHB female,50.583333333333336,127,0.7027470431133155
NHB female,50.666666666666664,128,0.7042731781762686
NHB female,50.75,129,0.7054559328500573
NHB female,50.833333333333336,130,0.7065242273941243
NHB female,50.916666666666664,131,0.7076306753147653
NHB female,51.0,132,0.7085463563525372
NHB female,51.083333333333336,133,0.7098054177794735
NHB female,51.166666666666664,134,0.7111407859595574
NHB female,51.25,135,0.7123616940099199
NHB female,51.333333333333336,136,0.7132773750476917
NHB female,51.416666666666664,137,0.7146508966043494
NHB female,51.5,138,0.7155284242655475
NHB female,51.583333333333336,139,0.7166348721861885
NHB female,51.666666666666664,140,0.7177031667302556
NHB female,51.75,141,0.7190003815337658
NHB female,51.833333333333336,142,0.7205265165967188
NHB female,51.916666666666664,143,0.7219763449065242
NHB female,52.0,144,0.7229301793208699
NHB female,52.083333333333336,145,0.7238458603586417
NHB female,52.166666666666664,146,0.7248760015261351
NHB female,52.25,147,0.7256009156810378
NHB female,52.333333333333336,148,0.726211369706219
NHB female,52.416666666666664,149,0.7267455169782526
NHB female,52.5,150,0.7276611980160245
NHB female,52.583333333333336,151,0.7284624189240748
NHB female,52.666666666666664,152,0.7293399465852728
NHB female,52.75,153,0.729950400610454
NHB female,52.833333333333336,154,0.7305227012590614
NHB female,52.916666666666664,155,0.7315909958031286
NHB female,53.0,156,0.7322777565814574
NHB female,53.083333333333336,157,0.7334605112552461
NHB female,53.166666666666664,158,0.7344524990461656
NHB female,53.25,159,0.7358260206028233
NHB female,53.333333333333336,160,0.736550934757726
NHB female,53.416666666666664,161,0.7378099961846624
NHB female,53.5,162,0.7389545974818772
NHB female,53.583333333333336,163,0.7399847386493704
NHB female,53.666666666666664,164,0.7412819534528806
NHB female,53.75,165,0.7421976344906525
NHB female,53.833333333333336,166,0.7433040824112934
NHB female,53.916666666666664,167,0.7444486837085083
NHB female,54.0,168,0.7454406714994277
NHB female,54.083333333333336,169,0.7460892789011827
NHB female,54.166666666666664,170,0.7473864937046929
NHB female,54.25,171,0.7483784814956124
NHB female,54.333333333333336,172,0.7491033956505151
NHB female,54.416666666666664,173,0.7500953834414346
NHB female,54.5,174,0.75154521175124
NHB female,54.583333333333336,175,0.7522701259061427
NHB female,54.666666666666664,176,0.7532621136970622
NHB female,54.75,177,0.7542922548645555
NHB female,54.833333333333336,178,0.7550934757726059
NHB female,54.916666666666664,179,0.7560091568103777
NHB female,55.0,180,0.7570392979778711
NHB female,55.083333333333336,181,0.7578405188859214
NHB female,55.166666666666664,182,0.7587561999236933
NHB female,55.25,183,0.7599389545974818
NHB female,55.333333333333336,184,0.7608927890118276
NHB female,55.416666666666664,185,0.7619992369324685
NHB female,55.5,186,0.7625715375810759
NHB female,55.583333333333336,187,0.7637542922548646
NHB female,55.666666666666664,188,0.7643647462800458
NHB female,55.75,189,0.7652422739412438
NHB female,55.833333333333336,190,0.7661579549790156
NHB female,55.916666666666664,191,0.7670736360167875
NHB female,56.0,192,0.767836703548264
NHB female,56.08333333333333,193,0.7682945440671499
NHB female,56.16666666666667,194,0.7688286913391835
NHB female,56.25,195,0.7692483784814956
NHB female,56.33333333333333,196,0.7699351392598245
NHB female,56.41666666666667,197,0.7706219000381533
NHB female,56.5,198,0.7714231209462037
NHB female,56.58333333333333,199,0.771804654711942
NHB female,56.66666666666667,200,0.7723388019839755
NHB female,56.75,201,0.7728729492560091
NHB female,56.83333333333333,202,0.7732544830217474
NHB female,56.91666666666667,203,0.7737123235406334
NHB female,57.0,204,0.7744753910721098
NHB female,57.08333333333333,205,0.7752384586035864
NHB female,57.16666666666667,206,0.7759252193819153
NHB female,57.25,207,0.7768027470431134
NHB female,57.33333333333333,208,0.7777947348340328
NHB female,57.41666666666667,209,0.7788248760015262
NHB female,57.5,210,0.779511636779855
NHB female,57.58333333333333,211,0.7802365509347577
NHB female,57.66666666666667,212,0.7811522319725296
NHB female,57.75,213,0.7818771461274323
NHB female,57.83333333333333,214,0.7827928271652042
NHB female,57.91666666666667,215,0.7835940480732545
NHB female,58.0,216,0.7841281953452881
NHB female,58.08333333333333,217,0.7849294162533385
NHB female,58.16666666666667,218,0.7854254101487982
NHB female,58.25,219,0.7861884776802747
NHB female,58.33333333333333,220,0.7867989317054559
NHB female,58.41666666666667,221,0.7877146127432277
NHB female,58.5,222,0.788325066768409
NHB female,58.58333333333333,223,0.7891644410530332
NHB female,58.66666666666667,224,0.7901945822205265
NHB female,58.75,225,0.7908050362457077
NHB female,58.83333333333333,226,0.7916062571537581
NHB female,58.91666666666667,227,0.7923693246852347
NHB female,59.0,228,0.7931323922167112
NHB female,59.08333333333333,229,0.79381915299504
NHB female,59.16666666666667,230,0.7946585272796642
NHB female,59.25,231,0.7950400610454025
NHB female,59.33333333333333,232,0.7957649752003052
NHB female,59.41666666666667,233,0.7963754292254864
NHB female,59.5,234,0.7967951163677985
NHB female,59.58333333333333,235,0.7973292636398321
NHB female,59.66666666666667,236,0.7983212514307516
NHB female,59.75,237,0.7990843189622282
NHB female,59.83333333333333,238,0.7996947729874094
NHB female,59.91666666666667,239,0.8003815337657383
NHB female,60.0,240,0.801106447920641
NHB female,60.08333333333333,241,0.801755055322396
NHB female,60.16666666666667,242,0.8021365890881343
NHB female,60.25,243,0.8023273559710035
NHB female,60.33333333333333,244,0.8027470431133156
NHB female,60.41666666666667,245,0.8031285768790538
NHB female,60.5,246,0.8032430370087753
NHB female,60.58333333333333,247,0.8035864173979397
NHB female,60.66666666666667,248,0.8040442579168257
NHB female,60.75,249,0.8043494849294163
NHB female,60.83333333333333,250,0.8047310186951545
NHB female,60.91666666666667,251,0.8051507058374666
NHB female,61.0,252,0.805723006486074
NHB female,61.08333333333333,253,0.8065623807706982
NHB female,61.16666666666667,254,0.8073254483021748
NHB female,61.25,255,0.8077832888210607
NHB female,61.33333333333333,256,0.8084700495993895
NHB female,61.41666666666667,257,0.8091949637542922
NHB female,61.5,258,0.8098435711560473
NHB female,61.58333333333333,259,0.8104540251812286
NHB female,61.66666666666667,260,0.8110644792064098
NHB female,61.75,261,0.8117130866081648
NHB female,61.83333333333333,262,0.8121709271270507
NHB female,61.91666666666667,263,0.8127050743990843
NHB female,62.0,264,0.8133918351774132
NHB female,62.08333333333333,265,0.8138115223197253
NHB female,62.16666666666667,266,0.8145745898512018
NHB female,62.25,267,0.8149179702403663
NHB female,62.33333333333333,268,0.8158336512781381
NHB female,62.41666666666667,269,0.8166348721861885
NHB female,62.5,270,0.8171308660816482
NHB female,62.58333333333333,271,0.8179702403662724
NHB female,62.66666666666667,272,0.818504387638306
NHB female,62.75,273,0.8188859214040443
NHB female,62.83333333333333,274,0.8194963754292255
NHB female,62.91666666666667,275,0.8199160625715376
NHB female,63.0,276,0.8205265165967188
NHB female,63.08333333333333,277,0.8211751239984738
NHB female,63.16666666666667,278,0.8218618847768028
NHB female,63.25,279,0.8222815719191149
NHB female,63.33333333333333,280,0.8228538725677222
NHB female,63.41666666666667,281,0.8237314002289202
NHB female,63.5,282,0.8246470812666921
NHB female,63.58333333333333,283,0.8256772224341854
NHB female,63.66666666666667,284,0.8262495230827929
NHB female,63.75,285,0.8268981304845479
NHB female,63.83333333333333,286,0.8278519648988936
NHB female,63.91666666666667,287,0.8285005723006486
NHB female,64.0,288,0.8288821060663869
NHB female,64.08333333333333,289,0.829072872949256
NHB female,64.16666666666667,290,0.8293399465852728
NHB female,64.25,291,0.8296451735978634
NHB female,64.33333333333333,292,0.829950400610454
NHB female,64.41666666666667,293,0.8302174742464709
NHB female,64.5,294,0.8305227012590615
NHB female,64.58333333333333,295,0.8309042350247997
NHB female,64.66666666666667,296,0.8311331552842427
NHB female,64.75,297,0.8313620755436856
NHB female,64.83333333333333,298,0.8317054559328501
NHB female,64.91666666666667,299,0.8322396032048837
NHB female,65.0,300,0.8324685234643265
NHB female,65.08333333333333,301,0.8331171308660816
NHB female,65.16666666666667,302,0.8334986646318199
NHB female,65.25,303,0.8338420450209844
NHB female,65.33333333333333,304,0.834376192293018
NHB female,65.41666666666667,305,0.8348340328119038
NHB female,65.5,306,0.8352155665776422
NHB female,65.58333333333333,307,0.8355207935902328
NHB female,65.66666666666667,308,0.8360549408622663
NHB female,65.75,309,0.8364364746280046
NHB female,65.83333333333333,310,0.8371232354063335
NHB female,65.91666666666667,311,0.8374284624189241
NHB female,66.0,312,0.8378099961846623
NHB female,66.08333333333333,313,0.8384586035864174
NHB female,66.16666666666667,314,0.8389927508584509
NHB female,66.25,315,0.8399084318962228
NHB female,66.33333333333333,316,0.8405951926745517
NHB female,66.41666666666667,317,0.8410530331934376
NHB female,66.5,318,0.8415490270888973
NHB female,66.58333333333333,319,0.8419687142312094
NHB female,66.66666666666667,320,0.8424265547500954
NHB female,66.75,321,0.8429225486455552
NHB female,66.83333333333333,322,0.843380389164441
NHB female,66.91666666666667,323,0.8438763830599008
NHB female,67.0,324,0.8442960702022129
NHB female,67.08333333333333,325,0.8446394505913773
NHB female,67.16666666666667,326,0.8453643647462801
NHB female,67.25,327,0.8457840518885922
NHB female,67.33333333333333,328,0.8463945059137734
NHB female,67.41666666666667,329,0.8468904998092331
NHB female,67.5,330,0.8471194200686761
NHB female,67.58333333333333,331,0.8474628004578405
NHB female,67.66666666666667,332,0.8477680274704311
NHB female,67.75,333,0.8481495612361694
NHB female,67.83333333333333,334,0.8486455551316292
NHB female,67.91666666666667,335,0.8491033956505151
NHB female,68.0,336,0.8497520030522702
NHB female,68.08333333333333,337,0.8500190766882869
NHB female,68.16666666666667,338,0.8502861503243037
NHB female,68.25,339,0.8505913773368943
NHB female,68.33333333333333,340,0.8508202975963373
NHB female,68.41666666666667,341,0.8510873712323541
NHB female,68.5,342,0.851316291491797
NHB female,68.58333333333333,343,0.8515070583746661
NHB female,68.66666666666667,344,0.8515070583746661
NHB female,68.75,345,0.8517359786341091
NHB female,68.83333333333333,346,0.852003052270126
NHB female,68.91666666666667,347,0.8522701259061427
NHB female,69.0,348,0.8524990461655857
NHB female,69.08333333333333,349,0.8529568866844716
NHB female,69.16666666666667,350,0.853300267073636
NHB female,69.25,351,0.8536818008393743
NHB female,69.33333333333333,352,0.854406714994277
NHB female,69.41666666666667,353,0.8545974818771461
NHB female,69.5,354,0.8548264021365891
NHB female,69.58333333333333,355,0.8551697825257535
NHB female,69.66666666666667,356,0.855742083174361
NHB female,69.75,357,0.8561617703166731
NHB female,69.83333333333333,358,0.8563906905761159
NHB female,69.91666666666667,359,0.8565814574589852
NHB female,70.0,360,0.857039297977871
NHB female,70.08333333333333,361,0.8575352918733308
NHB female,70.16666666666667,362,0.8579549790156429
NHB female,70.25,363,0.8584891262876765
NHB female,70.33333333333333,364,0.8589088134299886
NHB female,70.41666666666667,365,0.8591758870660053
NHB female,70.5,366,0.8595955742083174
NHB female,70.58333333333333,367,0.8599389545974819
NHB female,70.66666666666667,368,0.8602060282334987
NHB female,70.75,369,0.8605112552460893
NHB female,70.83333333333333,370,0.8607401755055323
NHB female,70.91666666666667,371,0.8609309423884014
NHB female,71.0,372,0.8611980160244181
NHB female,71.08333333333333,373,0.8617321632964517
NHB female,71.16666666666667,374,0.8622663105684854
NHB female,71.25,375,0.862571537581076
NHB female,71.33333333333333,376,0.8631819916062572
NHB female,71.41666666666667,377,0.8636779855017169
NHB female,71.5,378,0.864097672644029
NHB female,71.58333333333333,379,0.8645173597863411
NHB female,71.66666666666667,380,0.8648225867989318
NHB female,71.75,381,0.86520412056467
NHB female,71.83333333333333,382,0.8655093475772606
NHB female,71.91666666666667,383,0.8659671880961465
NHB female,72.0,384,0.8663868752384586
NHB female,72.08333333333334,385,0.8664631819916062
NHB female,72.16666666666666,386,0.8666157954979016
NHB female,72.25,387,0.8669210225104922
NHB female,72.33333333333334,388,0.8670354826402137
NHB female,72.41666666666666,389,0.8671880961465089
NHB female,72.5,390,0.8672644028996567
NHB female,72.58333333333334,391,0.8673407096528043
NHB female,72.66666666666666,392,0.867378863029378
NHB female,72.75,393,0.8675314765356734
NHB female,72.83333333333334,394,0.8677222434185425
NHB female,72.91666666666666,395,0.8677985501716902
NHB female,73.0,396,0.8681037771842808
NHB female,73.08333333333334,397,0.8683326974437238
NHB female,73.16666666666666,398,0.8685234643265929
NHB female,73.25,399,0.8687523845860359
NHB female,73.33333333333334,400,0.8690957649752004
NHB female,73.41666666666666,401,0.8694772987409386
NHB female,73.5,402,0.8697443723769553
NHB female,73.58333333333334,403,0.8700114460129722
NHB female,73.66666666666666,404,0.870278519648989
NHB female,73.75,405,0.8704692865318581
NHB female,73.83333333333334,406,0.8707363601678748
NHB female,73.91666666666666,407,0.870927127050744
NHB female,74.0,408,0.8711178939336132
NHB female,74.08333333333334,409,0.8714612743227775
NHB female,74.16666666666666,410,0.8717665013353681
NHB female,74.25,411,0.8718809614650896
NHB female,74.33333333333334,412,0.8722243418542541
NHB female,74.41666666666666,413,0.8726058756199924
NHB female,74.5,414,0.8727203357497139
NHB female,74.58333333333334,415,0.8729874093857306
NHB female,74.66666666666666,416,0.8733307897748951
NHB female,74.75,417,0.8734452499046166
NHB female,74.83333333333334,418,0.873788630293781
NHB female,74.91666666666666,419,0.8741701640595193
NHB female,75.0,420,0.8745898512018314
NHB female,75.08333333333334,421,0.8749332315909958
NHB female,75.16666666666666,422,0.8752384586035864
NHB female,75.25,423,0.8754292254864555
NHB female,75.33333333333334,424,0.8756199923693246
NHB female,75.41666666666666,425,0.876001526135063
NHB female,75.5,426,0.8763067531476536
NHB female,75.58333333333334,427,0.876650133536818
NHB female,75.66666666666666,428,0.8769553605494086
NHB female,75.75,429,0.8773750476917207
NHB female,75.83333333333334,430,0.8776421213277376
NHB female,75.91666666666666,431,0.8777565814574589
NHB female,76.0,432,0.8779473483403282
NHB female,76.08333333333334,433,0.8780999618466234
NHB female,76.16666666666666,434,0.8782144219763449
NHB female,76.25,435,0.8783670354826402
NHB female,76.33333333333334,436,0.8785578023655094
NHB female,76.41666666666666,437,0.878634109118657
NHB female,76.5,438,0.8788630293781
NHB female,76.58333333333334,439,0.8789393361312476
NHB female,76.66666666666666,440,0.8789774895078214
NHB female,76.75,441,0.8790537962609691
NHB female,76.83333333333334,442,0.8791301030141168
NHB female,76.91666666666666,443,0.8793208698969859
NHB female,77.0,444,0.8795879435330026
NHB female,77.08333333333334,445,0.879740557039298
NHB female,77.16666666666666,446,0.8800076306753147
NHB female,77.25,447,0.8803128576879053
NHB female,77.33333333333334,448,0.8804273178176268
NHB female,77.41666666666666,449,0.8806943914536437
NHB female,77.5,450,0.8808088515833651
NHB female,77.58333333333334,451,0.8809996184662343
NHB female,77.66666666666666,452,0.8812285387256772
NHB female,77.75,453,0.8815337657382678
NHB female,77.83333333333334,454,0.8816863792445632
NHB female,77.91666666666666,455,0.8819916062571538
NHB female,78.0,456,0.8821823731400229
NHB female,78.08333333333334,457,0.8824112933994659
NHB female,78.16666666666666,458,0.882602060282335
NHB female,78.25,459,0.8828691339183518
NHB female,78.33333333333334,460,0.8830980541777947
NHB female,78.41666666666666,461,0.8833651278138115
NHB female,78.5,462,0.883708508202976
NHB female,78.58333333333334,463,0.8838992750858451
NHB female,78.66666666666666,464,0.8840900419687142
NHB female,78.75,465,0.8843189622281572
NHB female,78.83333333333334,466,0.8843952689813048
NHB female,78.91666666666666,467,0.8844715757344525
NHB female,79.0,468,0.884586035864174
NHB female,79.08333333333334,469,0.8847768027470431
NHB female,79.16666666666666,470,0.8850438763830599
NHB female,79.25,471,0.8851583365127814
NHB female,79.33333333333334,472,0.885463563525372
NHB female,79.41666666666666,473,0.8856924837848149
NHB female,79.5,474,0.8858069439145364
NHB female,79.58333333333334,475,0.886112170927127
NHB female,79.66666666666666,476,0.8862647844334224
NHB female,79.75,477,0.8864173979397176
NHB female,79.83333333333334,478,0.8866081648225868
NHB female,79.91666666666666,479,0.8869515452117512
NHB female,80.0,480,0.8870660053414727
NHB female,80.08333333333334,481,0.8871041587180466
NHB female,80.16666666666666,482,0.8873330789774895
NHB female,80.25,483,0.8873712323540633
NHB female,80.33333333333334,484,0.8874093857306372
NHB female,80.41666666666666,485,0.887447539107211
NHB female,80.5,486,0.8876001526135063
NHB female,80.58333333333334,487,0.8876001526135063
NHB female,80.66666666666666,488,0.8876383059900801
NHB female,80.75,489,0.8876383059900801
NHB female,80.83333333333334,490,0.8877527661198016
NHB female,80.91666666666666,491,0.8877527661198016
NHB female,81.0,492,0.8878290728729492
NHB female,81.08333333333334,493,0.887905379626097
NHB female,81.16666666666666,494,0.8880961465089661
NHB female,81.25,495,0.8882487600152613
NHB female,81.33333333333334,496,0.888325066768409
NHB female,81.41666666666666,497,0.8885921404044258
NHB female,81.5,498,0.8887829072872949
NHB female,81.58333333333334,499,0.888973674170164
NHB female,81.66666666666666,500,0.8893933613124761
NHB female,81.75,501,0.8895078214421976
NHB female,81.83333333333334,502,0.8895841281953453
NHB female,81.91666666666666,503,0.8896985883250668
NHB female,82.0,504,0.8897748950782144
NHB female,82.08333333333334,505,0.8899656619610835
NHB female,82.16666666666666,506,0.8900419687142312
NHB female,82.25,507,0.8901945822205265
NHB female,82.33333333333334,508,0.8903471957268219
NHB female,82.41666666666666,509,0.8906142693628386
NHB female,82.5,510,0.890766882869134
NHB female,82.58333333333334,511,0.8908813429988554
NHB female,82.66666666666666,512,0.8910339565051507
NHB female,82.75,513,0.8910339565051507
NHB female,82.83333333333334,514,0.891186570011446
NHB female,82.91666666666666,515,0.8913391835177413
NHB female,83.0,516,0.8914917970240366
NHB female,83.08333333333334,517,0.8916062571537581
NHB female,83.16666666666666,518,0.8917970240366272
NHB female,83.25,519,0.8918733307897749
NHB female,83.33333333333334,520,0.8919496375429226
NHB female,83.41666666666666,521,0.8921785578023655
NHB female,83.5,522,0.8923693246852347
NHB female,83.58333333333334,523,0.8924074780618084
NHB female,83.66666666666666,524,0.8924456314383823
NHB female,83.75,525,0.8925982449446777
NHB female,83.83333333333334,526,0.8927890118275468
NHB female,83.91666666666666,527,0.8928271652041205
NHB female,84.0,528,0.8928653185806944
NHB female,84.08333333333334,529,0.8928653185806944
NHB female,84.16666666666666,530,0.8928653185806944
NHB female,84.25,531,0.8929034719572683
NHB female,84.33333333333334,532,0.892941625333842
NHB female,84.41666666666666,533,0.892941625333842
NHB female,84.5,534,0.8929797787104159
NHB female,84.58333333333334,535,0.8930179320869897
NHB female,84.66666666666666,536,0.8930560854635635
NHB female,84.75,537,0.8930560854635635
NHB female,84.83333333333334,538,0.8930560854635635
NHB female,84.91666666666666,539,0.8930942388401374
NHB female,85.0,540,0.8930942388401374
NHB female,85.08333333333334,541,0.893170545593285
NHB female,85.16666666666666,542,0.8932468523464326
NHB female,85.25,543,0.8933231590995803
NHB female,85.33333333333334,544,0.8934757726058756
NHB female,85.41666666666666,545,0.8936283861121709
NHB female,85.5,546,0.8936665394887447
NHB female,85.58333333333334,547,0.8938191529950401
NHB female,85.66666666666666,548,0.8939336131247615
NHB female,85.75,549,0.8940862266310569
NHB female,85.83333333333334,550,0.8941625333842045
NHB female,85.91666666666666,551,0.8942388401373521
NHB female,86.0,552,0.8943533002670736
NHB female,86.08333333333334,553,0.894505913773369
NHB female,86.16666666666666,554,0.8945440671499427
NHB female,86.25,555,0.8946203739030905
NHB female,86.33333333333334,556,0.894734834032812
NHB female,86.41666666666666,557,0.8948874475391072
NHB female,86.5,558,0.8949637542922548
NHB female,86.58333333333334,559,0.8951163677985502
NHB female,86.66666666666666,560,0.8952689813048454
NHB female,86.75,561,0.8953452880579932
NHB female,86.83333333333334,562,0.8954597481877146
NHB female,86.91666666666666,563,0.8956123616940099
NHB female,87.0,564,0.8958794353300267
NHB female,87.08333333333334,565,0.896032048836322
NHB female,87.16666666666666,566,0.8961846623426173
NHB female,87.25,567,0.896260969095765
NHB female,87.33333333333334,568,0.896260969095765
NHB female,87.41666666666666,569,0.8962991224723388
NHB female,87.5,570,0.8962991224723388
NHB female,87.58333333333334,571,0.8964135826020603
NHB female,87.66666666666666,572,0.8964898893552079
NHB female,87.75,573,0.8965661961083556
NHB female,87.83333333333334,574,0.8967569629912248
NHB female,87.91666666666666,575,0.8967569629912248
NHB female,88.0,576,0.8967951163677985
NHB female,88.08333333333334,577,0.8968332697443724
NHB female,88.16666666666666,578,0.8968714231209463
NHB female,88.25,579,0.8968714231209463
NHB female,88.33333333333334,580,0.8968714231209463
NHB female,88.41666666666666,581,0.8968714231209463
NHB female,88.5,582,0.8968714231209463
NHB female,88.58333333333334,583,0.89690957649752
NHB female,88.66666666666666,584,0.89690957649752
NHB female,88.75,585,0.8969477298740939
NHB female,88.83333333333334,586,0.8970240366272415
NHB female,88.91666666666666,587,0.8970621900038154
NHB female,89.0,588,0.8970621900038154
NHB female,89.08333333333334,589,0.8971003433803891
NHB female,89.16666666666666,590,0.8971766501335369
NHB female,89.25,591,0.8972529568866845
NHB female,89.33333333333334,592,0.897367417016406
NHB female,89.41666666666666,593,0.8974818771461275
NHB female,89.5,594,0.8975200305227012
NHB female,89.58333333333334,595,0.8975200305227012
NHB female,89.66666666666666,596,0.8975581838992751
NHB female,89.75,597,0.8975581838992751
NHB female,89.83333333333334,598,0.8975581838992751
NHB female,89.91666666666666,599,0.8976344906524227
NHB female,90.0,600,0.8977107974055704
NHB female,90.08333333333334,601,0.8978252575352919
NHB female,90.16666666666666,602,0.8979397176650133
NHB female,90.25,603,0.8980923311713087
NHB female,90.33333333333334,604,0.8981686379244563
NHB female,90.41666666666666,605,0.898244944677604
NHB female,90.5,606,0.898244944677604
NHB female,90.58333333333334,607,0.8982830980541778
NHB female,90.66666666666666,608,0.8983212514307516
NHB female,90.75,609,0.8984357115604731
NHB female,90.83333333333334,610,0.898473864937047
NHB female,90.91666666666666,611,0.898473864937047
NHB female,91.0,612,0.8985120183136207
NHB female,91.08333333333334,613,0.8985120183136207
NHB female,91.16666666666666,614,0.8986646318199161
NHB female,91.25,615,0.8987409385730637
NHB female,91.33333333333334,616,0.8987790919496376
NHB female,91.41666666666666,617,0.8987790919496376
NHB female,91.5,618,0.8987790919496376
NHB female,91.58333333333334,619,0.8988553987027852
NHB female,91.66666666666666,620,0.8988553987027852
NHB female,91.75,621,0.8988553987027852
NHB female,91.83333333333334,622,0.8988935520793591
NHB female,91.91666666666666,623,0.8989317054559328
NHB female,92.0,624,0.8989317054559328
NHB female,92.08333333333334,625,0.8989698588325067
NHB female,92.16666666666666,626,0.8989698588325067
NHB female,92.25,627,0.8989698588325067
NHB female,92.33333333333334,628,0.8989698588325067
NHB female,92.41666666666666,629,0.8989698588325067
NHB female,92.5,630,0.8989698588325067
NHB female,92.58333333333334,631,0.8989698588325067
NHB female,92.66666666666666,632,0.8989698588325067
NHB female,92.75,633,0.8989698588325067
NHB female,92.83333333333334,634,0.8989698588325067
NHB female,92.91666666666666,635,0.8989698588325067
NHB female,93.0,636,0.8989698588325067
NHB female,93.08333333333334,637,0.8989698588325067
NHB female,93.16666666666666,638,0.8990080122090806
NHB female,93.25,639,0.8990461655856543
NHB female,93.33333333333334,640,0.8991224723388019
NHB female,93.41666666666666,641,0.8991606257153758
NHB female,93.5,642,0.8991606257153758
NHB female,93.58333333333334,643,0.8992369324685234
NHB female,93.66666666666666,644,0.8992369324685234
NHB female,93.75,645,0.8992369324685234
NHB female,93.83333333333334,646,0.8992369324685234
NHB female,93.91666666666666,647,0.8992369324685234
NHB female,94.0,648,0.8992750858450973
NHB female,94.08333333333334,649,0.8992750858450973
NHB female,94.16666666666666,650,0.8993132392216712
NHB female,94.25,651,0.8993895459748188
NHB female,94.33333333333334,652,0.8993895459748188
NHB female,94.41666666666666,653,0.8994658527279664
NHB female,94.5,654,0.8994658527279664
NHB female,94.58333333333334,655,0.8994658527279664
NHB female,94.66666666666666,656,0.8994658527279664
NHB female,94.75,657,0.899542159481114
NHB female,94.83333333333334,658,0.899542159481114
NHB female,94.91666666666666,659,0.899542159481114
NHB female,95.0,660,0.8995803128576879
NHB female,95.08333333333334,661,0.8995803128576879
NHB female,95.16666666666666,662,0.8996184662342618
NHB female,95.25,663,0.8996184662342618
NHB female,95.33333333333334,664,0.8996566196108355
NHB female,95.41666666666666,665,0.8996566196108355
NHB female,95.5,666,0.8996566196108355
NHB female,95.58333333333334,667,0.8996566196108355
NHB female,95.66666666666666,668,0.8996566196108355
NHB female,95.75,669,0.8996566196108355
NHB female,95.83333333333334,670,0.8996566196108355
NHB female,95.91666666666666,671,0.8996947729874094
NHB female,96.0,672,0.8997329263639832
NHB female,96.08333333333334,673,0.8997329263639832
NHB female,96.16666666666666,674,0.8997329263639832
NHB female,96.25,675,0.8997329263639832
NHB female,96.33333333333334,676,0.899771079740557
NHB female,96.41666666666666,677,0.899771079740557
NHB female,96.5,678,0.899771079740557
NHB female,96.58333333333334,679,0.899771079740557
NHB female,96.66666666666666,680,0.899771079740557
NHB female,96.75,681,0.899771079740557
NHB female,96.83333333333334,682,0.899771079740557
NHB female,96.91666666666666,683,0.899771079740557
NHB female,97.0,684,0.899771079740557
NHB female,97.08333333333334,685,0.899771079740557
NHB female,97.16666666666666,686,0.8998092331171309
NHB female,97.25,687,0.8998473864937047
NHB female,97.33333333333334,688,0.8998473864937047
NHB female,97.41666666666666,689,0.8998473864937047
NHB female,97.5,690,0.8998473864937047
NHB female,97.58333333333334,691,0.8998473864937047
NHB female,97.66666666666666,692,0.8998473864937047
NHB female,97.75,693,0.8998473864937047
NHB female,97.83333333333334,694,0.8998855398702785
NHB female,97.91666666666666,695,0.8998855398702785
NHB female,98.0,696,0.8998855398702785
NHB female,98.08333333333334,697,0.8998855398702785
NHB female,98.16666666666666,698,0.8998855398702785
NHB female,98.25,699,0.8998855398702785
NHB female,98.33333333333334,700,0.8998855398702785
NHB female,98.41666666666666,701,0.8998855398702785
NHB female,98.5,702,0.8999236932468524
NHB female,98.58333333333334,703,0.8999236932468524
NHB female,98.66666666666666,704,0.8999618466234262
NHB female,98.75,705,0.8999618466234262
NHB female,98.83333333333334,706,0.9
NHB female,98.91666666666666,707,0.9
NHB female,99.0,708,0.9
NHB female,99.08333333333334,709,0.9
NHB female,99.16666666666666,710,0.9
NHB female,99.25,711,0.9
NHB female,99.33333333333334,712,0.9
NHB female,99.41666666666666,713,0.9
NHB female,99.5,714,0.9
NHB female,99.58333333333334,715,0.9000381533765738
NHB female,99.66666666666666,716,0.9000381533765738
NHB female,99.75,717,0.9000381533765738
NHB female,99.83333333333334,718,0.9000763067531476
NHB female,99.91666666666666,719,0.9000763067531476
NHB female,100.0,720,0.9000763067531476
NHB female,100.08333333333334,721,0.9000763067531476
NHB female,100.16666666666666,722,0.9000763067531476
NHB female,100.25,723,0.9000763067531476
NHB female,100.33333333333334,724,0.9000763067531476
NHB female,100.41666666666666,725,0.9000763067531476
NHB male,40.0,0,0.633753678015973
NHB male,40.083333333333336,1,0.644514501891551
NHB male,40.166666666666664,2,0.6446826397646069
NHB male,40.25,3,0.644808743169399
NHB male,40.333333333333336,4,0.6448507776376629
NHB male,40.416666666666664,5,0.6448928121059269
NHB male,40.5,6,0.6451029844472468
NHB male,40.583333333333336,7,0.6453131567885666
NHB male,40.666666666666664,8,0.6456494325346784
NHB male,40.75,9,0.6457335014712063
NHB male,40.833333333333336,10,0.6459016393442623
NHB male,40.916666666666664,11,0.6462379150903741
NHB male,41.0,12,0.64640605296343
NHB male,41.083333333333336,13,0.6654056326187474
NHB male,41.166666666666664,14,0.6667507356031946
NHB male,41.25,15,0.6681378730559059
NHB male,41.333333333333336,16,0.6698612862547288
NHB male,41.416666666666664,17,0.6715846994535519
NHB male,41.5,18,0.6734342160571669
NHB male,41.583333333333336,19,0.6754518705338377
NHB male,41.666666666666664,20,0.6767969735182849
NHB male,41.75,21,0.6788146279949558
NHB male,41.833333333333336,22,0.6801597309794031
NHB male,41.916666666666664,23,0.6815889029003783
NHB male,42.0,24,0.6833963850357293
NHB male,42.083333333333336,25,0.6852879361076082
NHB male,42.166666666666664,26,0.6867171080285834
NHB male,42.25,27,0.6882723833543506
NHB male,42.333333333333336,28,0.6899537620849097
NHB male,42.416666666666664,29,0.6914670029424128
NHB male,42.5,30,0.6933165195460277
NHB male,42.583333333333336,31,0.6947036569987389
NHB male,42.666666666666664,32,0.6969314838167298
NHB male,42.75,33,0.6981504833963851
NHB male,42.833333333333336,34,0.6999579655317361
NHB male,42.916666666666664,35,0.7014291719209752
NHB male,43.0,36,0.7032786885245902
NHB male,43.083333333333336,37,0.7052122740647331
NHB male,43.166666666666664,38,0.7073139974779319
NHB male,43.25,39,0.7087011349306431
NHB male,43.333333333333336,40,0.7103825136612022
NHB male,43.416666666666664,41,0.7121899957965532
NHB male,43.5,42,0.7136191677175284
NHB male,43.583333333333336,43,0.7149222362337116
NHB male,43.666666666666664,44,0.7165615804960067
NHB male,43.75,45,0.7180327868852459
NHB male,43.833333333333336,46,0.7194619588062211
NHB male,43.916666666666664,47,0.7207229928541404
NHB male,44.0,48,0.7221521647751156
NHB male,44.083333333333336,49,0.723245060949979
NHB male,44.166666666666664,50,0.7245901639344262
NHB male,44.25,51,0.7253888188314418
NHB male,44.333333333333336,52,0.7265657839428331
NHB male,44.416666666666664,53,0.7274485077763766
NHB male,44.5,54,0.7281210592686003
NHB male,44.583333333333336,55,0.7291298865069357
NHB male,44.666666666666664,56,0.730348886086591
NHB male,44.75,57,0.7313577133249265
NHB male,44.833333333333336,58,0.732198402690206
NHB male,44.916666666666664,59,0.7334174022698613
NHB male,45.0,60,0.7341319882303489
NHB male,45.083333333333336,61,0.7351828499369483
NHB male,45.166666666666664,62,0.7365699873896595
NHB male,45.25,63,0.7383774695250105
NHB male,45.333333333333336,64,0.7394703656998739
NHB male,45.416666666666664,65,0.7406052963430012
NHB male,45.5,66,0.7419924337957124
NHB male,45.583333333333336,67,0.7430853299705759
NHB male,45.666666666666664,68,0.7441782261454393
NHB male,45.75,69,0.7451870533837747
NHB male,45.833333333333336,70,0.7463219840269021
NHB male,45.916666666666664,71,0.7473728457335015
NHB male,46.0,72,0.7489701555275325
NHB male,46.083333333333336,73,0.749936948297604
NHB male,46.166666666666664,74,0.7513240857503153
NHB male,46.25,75,0.7525430853299706
NHB male,46.333333333333336,76,0.7539302227826818
NHB male,46.416666666666664,77,0.7554854981084489
NHB male,46.5,78,0.7563682219419924
NHB male,46.583333333333336,79,0.7575451870533838
NHB male,46.666666666666664,80,0.7581336696090795
NHB male,46.75,81,0.758890290037831
NHB male,46.833333333333336,82,0.7598991172761664
NHB male,46.916666666666664,83,0.7615384615384615
NHB male,47.0,84,0.7625893232450609
NHB male,47.083333333333336,85,0.7635981504833964
NHB male,47.166666666666664,86,0.7651113913408996
NHB male,47.25,87,0.766162253047499
NHB male,47.333333333333336,88,0.7676754939050021
NHB male,47.416666666666664,89,0.7692728036990332
NHB male,47.5,90,0.7703236654056326
NHB male,47.583333333333336,91,0.7712484237074401
NHB male,47.666666666666664,92,0.7722992854140395
NHB male,47.75,93,0.7734342160571669
NHB male,47.833333333333336,94,0.7746111811685582
NHB male,47.916666666666664,95,0.7758301807482135
NHB male,48.0,96,0.7773013871374527
NHB male,48.083333333333336,97,0.7781000420344683
NHB male,48.166666666666664,98,0.7788146279949558
NHB male,48.25,99,0.7793190416141236
NHB male,48.333333333333336,100,0.7801597309794032
NHB male,48.416666666666664,101,0.7807482135350988
NHB male,48.5,102,0.7813366960907945
NHB male,48.583333333333336,103,0.782219419924338
NHB male,48.666666666666664,104,0.7828499369482976
NHB male,48.75,105,0.7835224884405212
NHB male,48.833333333333336,106,0.7842791088692728
NHB male,48.916666666666664,107,0.7849516603614964
NHB male,49.0,108,0.7855401429171921
NHB male,49.083333333333336,109,0.7866750735603195
NHB male,49.166666666666664,110,0.7881462799495587
NHB male,49.25,111,0.789281210592686
NHB male,49.333333333333336,112,0.7902900378310215
NHB male,49.416666666666664,113,0.7912988650693569
NHB male,49.5,114,0.7920554854981084
NHB male,49.583333333333336,115,0.7929382093316519
NHB male,49.666666666666664,116,0.7937788986969315
NHB male,49.75,117,0.7949138293400588
NHB male,49.833333333333336,118,0.7958385876418663
NHB male,49.916666666666664,119,0.7967213114754098
NHB male,50.0,120,0.7980243799915931
NHB male,50.083333333333336,121,0.7991593106347205
NHB male,50.166666666666664,122,0.8000420344682639
NHB male,50.25,123,0.8009667927700714
NHB male,50.333333333333336,124,0.8016393442622951
NHB male,50.416666666666664,125,0.8024379991593107
NHB male,50.5,126,0.8031525851197983
NHB male,50.583333333333336,127,0.8043295502311896
NHB male,50.666666666666664,128,0.8056326187473728
NHB male,50.75,129,0.8065153425809164
NHB male,50.833333333333336,130,0.8075241698192518
NHB male,50.916666666666664,131,0.8085750315258512
NHB male,51.0,132,0.8096258932324506
NHB male,51.083333333333336,133,0.8104665825977302
NHB male,51.166666666666664,134,0.8110550651534258
NHB male,51.25,135,0.8123581336696091
NHB male,51.333333333333336,136,0.8131147540983606
NHB male,51.416666666666664,137,0.8140395124001681
NHB male,51.5,138,0.8149642707019756
NHB male,51.583333333333336,139,0.8157629255989912
NHB male,51.666666666666664,140,0.8166036149642707
NHB male,51.75,141,0.8173602353930223
NHB male,51.833333333333336,142,0.8182429592265658
NHB male,51.916666666666664,143,0.8188734762505254
NHB male,52.0,144,0.8198402690205969
NHB male,52.083333333333336,145,0.8205968894493485
NHB male,52.166666666666664,146,0.8208490962589323
NHB male,52.25,147,0.821437578814628
NHB male,52.333333333333336,148,0.8220260613703236
NHB male,52.416666666666664,149,0.8226986128625473
NHB male,52.5,150,0.823160992013451
NHB male,52.583333333333336,151,0.8234972677595629
NHB male,52.666666666666664,152,0.8240437158469945
NHB male,52.75,153,0.8245901639344262
NHB male,52.833333333333336,154,0.8252206809583859
NHB male,52.916666666666664,155,0.8255989911727617
NHB male,53.0,156,0.8259352669188734
NHB male,53.083333333333336,157,0.8265237494745692
NHB male,53.166666666666664,158,0.8272803699033208
NHB male,53.25,159,0.8277847835224884
NHB male,53.333333333333336,160,0.8284153005464481
NHB male,53.416666666666664,161,0.8290878520386717
NHB male,53.5,162,0.8298444724674233
NHB male,53.583333333333336,163,0.8305170239596469
NHB male,53.666666666666664,164,0.8314838167297184
NHB male,53.75,165,0.832072299285414
NHB male,53.833333333333336,166,0.8323665405632619
NHB male,53.916666666666664,167,0.8332492643968054
NHB male,54.0,168,0.833921815889029
NHB male,54.083333333333336,169,0.8347204707860446
NHB male,54.166666666666664,170,0.8356031946195881
NHB male,54.25,171,0.8364859184531316
NHB male,54.333333333333336,172,0.8373266078184111
NHB male,54.416666666666664,173,0.8380411937788987
NHB male,54.5,174,0.8388818831441782
NHB male,54.583333333333336,175,0.8395124001681379
NHB male,54.666666666666664,176,0.8398907103825136
NHB male,54.75,177,0.8405632618747373
NHB male,54.833333333333336,178,0.8411097099621689
NHB male,54.916666666666664,179,0.8419503993274485
NHB male,55.0,180,0.842791088692728
NHB male,55.083333333333336,181,0.8432534678436318
NHB male,55.166666666666664,182,0.8439680538041193
NHB male,55.25,183,0.8445565363598151
NHB male,55.333333333333336,184,0.8454392601933586
NHB male,55.416666666666664,185,0.8458596048759983
NHB male,55.5,186,0.8462799495586381
NHB male,55.583333333333336,187,0.8470786044556536
NHB male,55.666666666666664,188,0.8474989491382934
NHB male,55.75,189,0.8480453972257251
NHB male,55.833333333333336,190,0.8483816729718369
NHB male,55.916666666666664,191,0.8489701555275325
NHB male,56.0,192,0.849936948297604
NHB male,56.08333333333333,193,0.8502311895754519
NHB male,56.16666666666667,194,0.8506094997898277
NHB male,56.25,195,0.8509878100042034
NHB male,56.33333333333333,196,0.8514501891551072
NHB male,56.41666666666667,197,0.8518705338377469
NHB male,56.5,198,0.8521647751155947
NHB male,56.58333333333333,199,0.8526271542664985
NHB male,56.66666666666667,200,0.8529634300126103
NHB male,56.75,201,0.8535098781000421
NHB male,56.83333333333333,202,0.8538041193778899
NHB male,56.91666666666667,203,0.8540563261874737
NHB male,57.0,204,0.8545607398066415
NHB male,57.08333333333333,205,0.8550231189575452
NHB male,57.16666666666667,206,0.8556116015132409
NHB male,57.25,207,0.8560319461958806
NHB male,57.33333333333333,208,0.8565363598150484
NHB male,57.41666666666667,209,0.857208911307272
NHB male,57.5,210,0.8577133249264397
NHB male,57.58333333333333,211,0.8580916351408154
NHB male,57.66666666666667,212,0.8588062211013031
NHB male,57.75,213,0.8593947036569988
NHB male,57.83333333333333,214,0.8596469104665826
NHB male,57.91666666666667,215,0.8601513240857503
NHB male,58.0,216,0.860739806641446
NHB male,58.08333333333333,217,0.8611601513240857
NHB male,58.16666666666667,218,0.8618327028163094
NHB male,58.25,219,0.8623791509037411
NHB male,58.33333333333333,220,0.8630517023959647
NHB male,58.41666666666667,221,0.8635140815468685
NHB male,58.5,222,0.8641025641025641
NHB male,58.58333333333333,223,0.864354770912148
NHB male,58.66666666666667,224,0.8647330811265237
NHB male,58.75,225,0.8652795292139555
NHB male,58.83333333333333,226,0.865952080706179
NHB male,58.91666666666667,227,0.866204287515763
NHB male,59.0,228,0.8665825977301387
NHB male,59.08333333333333,229,0.8667927700714586
NHB male,59.16666666666667,230,0.8671290458175704
NHB male,59.25,231,0.8674653215636822
NHB male,59.33333333333333,232,0.8677595628415301
NHB male,59.41666666666667,233,0.8680958385876418
NHB male,59.5,234,0.8684741488020177
NHB male,59.58333333333333,235,0.8689365279529214
NHB male,59.66666666666667,236,0.8694409415720891
NHB male,59.75,237,0.8699453551912568
NHB male,59.83333333333333,238,0.8702816309373687
NHB male,59.91666666666667,239,0.8709121479613283
NHB male,60.0,240,0.871416561580496
NHB male,60.08333333333333,241,0.8717948717948718
NHB male,60.16666666666667,242,0.8719630096679277
NHB male,60.25,243,0.8723833543505675
NHB male,60.33333333333333,244,0.8726775956284153
NHB male,60.41666666666667,245,0.8728036990332072
NHB male,60.5,246,0.8730559058427911
NHB male,60.58333333333333,247,0.873308112652375
NHB male,60.66666666666667,248,0.8734762505254309
NHB male,60.75,249,0.8738545607398066
NHB male,60.83333333333333,250,0.8741067675493905
NHB male,60.91666666666667,251,0.8742749054224465
NHB male,61.0,252,0.8744430432955023
NHB male,61.08333333333333,253,0.8746952501050862
NHB male,61.16666666666667,254,0.8750735603194619
NHB male,61.25,255,0.8754518705338378
NHB male,61.33333333333333,256,0.8759142496847415
NHB male,61.41666666666667,257,0.8763766288356453
NHB male,61.5,258,0.8768810424548129
NHB male,61.58333333333333,259,0.8773434216057167
NHB male,61.66666666666667,260,0.8778478352248844
NHB male,61.75,261,0.8782681799075241
NHB male,61.83333333333333,262,0.8787305590584279
NHB male,61.91666666666667,263,0.8789827658680117
NHB male,62.0,264,0.8794031105506516
NHB male,62.08333333333333,265,0.8796553173602354
NHB male,62.16666666666667,266,0.8801597309794031
NHB male,62.25,267,0.8803278688524591
NHB male,62.33333333333333,268,0.8807061790668348
NHB male,62.41666666666667,269,0.8810844892812106
NHB male,62.5,270,0.8813787305590585
NHB male,62.58333333333333,271,0.8817150063051702
NHB male,62.66666666666667,272,0.8822194199243379
NHB male,62.75,273,0.8825977301387138
NHB male,62.83333333333333,274,0.8830601092896175
NHB male,62.91666666666667,275,0.8833543505674654
NHB male,63.0,276,0.8835645229087852
NHB male,63.08333333333333,277,0.8841109709962169
NHB male,63.16666666666667,278,0.8844472467423287
NHB male,63.25,279,0.8848255569567045
NHB male,63.33333333333333,280,0.8853299705758723
NHB male,63.41666666666667,281,0.885708280790248
NHB male,63.5,282,0.8860865910046238
NHB male,63.58333333333333,283,0.8866330390920555
NHB male,63.66666666666667,284,0.8868852459016393
NHB male,63.75,285,0.8872215216477511
NHB male,63.83333333333333,286,0.8876418663303909
NHB male,63.91666666666667,287,0.8879781420765027
NHB male,64.0,288,0.8881883144178226
NHB male,64.08333333333333,289,0.8884405212274065
NHB male,64.16666666666667,290,0.8886506935687264
NHB male,64.25,291,0.8889029003783102
NHB male,64.33333333333333,292,0.8890710382513661
NHB male,64.41666666666667,293,0.8892812105926861
NHB male,64.5,294,0.8896174863387978
NHB male,64.58333333333333,295,0.8896174863387978
NHB male,64.66666666666667,296,0.8898696931483817
NHB male,64.75,297,0.8900378310214376
NHB male,64.83333333333333,298,0.8901218999579655
NHB male,64.91666666666667,299,0.8905002101723413
NHB male,65.0,300,0.8905842791088693
NHB male,65.08333333333333,301,0.8906263135771333
NHB male,65.16666666666667,302,0.8907524169819252
NHB male,65.25,303,0.891004623791509
NHB male,65.33333333333333,304,0.8912988650693568
NHB male,65.41666666666667,305,0.8915090374106768
NHB male,65.5,306,0.8917192097519966
NHB male,65.58333333333333,307,0.8919714165615805
NHB male,65.66666666666667,308,0.8924758301807482
NHB male,65.75,309,0.8925598991172762
NHB male,65.83333333333333,310,0.8927280369903321
NHB male,65.91666666666667,311,0.89281210592686
NHB male,66.0,312,0.8930222782681799
NHB male,66.08333333333333,313,0.8932744850777637
NHB male,66.16666666666667,314,0.8935687263556116
NHB male,66.25,315,0.8937368642286675
NHB male,66.33333333333333,316,0.8940731399747793
NHB male,66.41666666666667,317,0.8942833123160993
NHB male,66.5,318,0.8945355191256831
NHB male,66.58333333333333,319,0.8948717948717949
NHB male,66.66666666666667,320,0.8950819672131147
NHB male,66.75,321,0.8954182429592266
NHB male,66.83333333333333,322,0.8954602774274906
NHB male,66.91666666666667,323,0.8956284153005465
NHB male,67.0,324,0.8958806221101303
NHB male,67.08333333333333,325,0.8960487599831862
NHB male,67.16666666666667,326,0.896258932324506
NHB male,67.25,327,0.8966372425388819
NHB male,67.33333333333333,328,0.8968053804119378
NHB male,67.41666666666667,329,0.8970155527532576
NHB male,67.5,330,0.8972257250945775
NHB male,67.58333333333333,331,0.8974358974358975
NHB male,67.66666666666667,332,0.8975620008406894
NHB male,67.75,333,0.8978142076502732
NHB male,67.83333333333333,334,0.8979403110550651
NHB male,67.91666666666667,335,0.898192517864649
NHB male,68.0,336,0.8984026902059689
NHB male,68.08333333333333,337,0.8985708280790248
NHB male,68.16666666666667,338,0.8986969314838167
NHB male,68.25,339,0.8986969314838167
NHB male,68.33333333333333,340,0.8987810004203447
NHB male,68.41666666666667,341,0.8988230348886087
NHB male,68.5,342,0.8989071038251366
NHB male,68.58333333333333,343,0.8989911727616645
NHB male,68.66666666666667,344,0.8991172761664565
NHB male,68.75,345,0.8993274485077764
NHB male,68.83333333333333,346,0.8993274485077764
NHB male,68.91666666666667,347,0.8994955863808323
NHB male,69.0,348,0.8995376208490963
NHB male,69.08333333333333,349,0.899915931063472
NHB male,69.16666666666667,350,0.9
NHB male,69.25,351,0.9002522068095838
NHB male,69.33333333333333,352,0.9005464480874317
NHB male,69.41666666666667,353,0.9007986548970156
NHB male,69.5,354,0.9008827238335435
NHB male,69.58333333333333,355,0.9010928961748634
NHB male,69.66666666666667,356,0.9011349306431273
NHB male,69.75,357,0.9013451029844473
NHB male,69.83333333333333,358,0.9014712063892392
NHB male,69.91666666666667,359,0.9015973097940311
NHB male,70.0,360,0.9016813787305591
NHB male,70.08333333333333,361,0.901807482135351
NHB male,70.16666666666667,362,0.9021437578814628
NHB male,70.25,363,0.9023539302227827
NHB male,70.33333333333333,364,0.9026061370323666
NHB male,70.41666666666667,365,0.9027742749054224
NHB male,70.5,366,0.9029424127784783
NHB male,70.58333333333333,367,0.9030264817150063
NHB male,70.66666666666667,368,0.9031946195880622
NHB male,70.75,369,0.9033627574611182
NHB male,70.83333333333333,370,0.9035308953341741
NHB male,70.91666666666667,371,0.903656998738966
NHB male,71.0,372,0.9039092055485498
NHB male,71.08333333333333,373,0.9039092055485498
NHB male,71.16666666666667,374,0.9041193778898697
NHB male,71.25,375,0.9042875157629257
NHB male,71.33333333333333,376,0.9046237915090374
NHB male,71.41666666666667,377,0.9048759983186213
NHB male,71.5,378,0.9050441361916772
NHB male,71.58333333333333,379,0.9051702395964691
NHB male,71.66666666666667,380,0.905380411937789
NHB male,71.75,381,0.905464480874317
NHB male,71.83333333333333,382,0.9056326187473729
NHB male,71.91666666666667,383,0.9057587221521648
NHB male,72.0,384,0.9059688944934846
NHB male,72.08333333333334,385,0.9060529634300126
NHB male,72.16666666666666,386,0.9060529634300126
NHB male,72.25,387,0.9061370323665405
NHB male,72.33333333333334,388,0.9062211013030685
NHB male,72.41666666666666,389,0.9062211013030685
NHB male,72.5,390,0.9063051702395964
NHB male,72.58333333333334,391,0.9063892391761245
NHB male,72.66666666666666,392,0.9064312736443884
NHB male,72.75,393,0.9064312736443884
NHB male,72.83333333333334,394,0.9064312736443884
NHB male,72.91666666666666,395,0.9065153425809164
NHB male,73.0,396,0.9065153425809164
NHB male,73.08333333333334,397,0.9065573770491804
NHB male,73.16666666666666,398,0.9067255149222362
NHB male,73.25,399,0.9067675493905002
NHB male,73.33333333333334,400,0.9067675493905002
NHB male,73.41666666666666,401,0.9068095838587642
NHB male,73.5,402,0.9068936527952921
NHB male,73.58333333333334,403,0.9071878940731399
NHB male,73.66666666666666,404,0.9071878940731399
NHB male,73.75,405,0.907271963009668
NHB male,73.83333333333334,406,0.907313997477932
NHB male,73.91666666666666,407,0.9073980664144599
NHB male,74.0,408,0.9075662042875158
NHB male,74.08333333333334,409,0.9076082387557798
NHB male,74.16666666666666,410,0.9076923076923077
NHB male,74.25,411,0.9077343421605717
NHB male,74.33333333333334,412,0.9078184110970996
NHB male,74.41666666666666,413,0.9079024800336276
NHB male,74.5,414,0.9080285834384195
NHB male,74.58333333333334,415,0.9081546868432114
NHB male,74.66666666666666,416,0.9082387557797393
NHB male,74.75,417,0.9083648591845314
NHB male,74.83333333333334,418,0.9083648591845314
NHB male,74.91666666666666,419,0.9085329970575872
NHB male,75.0,420,0.9086591004623792
NHB male,75.08333333333334,421,0.9087852038671711
NHB male,75.16666666666666,422,0.9090374106767549
NHB male,75.25,423,0.9091214796132829
NHB male,75.33333333333334,424,0.9092475830180748
NHB male,75.41666666666666,425,0.9093316519546027
NHB male,75.5,426,0.9093736864228668
NHB male,75.58333333333334,427,0.9094577553593947
NHB male,75.66666666666666,428,0.9094577553593947
NHB male,75.75,429,0.9096258932324506
NHB male,75.83333333333334,430,0.9097940311055065
NHB male,75.91666666666666,431,0.9099621689785624
NHB male,76.0,432,0.9101303068516183
NHB male,76.08333333333334,433,0.9101303068516183
NHB male,76.16666666666666,434,0.9101723413198823
NHB male,76.25,435,0.9101723413198823
NHB male,76.33333333333334,436,0.9101723413198823
NHB male,76.41666666666666,437,0.9101723413198823
NHB male,76.5,438,0.9101723413198823
NHB male,76.58333333333334,439,0.9101723413198823
NHB male,76.66666666666666,440,0.9102564102564102
NHB male,76.75,441,0.9102564102564102
NHB male,76.83333333333334,442,0.9102984447246742
NHB male,76.91666666666666,443,0.9102984447246742
NHB male,77.0,444,0.9102984447246742
NHB male,77.08333333333334,445,0.9103404791929383
NHB male,77.16666666666666,446,0.9105506515342581
NHB male,77.25,447,0.9105506515342581
NHB male,77.33333333333334,448,0.9105926860025221
NHB male,77.41666666666666,449,0.9106347204707861
NHB male,77.5,450,0.91067675493905
NHB male,77.58333333333334,451,0.910718789407314
NHB male,77.66666666666666,452,0.910760823875578
NHB male,77.75,453,0.910802858343842
NHB male,77.83333333333334,454,0.910802858343842
NHB male,77.91666666666666,455,0.9108869272803699
NHB male,78.0,456,0.9110130306851618
NHB male,78.08333333333334,457,0.9110550651534258
NHB male,78.16666666666666,458,0.9111391340899537
NHB male,78.25,459,0.9111811685582177
NHB male,78.33333333333334,460,0.9113072719630096
NHB male,78.41666666666666,461,0.9114333753678016
NHB male,78.5,462,0.9115174443043296
NHB male,78.58333333333334,463,0.9116015132408575
NHB male,78.66666666666666,464,0.9116435477091215
NHB male,78.75,465,0.9116435477091215
NHB male,78.83333333333334,466,0.9117696511139134
NHB male,78.91666666666666,467,0.9118957545187053
NHB male,79.0,468,0.9119798234552333
NHB male,79.08333333333334,469,0.9120218579234972
NHB male,79.16666666666666,470,0.9120218579234972
NHB male,79.25,471,0.9121059268600252
NHB male,79.33333333333334,472,0.9122320302648171
NHB male,79.41666666666666,473,0.9124001681378731
NHB male,79.5,474,0.912484237074401
NHB male,79.58333333333334,475,0.912568306010929
NHB male,79.66666666666666,476,0.9127364438839849
NHB male,79.75,477,0.9128625472887768
NHB male,79.83333333333334,478,0.9129466162253047
NHB male,79.91666666666666,479,0.9130306851618327
NHB male,80.0,480,0.9130727196300967
NHB male,80.08333333333334,481,0.9131147540983606
NHB male,80.16666666666666,482,0.9131988230348886
NHB male,80.25,483,0.9132828919714165
NHB male,80.33333333333334,484,0.9132828919714165
NHB male,80.41666666666666,485,0.9133249264396806
NHB male,80.5,486,0.9133669609079446
NHB male,80.58333333333334,487,0.9134089953762085
NHB male,80.66666666666666,488,0.9134510298444725
NHB male,80.75,489,0.9134510298444725
NHB male,80.83333333333334,490,0.9134510298444725
NHB male,80.91666666666666,491,0.9134930643127365
NHB male,81.0,492,0.9134930643127365
NHB male,81.08333333333334,493,0.9134930643127365
NHB male,81.16666666666666,494,0.9134930643127365
NHB male,81.25,495,0.9135350987810004
NHB male,81.33333333333334,496,0.9137032366540563
NHB male,81.41666666666666,497,0.9137032366540563
NHB male,81.5,498,0.9137452711223203
NHB male,81.58333333333334,499,0.9137873055905843
NHB male,81.66666666666666,500,0.9138713745271122
NHB male,81.75,501,0.9139554434636402
NHB male,81.83333333333334,502,0.9139974779319041
NHB male,81.91666666666666,503,0.9140815468684321
NHB male,82.0,504,0.9140815468684321
NHB male,82.08333333333334,505,0.9141235813366961
NHB male,82.16666666666666,506,0.914249684741488
NHB male,82.25,507,0.914291719209752
NHB male,82.33333333333334,508,0.91437578814628
NHB male,82.41666666666666,509,0.91437578814628
NHB male,82.5,510,0.9145018915510719
NHB male,82.58333333333334,511,0.9145018915510719
NHB male,82.66666666666666,512,0.9145439260193359
NHB male,82.75,513,0.9145859604875999
NHB male,82.83333333333334,514,0.9146279949558638
NHB male,82.91666666666666,515,0.9146700294241278
NHB male,83.0,516,0.9146700294241278
NHB male,83.08333333333334,517,0.9147120638923918
NHB male,83.16666666666666,518,0.9147540983606557
NHB male,83.25,519,0.9147961328289197
NHB male,83.33333333333334,520,0.9148381672971837
NHB male,83.41666666666666,521,0.9149222362337116
NHB male,83.5,522,0.9149222362337116
NHB male,83.58333333333334,523,0.9149642707019756
NHB male,83.66666666666666,524,0.9149642707019756
NHB male,83.75,525,0.9150483396385036
NHB male,83.83333333333334,526,0.9150903741067675
NHB male,83.91666666666666,527,0.9151324085750315
NHB male,84.0,528,0.9152164775115594
NHB male,84.08333333333334,529,0.9152164775115594
NHB male,84.16666666666666,530,0.9152164775115594
NHB male,84.25,531,0.9152585119798234
NHB male,84.33333333333334,532,0.9152585119798234
NHB male,84.41666666666666,533,0.9153005464480874
NHB male,84.5,534,0.9153005464480874
NHB male,84.58333333333334,535,0.9153005464480874
NHB male,84.66666666666666,536,0.9153005464480874
NHB male,84.75,537,0.9153005464480874
NHB male,84.83333333333334,538,0.9153005464480874
NHB male,84.91666666666666,539,0.9153005464480874
NHB male,85.0,540,0.9153425809163515
NHB male,85.08333333333334,541,0.9154266498528794
NHB male,85.16666666666666,542,0.9154686843211434
NHB male,85.25,543,0.9155107187894073
NHB male,85.33333333333334,544,0.9155107187894073
NHB male,85.41666666666666,545,0.9155947877259353
NHB male,85.5,546,0.9155947877259353
NHB male,85.58333333333334,547,0.9155947877259353
NHB male,85.66666666666666,548,0.9155947877259353
NHB male,85.75,549,0.9157208911307272
NHB male,85.83333333333334,550,0.9157629255989912
NHB male,85.91666666666666,551,0.9158469945355191
NHB male,86.0,552,0.9158890290037831
NHB male,86.08333333333334,553,0.9159310634720471
NHB male,86.16666666666666,554,0.915973097940311
NHB male,86.25,555,0.915973097940311
NHB male,86.33333333333334,556,0.915973097940311
NHB male,86.41666666666666,557,0.916057166876839
NHB male,86.5,558,0.916099201345103
NHB male,86.58333333333334,559,0.916099201345103
NHB male,86.66666666666666,560,0.9161412358133669
NHB male,86.75,561,0.9161412358133669
NHB male,86.83333333333334,562,0.9161832702816309
NHB male,86.91666666666666,563,0.9162673392181588
NHB male,87.0,564,0.9163093736864228
NHB male,87.08333333333334,565,0.9163093736864228
NHB male,87.16666666666666,566,0.9163093736864228
NHB male,87.25,567,0.9163093736864228
NHB male,87.33333333333334,568,0.9163514081546869
NHB male,87.41666666666666,569,0.9164354770912148
NHB male,87.5,570,0.9165195460277428
NHB male,87.58333333333334,571,0.9165195460277428
NHB male,87.66666666666666,572,0.9165195460277428
NHB male,87.75,573,0.9165195460277428
NHB male,87.83333333333334,574,0.9166036149642707
NHB male,87.91666666666666,575,0.9166036149642707
NHB male,88.0,576,0.9166456494325347
NHB male,88.08333333333334,577,0.9166456494325347
NHB male,88.16666666666666,578,0.9166456494325347
NHB male,88.25,579,0.9166456494325347
NHB male,88.33333333333334,580,0.9166456494325347
NHB male,88.41666666666666,581,0.9166456494325347
NHB male,88.5,582,0.9166456494325347
NHB male,88.58333333333334,583,0.9166456494325347
NHB male,88.66666666666666,584,0.9166456494325347
NHB male,88.75,585,0.9166456494325347
NHB male,88.83333333333334,586,0.9166456494325347
NHB male,88.91666666666666,587,0.9166456494325347
NHB male,89.0,588,0.9166456494325347
NHB male,89.08333333333334,589,0.9166456494325347
NHB male,89.16666666666666,590,0.9166456494325347
NHB male,89.25,591,0.9166456494325347
NHB male,89.33333333333334,592,0.9166456494325347
NHB male,89.41666666666666,593,0.9167297183690626
NHB male,89.5,594,0.9167297183690626
NHB male,89.58333333333334,595,0.9167297183690626
NHB male,89.66666666666666,596,0.9167297183690626
NHB male,89.75,597,0.9168137873055906
NHB male,89.83333333333334,598,0.9168558217738546
NHB male,89.91666666666666,599,0.9168558217738546
NHB male,90.0,600,0.9168558217738546
NHB male,90.08333333333334,601,0.9168558217738546
NHB male,90.16666666666666,602,0.9168558217738546
NHB male,90.25,603,0.9168558217738546
NHB male,90.33333333333334,604,0.9168978562421185
NHB male,90.41666666666666,605,0.9169398907103825
NHB male,90.5,606,0.9169398907103825
NHB male,90.58333333333334,607,0.9169398907103825
NHB male,90.66666666666666,608,0.9169819251786465
NHB male,90.75,609,0.9170239596469104
NHB male,90.83333333333334,610,0.9170239596469104
NHB male,90.91666666666666,611,0.9170659941151744
NHB male,91.0,612,0.9170659941151744
NHB male,91.08333333333334,613,0.9170659941151744
NHB male,91.16666666666666,614,0.9170659941151744
NHB male,91.25,615,0.9170659941151744
NHB male,91.33333333333334,616,0.9170659941151744
NHB male,91.41666666666666,617,0.9171080285834384
NHB male,91.5,618,0.9171500630517024
NHB male,91.58333333333334,619,0.9171500630517024
NHB male,91.66666666666666,620,0.9171500630517024
NHB male,91.75,621,0.9171500630517024
NHB male,91.83333333333334,622,0.9171500630517024
NHB male,91.91666666666666,623,0.9171500630517024
NHB male,92.0,624,0.9171920975199663
NHB male,92.08333333333334,625,0.9171920975199663
NHB male,92.16666666666666,626,0.9171920975199663
NHB male,92.25,627,0.9171920975199663
NHB male,92.33333333333334,628,0.9171920975199663
NHB male,92.41666666666666,629,0.9171920975199663
NHB male,92.5,630,0.9172341319882303
NHB male,92.58333333333334,631,0.9172341319882303
NHB male,92.66666666666666,632,0.9172341319882303
NHB male,92.75,633,0.9172341319882303
NHB male,92.83333333333334,634,0.9172341319882303
NHB male,92.91666666666666,635,0.9172341319882303
NHB male,93.0,636,0.9172341319882303
NHB male,93.08333333333334,637,0.9172761664564943
NHB male,93.16666666666666,638,0.9173182009247584
NHB male,93.25,639,0.9173182009247584
NHB male,93.33333333333334,640,0.9173182009247584
NHB male,93.41666666666666,641,0.9173182009247584
NHB male,93.5,642,0.9173182009247584
NHB male,93.58333333333334,643,0.9173182009247584
NHB male,93.66666666666666,644,0.9173182009247584
NHB male,93.75,645,0.9173182009247584
NHB male,93.83333333333334,646,0.9173182009247584
NHB male,93.91666666666666,647,0.9173182009247584
NHB male,94.0,648,0.9173182009247584
NHB male,94.08333333333334,649,0.9173182009247584
NHB male,94.16666666666666,650,0.9173182009247584
NHB male,94.25,651,0.9173602353930222
NHB male,94.33333333333334,652,0.9173602353930222
NHB male,94.41666666666666,653,0.9173602353930222
NHB male,94.5,654,0.9173602353930222
NHB male,94.58333333333334,655,0.9173602353930222
NHB male,94.66666666666666,656,0.9173602353930222
NHB male,94.75,657,0.9173602353930222
NHB male,94.83333333333334,658,0.9173602353930222
NHB male,94.91666666666666,659,0.9173602353930222
NHB male,95.0,660,0.9174022698612863
NHB male,95.08333333333334,661,0.9174443043295503
NHB male,95.16666666666666,662,0.9174443043295503
NHB male,95.25,663,0.9174443043295503
NHB male,95.33333333333334,664,0.9174443043295503
NHB male,95.41666666666666,665,0.9174443043295503
NHB male,95.5,666,0.9174863387978142
NHB male,95.58333333333334,667,0.9175283732660782
NHB male,95.66666666666666,668,0.9175283732660782
NHB male,95.75,669,0.9175704077343422
NHB male,95.83333333333334,670,0.9175704077343422
NHB male,95.91666666666666,671,0.9175704077343422
NHB male,96.0,672,0.9176124422026062
NHB male,96.08333333333334,673,0.9176124422026062
NHB male,96.16666666666666,674,0.9176124422026062
NHB male,96.25,675,0.9176124422026062
NHB male,96.33333333333334,676,0.9176124422026062
NHB male,96.41666666666666,677,0.9176124422026062
NHB male,96.5,678,0.9176124422026062
NHB male,96.58333333333334,679,0.9176124422026062
NHB male,96.66666666666666,680,0.9176124422026062
NHB male,96.75,681,0.9176124422026062
NHB male,96.83333333333334,682,0.9176124422026062
NHB male,96.91666666666666,683,0.9176124422026062
NHB male,97.0,684,0.9176124422026062
NHB male,97.08333333333334,685,0.9176124422026062
NHB male,97.16666666666666,686,0.9176124422026062
NHB male,97.25,687,0.9176124422026062
NHB male,97.33333333333334,688,0.9176124422026062
NHB male,97.41666666666666,689,0.9176124422026062
NHB male,97.5,690,0.9176544766708701
NHB male,97.58333333333334,691,0.9176544766708701
NHB male,97.66666666666666,692,0.9176544766708701
NHB male,97.75,693,0.9176544766708701
NHB male,97.83333333333334,694,0.9176544766708701
NHB male,97.91666666666666,695,0.9176544766708701
NHB male,98.0,696,0.9176965111391341
NHB male,98.08333333333334,697,0.9176965111391341
NHB male,98.16666666666666,698,0.9176965111391341
NHB male,98.25,699,0.9176965111391341
NHB male,98.33333333333334,700,0.9176965111391341
NHB male,98.41666666666666,701,0.9176965111391341
NHB male,98.5,702,0.9176965111391341
NHB male,98.58333333333334,703,0.9176965111391341
NHB male,98.66666666666666,704,0.9176965111391341
NHB male,98.75,705,0.9176965111391341
NHB male,98.83333333333334,706,0.9176965111391341
NHB male,98.91666666666666,707,0.9177385456073981
NHB male,99.0,708,0.9177385456073981
NHB male,99.08333333333334,709,0.9177385456073981
NHB male,99.16666666666666,710,0.9177385456073981
NHB male,99.25,711,0.9177385456073981
NHB male,99.33333333333334,712,0.9177385456073981
NHB male,99.41666666666666,713,0.9177385456073981
NHB male,99.5,714,0.9177385456073981
NHB male,99.58333333333334,715,0.9177385456073981
NHB male,99.66666666666666,716,0.917780580075662
NHB male,99.75,717,0.917780580075662
NHB male,99.83333333333334,718,0.917780580075662
NHB male,99.91666666666666,719,0.917780580075662
NHB male,100.0,720,0.917780580075662
NHB male,100.08333333333334,721,0.917780580075662
NHB male,100.16666666666666,722,0.917780580075662
NHB male,100.25,723,0.917780580075662
NHB male,100.33333333333334,724,0.917780580075662
NHB male,100.41666666666666,725,0.917780580075662
NHW female,40.0,0,0.40238057825267126
NHW female,40.083333333333336,1,0.4113372093023256
NHW female,40.166666666666664,2,0.4116121935889378
NHW female,40.25,3,0.41196574481458204
NHW female,40.333333333333336,4,0.4124371464487744
NHW female,40.416666666666664,5,0.4130263984915148
NHW female,40.5,6,0.41341923318667506
NHW female,40.583333333333336,7,0.4141263356379635
NHW female,40.666666666666664,8,0.4151869893148963
NHW female,40.75,9,0.41593337523570084
NHW female,40.833333333333336,10,0.41667976115650535
NHW female,40.916666666666664,11,0.41785826524198616
NHW female,41.0,12,0.41903676932746703
NHW female,41.083333333333336,13,0.44256756756756754
NHW female,41.166666666666664,14,0.4452388434946574
NHW female,41.25,15,0.4469280326838466
NHW female,41.333333333333336,16,0.44881363922061596
NHW female,41.416666666666664,17,0.45109208045254556
NHW female,41.5,18,0.4527419861722187
NHW female,41.583333333333336,19,0.4547454431175361
NHW female,41.666666666666664,20,0.4569453174104337
NHW female,41.75,21,0.4586345065996229
NHW female,41.833333333333336,22,0.46134506599622876
NHW female,41.916666666666664,23,0.4638199245757385
NHW female,42.0,24,0.46629478315524825
NHW female,42.083333333333336,25,0.47018384663733503
NHW female,42.166666666666664,26,0.47364079195474545
NHW female,42.25,27,0.4771370207416719
NHW female,42.333333333333336,28,0.47984758013827783
NHW female,42.416666666666664,29,0.48271527341294784
NHW female,42.5,30,0.48456159648020114
NHW female,42.583333333333336,31,0.48742928975487115
NHW female,42.666666666666664,32,0.49025769956002513
NHW female,42.75,33,0.4931646763042112
NHW female,42.833333333333336,34,0.49626807039597737
NHW female,42.916666666666664,35,0.4988607793840352
NHW female,43.0,36,0.5005106851037083
NHW female,43.083333333333336,37,0.5030641106222502
NHW female,43.166666666666664,38,0.5053032683846638
NHW female,43.25,39,0.5067960402262728
NHW female,43.333333333333336,40,0.5087994971715902
NHW female,43.416666666666664,41,0.5104101194217473
NHW female,43.5,42,0.5122171590194846
NHW female,43.583333333333336,43,0.5146134506599623
NHW female,43.666666666666664,44,0.5171668761785041
NHW female,43.75,45,0.5195631678189818
NHW female,43.833333333333336,46,0.5217630421118793
NHW female,43.916666666666664,47,0.5234522313010685
NHW female,44.0,48,0.5260449402891263
NHW female,44.083333333333336,49,0.5276555625392835
NHW female,44.166666666666664,50,0.5294233186675047
NHW female,44.25,51,0.5309946574481458
NHW female,44.333333333333336,52,0.5324088623507228
NHW female,44.416666666666664,53,0.5337837837837838
NHW female,44.5,54,0.5351587052168447
NHW female,44.583333333333336,55,0.5364157762413576
NHW female,44.666666666666664,56,0.5379085480829667
NHW female,44.75,57,0.5393227529855437
NHW female,44.833333333333336,58,0.5407369578881207
NHW female,44.916666666666664,59,0.5419940289126336
NHW female,45.0,60,0.5433689503456945
NHW female,45.083333333333336,61,0.5456473915776241
NHW female,45.166666666666664,62,0.5474544311753614
NHW female,45.25,63,0.5495364550597108
NHW female,45.333333333333336,64,0.5515006285355123
NHW female,45.416666666666664,65,0.5528755499685732
NHW female,45.5,66,0.5546040226272785
NHW female,45.583333333333336,67,0.5563717787554997
NHW female,45.666666666666664,68,0.5580216844751729
NHW female,45.75,69,0.559593023255814
NHW female,45.833333333333336,70,0.5612429289754871
NHW female,45.916666666666664,71,0.5628535512256443
NHW female,46.0,72,0.5643070395977373
NHW female,46.083333333333336,73,0.5660355122564424
NHW female,46.166666666666664,74,0.568117536140792
NHW female,46.25,75,0.5701209930861094
NHW female,46.333333333333336,76,0.5718101822752986
NHW female,46.416666666666664,77,0.5733422375864237
NHW female,46.5,78,0.5748742928975488
NHW female,46.583333333333336,79,0.5760920804525456
NHW female,46.666666666666664,80,0.5778205531112508
NHW female,46.75,81,0.5793133249528598
NHW female,46.833333333333336,82,0.5806489629164048
NHW female,46.916666666666664,83,0.5821024512884978
NHW female,47.0,84,0.5834380892520428
NHW female,47.083333333333336,85,0.5849701445631679
NHW female,47.166666666666664,86,0.586541483343809
NHW female,47.25,87,0.5882306725329981
NHW female,47.333333333333336,88,0.5898020113136392
NHW female,47.416666666666664,89,0.5914912005028284
NHW female,47.5,90,0.5930232558139535
NHW female,47.583333333333336,91,0.5943588937774984
NHW female,47.666666666666664,92,0.5957730986800754
NHW female,47.75,93,0.5972265870521685
NHW female,47.833333333333336,94,0.5985622250157134
NHW female,47.916666666666664,95,0.5996621621621622
NHW female,48.0,96,0.6011156505342552
NHW female,48.083333333333336,97,0.6020584538026399
NHW female,48.166666666666664,98,0.6030405405405406
NHW female,48.25,99,0.6041404776869893
NHW female,48.333333333333336,100,0.6052796983029541
NHW female,48.416666666666664,101,0.6062617850408548
NHW female,48.5,102,0.6075188560653677
NHW female,48.583333333333336,103,0.6085009428032684
NHW female,48.666666666666664,104,0.6097972972972973
NHW female,48.75,105,0.6109758013827781
NHW female,48.833333333333336,106,0.6121150219987429
NHW female,48.916666666666664,107,0.6129792583280955
NHW female,49.0,108,0.6141970458830924
NHW female,49.083333333333336,109,0.6159648020113137
NHW female,49.166666666666664,110,0.6173004399748586
NHW female,49.25,111,0.6186360779384035
NHW female,49.333333333333336,112,0.6199717159019484
NHW female,49.416666666666664,113,0.6215823381521056
NHW female,49.5,114,0.6229179761156506
NHW female,49.583333333333336,115,0.6246071653048397
NHW female,49.666666666666664,116,0.626453488372093
NHW female,49.75,117,0.6277498428661219
NHW female,49.833333333333336,118,0.6289283469516027
NHW female,49.916666666666664,119,0.6304604022627278
NHW female,50.0,120,0.6321495914519171
NHW female,50.083333333333336,121,0.6332495285983658
NHW female,50.166666666666664,122,0.6348208673790069
NHW female,50.25,123,0.6361957888120678
NHW female,50.333333333333336,124,0.6374135763670647
NHW female,50.416666666666664,125,0.6383956631049654
NHW female,50.5,126,0.6398491514770585
NHW female,50.583333333333336,127,0.6414597737272156
NHW female,50.666666666666664,128,0.6429918290383406
NHW female,50.75,129,0.6444846008799497
NHW female,50.833333333333336,130,0.6458595223130107
NHW female,50.916666666666664,131,0.6473915776241358
NHW female,51.0,132,0.6489629164047769
NHW female,51.083333333333336,133,0.6502199874292898
NHW female,51.166666666666664,134,0.6518698931489629
NHW female,51.25,135,0.6529305468258957
NHW female,51.333333333333336,136,0.6543840351979887
NHW female,51.416666666666664,137,0.6555625392834695
NHW female,51.5,138,0.6570553111250785
NHW female,51.583333333333336,139,0.6585480829666877
NHW female,51.666666666666664,140,0.6600015713387807
NHW female,51.75,141,0.6612979258328096
NHW female,51.833333333333336,142,0.6627906976744186
NHW female,51.916666666666664,143,0.6640870521684475
NHW female,52.0,144,0.6656191074795726
NHW female,52.083333333333336,145,0.6663262099308611
NHW female,52.166666666666664,146,0.6670333123821496
NHW female,52.25,147,0.6678975487115022
NHW female,52.333333333333336,148,0.6689974858579509
NHW female,52.416666666666664,149,0.6697831552482715
NHW female,52.5,150,0.6706866750471402
NHW female,52.583333333333336,151,0.6717080452545569
NHW female,52.666666666666664,152,0.6724151477058454
NHW female,52.75,153,0.673318667504714
NHW female,52.833333333333336,154,0.6739864864864865
NHW female,52.916666666666664,155,0.674811439346323
NHW female,53.0,156,0.6756756756756757
NHW female,53.083333333333336,157,0.6768148962916405
NHW female,53.166666666666664,158,0.677600565681961
NHW female,53.25,159,0.6788969201759899
NHW female,53.333333333333336,160,0.6801932746700189
NHW female,53.416666666666664,161,0.6813717787554997
NHW female,53.5,162,0.6830216844751729
NHW female,53.583333333333336,163,0.6842394720301697
NHW female,53.666666666666664,164,0.6853786926461345
NHW female,53.75,165,0.6866357636706474
NHW female,53.833333333333336,166,0.6875
NHW female,53.916666666666664,167,0.6883642363293526
NHW female,54.0,168,0.6893856065367693
NHW female,54.083333333333336,169,0.690289126335638
NHW female,54.166666666666664,170,0.6911533626649906
NHW female,54.25,171,0.6926461345065996
NHW female,54.333333333333336,172,0.6934710873664363
NHW female,54.416666666666664,173,0.6944138906348208
NHW female,54.5,174,0.6955531112507857
NHW female,54.583333333333336,175,0.6967708988057826
NHW female,54.666666666666664,176,0.6978315524827152
NHW female,54.75,177,0.698852922690132
NHW female,54.833333333333336,178,0.7000314267756128
NHW female,54.916666666666664,179,0.7014063482086738
NHW female,55.0,180,0.7026241357636707
NHW female,55.083333333333336,181,0.7033705216844752
NHW female,55.166666666666664,182,0.704470458830924
NHW female,55.25,183,0.7056096794468888
NHW female,55.333333333333336,184,0.7064739157762414
NHW female,55.416666666666664,185,0.7076524198617222
NHW female,55.5,186,0.7086737900691389
NHW female,55.583333333333336,187,0.7100879949717159
NHW female,55.666666666666664,188,0.7108736643620365
NHW female,55.75,189,0.7120521684475173
NHW female,55.833333333333336,190,0.71311282212445
NHW female,55.916666666666664,191,0.714527027027027
NHW female,56.0,192,0.7157840980515399
NHW female,56.08333333333333,193,0.7161376492771842
NHW female,56.16666666666667,194,0.7169626021370208
NHW female,56.25,195,0.7177089880578252
NHW female,56.33333333333333,196,0.7183768070395977
NHW female,56.41666666666667,197,0.7193196103079824
NHW female,56.5,198,0.7199874292897549
NHW female,56.58333333333333,199,0.7205766813324953
NHW female,56.66666666666667,200,0.7213623507228158
NHW female,56.75,201,0.7222265870521685
NHW female,56.83333333333333,202,0.722972972972973
NHW female,56.91666666666667,203,0.7234836580766814
NHW female,57.0,204,0.7241121935889377
NHW female,57.08333333333333,205,0.7250157133878065
NHW female,57.16666666666667,206,0.7259978001257071
NHW female,57.25,207,0.7269013199245757
NHW female,57.33333333333333,208,0.7281583909490886
NHW female,57.41666666666667,209,0.7293761785040854
NHW female,57.5,210,0.7305939660590823
NHW female,57.58333333333333,211,0.7316546197360151
NHW female,57.66666666666667,212,0.7323224387177876
NHW female,57.75,213,0.7331473915776241
NHW female,57.83333333333333,214,0.7338937774984287
NHW female,57.91666666666667,215,0.7347972972972973
NHW female,58.0,216,0.7357793840351979
NHW female,58.08333333333333,217,0.7367221873035826
NHW female,58.16666666666667,218,0.7376257071024512
NHW female,58.25,219,0.7387256442489001
NHW female,58.33333333333333,220,0.7394720301697046
NHW female,58.41666666666667,221,0.7401791326209931
NHW female,58.5,222,0.7411219358893778
NHW female,58.58333333333333,223,0.7421433060967945
NHW female,58.66666666666667,224,0.7430468258956631
NHW female,58.75,225,0.7440289126335637
NHW female,58.83333333333333,226,0.7450109993714645
NHW female,58.91666666666667,227,0.7461109365179133
NHW female,59.0,228,0.7467787554996858
NHW female,59.08333333333333,229,0.7477215587680704
NHW female,59.16666666666667,230,0.7489000628535513
NHW female,59.25,231,0.7495678818353237
NHW female,59.33333333333333,232,0.7507463859208046
NHW female,59.41666666666667,233,0.7516891891891891
NHW female,59.5,234,0.752828409805154
NHW female,59.58333333333333,235,0.7536926461345066
NHW female,59.66666666666667,236,0.7547140163419234
NHW female,59.75,237,0.755617536140792
NHW female,59.83333333333333,238,0.7566389063482086
NHW female,59.91666666666667,239,0.7579352608422376
NHW female,60.0,240,0.7589566310496543
NHW female,60.08333333333333,241,0.7594280326838466
NHW female,60.16666666666667,242,0.759978001257071
NHW female,60.25,243,0.7606065367693274
NHW female,60.33333333333333,244,0.7612743557510999
NHW female,60.41666666666667,245,0.7620207416719045
NHW female,60.5,246,0.7624135763670647
NHW female,60.58333333333333,247,0.7630028284098052
NHW female,60.66666666666667,248,0.7633956631049654
NHW female,60.75,249,0.7640634820867379
NHW female,60.83333333333333,250,0.7645348837209303
NHW female,60.91666666666667,251,0.7649670018856065
NHW female,61.0,252,0.7653205531112508
NHW female,61.08333333333333,253,0.7663026398491515
NHW female,61.16666666666667,254,0.76700974230044
NHW female,61.25,255,0.7677954116907605
NHW female,61.33333333333333,256,0.7682668133249528
NHW female,61.41666666666667,257,0.7690131992457574
NHW female,61.5,258,0.7698381521055939
NHW female,61.58333333333333,259,0.7707416719044626
NHW female,61.66666666666667,260,0.771291640477687
NHW female,61.75,261,0.7719594594594594
NHW female,61.83333333333333,262,0.77274512884978
NHW female,61.91666666666667,263,0.7737664990571967
NHW female,62.0,264,0.7745128849780013
NHW female,62.08333333333333,265,0.7754556882463859
NHW female,62.16666666666667,266,0.7762413576367064
NHW female,62.25,267,0.7768698931489629
NHW female,62.33333333333333,268,0.7775769956002514
NHW female,62.41666666666667,269,0.7785590823381521
NHW female,62.5,270,0.7793840351979887
NHW female,62.58333333333333,271,0.7801304211187932
NHW female,62.66666666666667,272,0.7809946574481458
NHW female,62.75,273,0.7814267756128221
NHW female,62.83333333333333,274,0.7819767441860465
NHW female,62.91666666666667,275,0.7828016970458831
NHW female,63.0,276,0.7833909490886235
NHW female,63.08333333333333,277,0.78401948460088
NHW female,63.16666666666667,278,0.7848444374607165
NHW female,63.25,279,0.7858265241986172
NHW female,63.33333333333333,280,0.7864157762413576
NHW female,63.41666666666667,281,0.786965744814582
NHW female,63.5,282,0.7878692646134506
NHW female,63.58333333333333,283,0.7884978001257071
NHW female,63.66666666666667,284,0.7895977372721559
NHW female,63.75,285,0.7903834066624764
NHW female,63.83333333333333,286,0.791129792583281
NHW female,63.91666666666667,287,0.7916797611565053
NHW female,64.0,288,0.7924654305468259
NHW female,64.08333333333333,289,0.792740414833438
NHW female,64.16666666666667,290,0.7929368321810182
NHW female,64.25,291,0.7935260842237586
NHW female,64.33333333333333,292,0.7938403519798869
NHW female,64.41666666666667,293,0.7943903205531112
NHW female,64.5,294,0.7946653048397234
NHW female,64.58333333333333,295,0.7951367064739158
NHW female,64.66666666666667,296,0.795450974230044
NHW female,64.75,297,0.7958438089252042
NHW female,64.83333333333333,298,0.7960009428032684
NHW female,64.91666666666667,299,0.7960795097423005
NHW female,65.0,300,0.7963152105593966
NHW female,65.08333333333333,301,0.7969437460716531
NHW female,65.16666666666667,302,0.7975329981143935
NHW female,65.25,303,0.7982793840351979
NHW female,65.33333333333333,304,0.7989472030169704
NHW female,65.41666666666667,305,0.7994971715901948
NHW female,65.5,306,0.8001257071024512
NHW female,65.58333333333333,307,0.80102922690132
NHW female,65.66666666666667,308,0.8014613450659962
NHW female,65.75,309,0.8020505971087366
NHW female,65.83333333333333,310,0.802600565681961
NHW female,65.91666666666667,311,0.8029541169076053
NHW female,66.0,312,0.8035826524198617
NHW female,66.08333333333333,313,0.8042504714016342
NHW female,66.16666666666667,314,0.8047218730358265
NHW female,66.25,315,0.805389692017599
NHW female,66.33333333333333,316,0.8062146448774355
NHW female,66.41666666666667,317,0.806843180389692
NHW female,66.5,318,0.8075109993714645
NHW female,66.58333333333333,319,0.8078252671275927
NHW female,66.66666666666667,320,0.808257385292269
NHW female,66.75,321,0.8089644877435576
NHW female,66.83333333333333,322,0.8096323067253299
NHW female,66.91666666666667,323,0.8103394091766185
NHW female,67.0,324,0.8109286612193589
NHW female,67.08333333333333,325,0.8115964802011314
NHW female,67.16666666666667,326,0.8121857322438718
NHW female,67.25,327,0.8129714016341923
NHW female,67.33333333333333,328,0.8137570710245129
NHW female,67.41666666666667,329,0.8143856065367693
NHW female,67.5,330,0.8149748585795098
NHW female,67.58333333333333,331,0.8157212445003142
NHW female,67.66666666666667,332,0.8161533626649906
NHW female,67.75,333,0.816624764299183
NHW female,67.83333333333333,334,0.8172140163419234
NHW female,67.91666666666667,335,0.8178425518541798
NHW female,68.0,336,0.8183925204274042
NHW female,68.08333333333333,337,0.8186675047140164
NHW female,68.16666666666667,338,0.8189032055311125
NHW female,68.25,339,0.8193353236957888
NHW female,68.33333333333333,340,0.819610307982401
NHW female,68.41666666666667,341,0.8199638592080453
NHW female,68.5,342,0.8201602765556254
NHW female,68.58333333333333,343,0.8207495285983658
NHW female,68.66666666666667,344,0.8209459459459459
NHW female,68.75,345,0.8213780641106222
NHW female,68.83333333333333,346,0.8215744814582024
NHW female,68.91666666666667,347,0.8217708988057826
NHW female,69.0,348,0.8220458830923947
NHW female,69.08333333333333,349,0.822517284726587
NHW female,69.16666666666667,350,0.8229101194217473
NHW female,69.25,351,0.8234600879949717
NHW female,69.33333333333333,352,0.823892206159648
NHW female,69.41666666666667,353,0.8243243243243243
NHW female,69.5,354,0.8249528598365807
NHW female,69.58333333333333,355,0.8254242614707731
NHW female,69.66666666666667,356,0.8259742300439975
NHW female,69.75,357,0.826681332495286
NHW female,69.83333333333333,358,0.8271134506599623
NHW female,69.91666666666667,359,0.8279384035197989
NHW female,70.0,360,0.8284883720930233
NHW female,70.08333333333333,361,0.8291169076052797
NHW female,70.16666666666667,362,0.8297061596480201
NHW female,70.25,363,0.8302954116907605
NHW female,70.33333333333333,364,0.8308453802639849
NHW female,70.41666666666667,365,0.8315524827152734
NHW female,70.5,366,0.8320238843494657
NHW female,70.58333333333333,367,0.8324952859836581
NHW female,70.66666666666667,368,0.8331631049654306
NHW female,70.75,369,0.8335559396605908
NHW female,70.83333333333333,370,0.8340666247642992
NHW female,70.91666666666667,371,0.8342237586423633
NHW female,71.0,372,0.8344201759899434
NHW female,71.08333333333333,373,0.8347737272155877
NHW female,71.16666666666667,374,0.8350879949717159
NHW female,71.25,375,0.8357558139534884
NHW female,71.33333333333333,376,0.8360307982401005
NHW female,71.41666666666667,377,0.8364236329352609
NHW female,71.5,378,0.8368950345694531
NHW female,71.58333333333333,379,0.8373271527341295
NHW female,71.66666666666667,380,0.8377985543683218
NHW female,71.75,381,0.83811282212445
NHW female,71.83333333333333,382,0.8385449402891263
NHW female,71.91666666666667,383,0.8390556253928347
NHW female,72.0,384,0.8398020113136392
NHW female,72.08333333333334,385,0.8399198617221874
NHW female,72.16666666666666,386,0.8401162790697675
NHW female,72.25,387,0.8403912633563796
NHW female,72.33333333333334,388,0.8405876807039597
NHW female,72.41666666666666,389,0.840823381521056
NHW female,72.5,390,0.8410197988686361
NHW female,72.58333333333334,391,0.8413733500942804
NHW female,72.66666666666666,392,0.8415304839723444
NHW female,72.75,393,0.8418054682589566
NHW female,72.83333333333334,394,0.8419626021370208
NHW female,72.91666666666666,395,0.8421983029541169
NHW female,73.0,396,0.8423554368321811
NHW female,73.08333333333334,397,0.8427482715273413
NHW female,73.16666666666666,398,0.8432196731615337
NHW female,73.25,399,0.8436517913262099
NHW female,73.33333333333334,400,0.8441231929604023
NHW female,73.41666666666666,401,0.8443981772470145
NHW female,73.5,402,0.8446731615336267
NHW female,73.58333333333334,403,0.8449874292897549
NHW female,73.66666666666666,404,0.8455766813324953
NHW female,73.75,405,0.8458909490886235
NHW female,73.83333333333334,406,0.8463623507228158
NHW female,73.91666666666666,407,0.8468730358265242
NHW female,74.0,408,0.8471087366436204
NHW female,74.08333333333334,409,0.8476194217473287
NHW female,74.16666666666666,410,0.847894406033941
NHW female,74.25,411,0.8481693903205532
NHW female,74.33333333333334,412,0.8487586423632936
NHW female,74.41666666666666,413,0.8491907605279698
NHW female,74.5,414,0.8496621621621622
NHW female,74.58333333333334,415,0.8500942803268384
NHW female,74.66666666666666,416,0.8506442489000628
NHW female,74.75,417,0.8509978001257071
NHW female,74.83333333333334,418,0.8514692017598995
NHW female,74.91666666666666,419,0.8517834695160277
NHW female,75.0,420,0.85225487115022
NHW female,75.08333333333334,421,0.8527262727844123
NHW female,75.16666666666666,422,0.8530405405405406
NHW female,75.25,423,0.8535119421747329
NHW female,75.33333333333334,424,0.8539440603394092
NHW female,75.41666666666666,425,0.8542190446260214
NHW female,75.5,426,0.855083280955374
NHW female,75.58333333333334,427,0.8553582652419862
NHW female,75.66666666666666,428,0.8557118164676304
NHW female,75.75,429,0.8559868007542426
NHW female,75.83333333333334,430,0.856418918918919
NHW female,75.91666666666666,431,0.8568903205531112
NHW female,76.0,432,0.8574402891263356
NHW female,76.08333333333334,433,0.8574795725958516
NHW female,76.16666666666666,434,0.8576367064739158
NHW female,76.25,435,0.8577152734129478
NHW female,76.33333333333334,436,0.857872407291012
NHW female,76.41666666666666,437,0.85799025769956
NHW female,76.5,438,0.8582652419861723
NHW female,76.58333333333334,439,0.8583830923947203
NHW female,76.66666666666666,440,0.8585402262727844
NHW female,76.75,441,0.8587366436203645
NHW female,76.83333333333334,442,0.8588937774984287
NHW female,76.91666666666666,443,0.8591294783155248
NHW female,77.0,444,0.8591294783155248
NHW female,77.08333333333334,445,0.8594830295411691
NHW female,77.16666666666666,446,0.8599151477058454
NHW female,77.25,447,0.8601901319924575
NHW female,77.33333333333334,448,0.8604651162790697
NHW female,77.41666666666666,449,0.8608972344437461
NHW female,77.5,450,0.8612507856693903
NHW female,77.58333333333334,451,0.8614472030169704
NHW female,77.66666666666666,452,0.8619186046511628
NHW female,77.75,453,0.8623507228158391
NHW female,77.83333333333334,454,0.8628614079195475
NHW female,77.91666666666666,455,0.8631756756756757
NHW female,78.0,456,0.8634899434318039
NHW female,78.08333333333334,457,0.863647077309868
NHW female,78.16666666666666,458,0.8640791954745443
NHW female,78.25,459,0.8644720301697046
NHW female,78.33333333333334,460,0.8648255813953488
NHW female,78.41666666666666,461,0.8649434318038969
NHW female,78.5,462,0.8654541169076053
NHW female,78.58333333333334,463,0.8657683846637335
NHW female,78.66666666666666,464,0.8659648020113137
NHW female,78.75,465,0.8662397862979259
NHW female,78.83333333333334,466,0.866475487115022
NHW female,78.91666666666666,467,0.8667111879321182
NHW female,79.0,468,0.8670647391577624
NHW female,79.08333333333334,469,0.8673397234443746
NHW female,79.16666666666666,470,0.8676932746700189
NHW female,79.25,471,0.867771841609051
NHW female,79.33333333333334,472,0.8682432432432432
NHW female,79.41666666666666,473,0.8685967944688875
NHW female,79.5,474,0.8690289126335637
NHW female,79.58333333333334,475,0.8694610307982401
NHW female,79.66666666666666,476,0.8696181646763043
NHW female,79.75,477,0.8700109993714645
NHW female,79.83333333333334,478,0.8702859836580766
NHW female,79.91666666666666,479,0.8706002514142049
NHW female,80.0,480,0.8709538026398491
NHW female,80.08333333333334,481,0.8709930861093652
NHW female,80.16666666666666,482,0.8711109365179133
NHW female,80.25,483,0.8711109365179133
NHW female,80.33333333333334,484,0.8711109365179133
NHW female,80.41666666666666,485,0.8711109365179133
NHW female,80.5,486,0.8711502199874293
NHW female,80.58333333333334,487,0.8713073538654934
NHW female,80.66666666666666,488,0.8713073538654934
NHW female,80.75,489,0.8715430546825895
NHW female,80.83333333333334,490,0.8717394720301697
NHW female,80.91666666666666,491,0.8718573224387178
NHW female,81.0,492,0.8718966059082338
NHW female,81.08333333333334,493,0.872053739786298
NHW female,81.16666666666666,494,0.8723287240729101
NHW female,81.25,495,0.8724858579509742
NHW female,81.33333333333334,496,0.8725644248900063
NHW female,81.41666666666666,497,0.8726822752985544
NHW female,81.5,498,0.8729965430546826
NHW female,81.58333333333334,499,0.8731143934632307
NHW female,81.66666666666666,500,0.8733500942803268
NHW female,81.75,501,0.873664362036455
NHW female,81.83333333333334,502,0.8738214959145192
NHW female,81.91666666666666,503,0.8739393463230672
NHW female,82.0,504,0.8740964802011314
NHW female,82.08333333333334,505,0.8742928975487115
NHW female,82.16666666666666,506,0.8744893148962917
NHW female,82.25,507,0.8747250157133878
NHW female,82.33333333333334,508,0.875
NHW female,82.41666666666666,509,0.8751571338780642
NHW female,82.5,510,0.8754714016341923
NHW female,82.58333333333334,511,0.8755892520427404
NHW female,82.66666666666666,512,0.8758249528598366
NHW female,82.75,513,0.8759820867379007
NHW female,82.83333333333334,514,0.8760606536769328
NHW female,82.91666666666666,515,0.8761785040854808
NHW female,83.0,516,0.876335637963545
NHW female,83.08333333333334,517,0.876492771841609
NHW female,83.16666666666666,518,0.8766106222501572
NHW female,83.25,519,0.8767677561282212
NHW female,83.33333333333334,520,0.8769641734758014
NHW female,83.41666666666666,521,0.8771213073538655
NHW female,83.5,522,0.8774748585795098
NHW female,83.58333333333334,523,0.8777105593966059
NHW female,83.66666666666666,524,0.8778676932746701
NHW female,83.75,525,0.8780641106222502
NHW female,83.83333333333334,526,0.8783783783783784
NHW female,83.91666666666666,527,0.8783783783783784
NHW female,84.0,528,0.8784962287869265
NHW female,84.08333333333334,529,0.8785355122564424
NHW female,84.16666666666666,530,0.8785355122564424
NHW female,84.25,531,0.8786140791954745
NHW female,84.33333333333334,532,0.8786926461345066
NHW female,84.41666666666666,533,0.8787712130735387
NHW female,84.5,534,0.8788497800125707
NHW female,84.58333333333334,535,0.8788497800125707
NHW female,84.66666666666666,536,0.8788890634820867
NHW female,84.75,537,0.8789676304211188
NHW female,84.83333333333334,538,0.8789676304211188
NHW female,84.91666666666666,539,0.8789676304211188
NHW female,85.0,540,0.879124764299183
NHW female,85.08333333333334,541,0.8792033312382149
NHW female,85.16666666666666,542,0.8793211816467631
NHW female,85.25,543,0.8795175989943432
NHW female,85.33333333333334,544,0.8797532998114393
NHW female,85.41666666666666,545,0.8798318667504714
NHW female,85.5,546,0.8800282840980516
NHW female,85.58333333333334,547,0.8800282840980516
NHW female,85.66666666666666,548,0.8801854179761156
NHW female,85.75,549,0.8804211187932118
NHW female,85.83333333333334,550,0.8805782526712759
NHW female,85.91666666666666,551,0.880696103079824
NHW female,86.0,552,0.8807746700188561
NHW female,86.08333333333334,553,0.8809318038969202
NHW female,86.16666666666666,554,0.8810496543054682
NHW female,86.25,555,0.8812067881835324
NHW female,86.33333333333334,556,0.8812853551225645
NHW female,86.41666666666666,557,0.8815210559396606
NHW female,86.5,558,0.8816389063482086
NHW female,86.58333333333334,559,0.8817960402262728
NHW female,86.66666666666666,560,0.8818746071653049
NHW female,86.75,561,0.8819531741043369
NHW female,86.83333333333334,562,0.8821495914519171
NHW female,86.91666666666666,563,0.8822674418604651
NHW female,87.0,564,0.8823852922690132
NHW female,87.08333333333334,565,0.8826209930861094
NHW female,87.16666666666666,566,0.8827388434946575
NHW female,87.25,567,0.8827781269641735
NHW female,87.33333333333334,568,0.8828959773727215
NHW female,87.41666666666666,569,0.8830531112507857
NHW female,87.5,570,0.8832888120678818
NHW female,87.58333333333334,571,0.8834459459459459
NHW female,87.66666666666666,572,0.8836423632935261
NHW female,87.75,573,0.8837602137020741
NHW female,87.83333333333334,574,0.8837994971715902
NHW female,87.91666666666666,575,0.8838780641106222
NHW female,88.0,576,0.8839959145191704
NHW female,88.08333333333334,577,0.8839959145191704
NHW female,88.16666666666666,578,0.8839959145191704
NHW female,88.25,579,0.8839959145191704
NHW female,88.33333333333334,580,0.8840744814582024
NHW female,88.41666666666666,581,0.8840744814582024
NHW female,88.5,582,0.8840744814582024
NHW female,88.58333333333334,583,0.8840744814582024
NHW female,88.66666666666666,584,0.8840744814582024
NHW female,88.75,585,0.8841137649277184
NHW female,88.83333333333334,586,0.8841137649277184
NHW female,88.91666666666666,587,0.8841137649277184
NHW female,89.0,588,0.8841137649277184
NHW female,89.08333333333334,589,0.8841137649277184
NHW female,89.16666666666666,590,0.8842316153362665
NHW female,89.25,591,0.8843101822752986
NHW female,89.33333333333334,592,0.8843494657448145
NHW female,89.41666666666666,593,0.8843887492143306
NHW female,89.5,594,0.8843887492143306
NHW female,89.58333333333334,595,0.8845458830923947
NHW female,89.66666666666666,596,0.8846637335009429
NHW female,89.75,597,0.8846637335009429
NHW female,89.83333333333334,598,0.8847030169704588
NHW female,89.91666666666666,599,0.8847423004399748
NHW female,90.0,600,0.8848208673790069
NHW female,90.08333333333334,601,0.8850565681961031
NHW female,90.16666666666666,602,0.8850958516656191
NHW female,90.25,603,0.8852922690131992
NHW female,90.33333333333334,604,0.8853315524827152
NHW female,90.41666666666666,605,0.8853315524827152
NHW female,90.5,606,0.8854886863607794
NHW female,90.58333333333334,607,0.8856458202388435
NHW female,90.66666666666666,608,0.8856851037083595
NHW female,90.75,609,0.8857636706473916
NHW female,90.83333333333334,610,0.8858422375864237
NHW female,90.91666666666666,611,0.8859600879949717
NHW female,91.0,612,0.8859993714644877
NHW female,91.08333333333334,613,0.8860779384035198
NHW female,91.16666666666666,614,0.8860779384035198
NHW female,91.25,615,0.8861565053425519
NHW female,91.33333333333334,616,0.8862350722815839
NHW female,91.41666666666666,617,0.8862350722815839
NHW female,91.5,618,0.8862350722815839
NHW female,91.58333333333334,619,0.886392206159648
NHW female,91.66666666666666,620,0.886392206159648
NHW female,91.75,621,0.88647077309868
NHW female,91.83333333333334,622,0.8865493400377121
NHW female,91.91666666666666,623,0.8866279069767442
NHW female,92.0,624,0.8867064739157763
NHW female,92.08333333333334,625,0.8867457573852923
NHW female,92.16666666666666,626,0.8867850408548082
NHW female,92.25,627,0.8867850408548082
NHW female,92.33333333333334,628,0.8867850408548082
NHW female,92.41666666666666,629,0.8867850408548082
NHW female,92.5,630,0.8867850408548082
NHW female,92.58333333333334,631,0.8867850408548082
NHW female,92.66666666666666,632,0.8867850408548082
NHW female,92.75,633,0.8868243243243243
NHW female,92.83333333333334,634,0.8868636077938403
NHW female,92.91666666666666,635,0.8868636077938403
NHW female,93.0,636,0.8868636077938403
NHW female,93.08333333333334,637,0.8869028912633564
NHW female,93.16666666666666,638,0.8870207416719045
NHW female,93.25,639,0.8870993086109366
NHW female,93.33333333333334,640,0.8870993086109366
NHW female,93.41666666666666,641,0.8871385920804525
NHW female,93.5,642,0.8871385920804525
NHW female,93.58333333333334,643,0.8871385920804525
NHW female,93.66666666666666,644,0.8871385920804525
NHW female,93.75,645,0.8872171590194846
NHW female,93.83333333333334,646,0.8872564424890006
NHW female,93.91666666666666,647,0.8872564424890006
NHW female,94.0,648,0.8872957259585167
NHW female,94.08333333333334,649,0.8872957259585167
NHW female,94.16666666666666,650,0.8873350094280327
NHW female,94.25,651,0.8873742928975488
NHW female,94.33333333333334,652,0.8873742928975488
NHW female,94.41666666666666,653,0.8874528598365807
NHW female,94.5,654,0.8875707102451289
NHW female,94.58333333333334,655,0.8876099937146449
NHW female,94.66666666666666,656,0.8877278441231929
NHW female,94.75,657,0.8877278441231929
NHW female,94.83333333333334,658,0.887767127592709
NHW female,94.91666666666666,659,0.887767127592709
NHW female,95.0,660,0.887767127592709
NHW female,95.08333333333334,661,0.8879242614707731
NHW female,95.16666666666666,662,0.8879242614707731
NHW female,95.25,663,0.8879635449402892
NHW female,95.33333333333334,664,0.8880813953488372
NHW female,95.41666666666666,665,0.8881206788183532
NHW female,95.5,666,0.8881599622878693
NHW female,95.58333333333334,667,0.8881992457573853
NHW female,95.66666666666666,668,0.8882385292269013
NHW female,95.75,669,0.8882778126964174
NHW female,95.83333333333334,670,0.8882778126964174
NHW female,95.91666666666666,671,0.8882778126964174
NHW female,96.0,672,0.8882778126964174
NHW female,96.08333333333334,673,0.8882778126964174
NHW female,96.16666666666666,674,0.8882778126964174
NHW female,96.25,675,0.8882778126964174
NHW female,96.33333333333334,676,0.8882778126964174
NHW female,96.41666666666666,677,0.8882778126964174
NHW female,96.5,678,0.8882778126964174
NHW female,96.58333333333334,679,0.8882778126964174
NHW female,96.66666666666666,680,0.8882778126964174
NHW female,96.75,681,0.8882778126964174
NHW female,96.83333333333334,682,0.8882778126964174
NHW female,96.91666666666666,683,0.8882778126964174
NHW female,97.0,684,0.8882778126964174
NHW female,97.08333333333334,685,0.8882778126964174
NHW female,97.16666666666666,686,0.8882778126964174
NHW female,97.25,687,0.8883563796354494
NHW female,97.33333333333334,688,0.8884349465744814
NHW female,97.41666666666666,689,0.8884349465744814
NHW female,97.5,690,0.8884349465744814
NHW female,97.58333333333334,691,0.8884349465744814
NHW female,97.66666666666666,692,0.8884349465744814
NHW female,97.75,693,0.8884349465744814
NHW female,97.83333333333334,694,0.8884349465744814
NHW female,97.91666666666666,695,0.8884349465744814
NHW female,98.0,696,0.8884742300439975
NHW female,98.08333333333334,697,0.8884742300439975
NHW female,98.16666666666666,698,0.8884742300439975
NHW female,98.25,699,0.8884742300439975
NHW female,98.33333333333334,700,0.8884742300439975
NHW female,98.41666666666666,701,0.8884742300439975
NHW female,98.5,702,0.8884742300439975
NHW female,98.58333333333334,703,0.8885135135135135
NHW female,98.66666666666666,704,0.8885135135135135
NHW female,98.75,705,0.8885135135135135
NHW female,98.83333333333334,706,0.8885135135135135
NHW female,98.91666666666666,707,0.8885135135135135
NHW female,99.0,708,0.8885135135135135
NHW female,99.08333333333334,709,0.8885135135135135
NHW female,99.16666666666666,710,0.8885135135135135
NHW female,99.25,711,0.8885920804525456
NHW female,99.33333333333334,712,0.8885920804525456
NHW female,99.41666666666666,713,0.8886313639220615
NHW female,99.5,714,0.8886313639220615
NHW female,99.58333333333334,715,0.8886706473915776
NHW female,99.66666666666666,716,0.8887099308610936
NHW female,99.75,717,0.8887099308610936
NHW female,99.83333333333334,718,0.8887099308610936
NHW female,99.91666666666666,719,0.8887099308610936
NHW female,100.0,720,0.8887099308610936
NHW female,100.08333333333334,721,0.8887099308610936
NHW female,100.16666666666666,722,0.8887099308610936
NHW female,100.25,723,0.8887099308610936
NHW female,100.33333333333334,724,0.8887099308610936
NHW female,100.41666666666666,725,0.8887099308610936
NHW male,40.0,0,0.5541883963494133
NHW male,40.083333333333336,1,0.5657594524119948
NHW male,40.166666666666664,2,0.5659631681877445
NHW male,40.25,3,0.5660446544980443
NHW male,40.333333333333336,4,0.5661668839634941
NHW male,40.416666666666664,5,0.566289113428944
NHW male,40.5,6,0.5663705997392438
NHW male,40.583333333333336,7,0.5664113428943938
NHW male,40.666666666666664,8,0.5664928292046936
NHW male,40.75,9,0.5666150586701434
NHW male,40.833333333333336,10,0.5666558018252934
NHW male,40.916666666666664,11,0.5668187744458931
NHW male,41.0,12,0.5669002607561929
NHW male,41.083333333333336,13,0.590001629726206
NHW male,41.166666666666664,14,0.5924462190352021
NHW male,41.25,15,0.5941166883963495
NHW male,41.333333333333336,16,0.5963575619295959
NHW male,41.416666666666664,17,0.5983539765319427
NHW male,41.5,18,0.5997392438070405
NHW male,41.583333333333336,19,0.6016134289439374
NHW male,41.666666666666664,20,0.6036098435462842
NHW male,41.75,21,0.6054025423728814
NHW male,41.833333333333336,22,0.6068285528031291
NHW male,41.916666666666664,23,0.6083360495436767
NHW male,42.0,24,0.6099250325945241
NHW male,42.083333333333336,25,0.6122066492829205
NHW male,42.166666666666664,26,0.6138771186440678
NHW male,42.25,27,0.6157513037809648
NHW male,42.333333333333336,28,0.6175440026075619
NHW male,42.416666666666664,29,0.6191737288135594
NHW male,42.5,30,0.6207219687092569
NHW male,42.583333333333336,31,0.6230035853976532
NHW male,42.666666666666664,32,0.6254074315514994
NHW male,42.75,33,0.6272816166883963
NHW male,42.833333333333336,34,0.6288298565840938
NHW male,42.916666666666664,35,0.6305003259452412
NHW male,43.0,36,0.6324152542372882
NHW male,43.083333333333336,37,0.634330182529335
NHW male,43.166666666666664,38,0.6356747066492829
NHW male,43.25,39,0.6376711212516297
NHW male,43.333333333333336,40,0.6399119947848761
NHW male,43.416666666666664,41,0.6415417209908736
NHW male,43.5,42,0.6430084745762712
NHW male,43.583333333333336,43,0.6445567144719687
NHW male,43.666666666666664,44,0.6462271838331161
NHW male,43.75,45,0.6478569100391134
NHW male,43.833333333333336,46,0.6493236636245111
NHW male,43.916666666666664,47,0.650627444589309
NHW male,44.0,48,0.6529905475880052
NHW male,44.083333333333336,49,0.6544165580182529
NHW male,44.166666666666664,50,0.655638852672751
NHW male,44.25,51,0.6566574315514994
NHW male,44.333333333333336,52,0.6580834419817471
NHW male,44.416666666666664,53,0.6589797913950456
NHW male,44.5,54,0.6606502607561929
NHW male,44.583333333333336,55,0.6613428943937418
NHW male,44.666666666666664,56,0.6626059322033898
NHW male,44.75,57,0.6638282268578879
NHW male,44.833333333333336,58,0.6649690352020861
NHW male,44.916666666666664,59,0.6658246414602347
NHW male,45.0,60,0.6670876792698827
NHW male,45.083333333333336,61,0.6683507170795306
NHW male,45.166666666666664,62,0.6698989569752282
NHW male,45.25,63,0.6716101694915254
NHW male,45.333333333333336,64,0.6729954367666232
NHW male,45.416666666666664,65,0.6742992177314211
NHW male,45.5,66,0.6765400912646675
NHW male,45.583333333333336,67,0.6778846153846154
NHW male,45.666666666666664,68,0.6794328552803129
NHW male,45.75,69,0.6808996088657105
NHW male,45.833333333333336,70,0.6825700782268579
NHW male,45.916666666666664,71,0.6840775749674055
NHW male,46.0,72,0.6853813559322034
NHW male,46.083333333333336,73,0.6868073663624511
NHW male,46.166666666666664,74,0.6880704041720991
NHW male,46.25,75,0.6892519556714471
NHW male,46.333333333333336,76,0.690596479791395
NHW male,46.416666666666664,77,0.6922669491525424
NHW male,46.5,78,0.6938966753585397
NHW male,46.583333333333336,79,0.6956078878748371
NHW male,46.666666666666664,80,0.6972783572359843
NHW male,46.75,81,0.6990303129074316
NHW male,46.833333333333336,82,0.7000896349413298
NHW male,46.916666666666664,83,0.7016786179921773
NHW male,47.0,84,0.7033083441981747
NHW male,47.083333333333336,85,0.7046121251629727
NHW male,47.166666666666664,86,0.70624185136897
NHW male,47.25,87,0.7076271186440678
NHW male,47.333333333333336,88,0.709338331160365
NHW male,47.416666666666664,89,0.7108458279009127
NHW male,47.5,90,0.7123940677966102
NHW male,47.583333333333336,91,0.7142682529335072
NHW male,47.666666666666664,92,0.715612777053455
NHW male,47.75,93,0.7165906127770535
NHW male,47.833333333333336,94,0.718138852672751
NHW male,47.916666666666664,95,0.7194426336375489
NHW male,48.0,96,0.7208279009126467
NHW male,48.083333333333336,97,0.7216020208604954
NHW male,48.166666666666664,98,0.7223761408083442
NHW male,48.25,99,0.7231910039113429
NHW male,48.333333333333336,100,0.7244947848761408
NHW male,48.416666666666664,101,0.7251874185136897
NHW male,48.5,102,0.7256763363754889
NHW male,48.583333333333336,103,0.7263689700130378
NHW male,48.666666666666664,104,0.7271430899608866
NHW male,48.75,105,0.7283653846153846
NHW male,48.833333333333336,106,0.7294247066492829
NHW male,48.916666666666664,107,0.7301173402868318
NHW male,49.0,108,0.7311766623207301
NHW male,49.083333333333336,109,0.7323989569752282
NHW male,49.166666666666664,110,0.7335397653194263
NHW male,49.25,111,0.7346398305084746
NHW male,49.333333333333336,112,0.7360658409387223
NHW male,49.416666666666664,113,0.7369214471968709
NHW male,49.5,114,0.738102998696219
NHW male,49.583333333333336,115,0.7393252933507171
NHW male,49.666666666666664,116,0.7403031290743155
NHW male,49.75,117,0.7413624511082139
NHW male,49.833333333333336,118,0.742503259452412
NHW male,49.916666666666664,119,0.7436440677966102
NHW male,50.0,120,0.7444589308996089
NHW male,50.083333333333336,121,0.7453145371577575
NHW male,50.166666666666664,122,0.7464553455019557
NHW male,50.25,123,0.7476368970013038
NHW male,50.333333333333336,124,0.7486962190352021
NHW male,50.416666666666664,125,0.7497555410691004
NHW male,50.5,126,0.7509370925684485
NHW male,50.583333333333336,127,0.7519556714471969
NHW male,50.666666666666664,128,0.753177966101695
NHW male,50.75,129,0.7543187744458931
NHW male,50.833333333333336,130,0.7552151238591917
NHW male,50.916666666666664,131,0.7561522164276402
NHW male,51.0,132,0.7569670795306388
NHW male,51.083333333333336,133,0.7578634289439374
NHW male,51.166666666666664,134,0.7590449804432855
NHW male,51.25,135,0.7596968709256845
NHW male,51.333333333333336,136,0.7607154498044328
NHW male,51.416666666666664,137,0.7617340286831812
NHW male,51.5,138,0.76250814863103
NHW male,51.583333333333336,139,0.7642193611473272
NHW male,51.666666666666664,140,0.764952737940026
NHW male,51.75,141,0.7660935462842242
NHW male,51.833333333333336,142,0.7671528683181226
NHW male,51.916666666666664,143,0.7682936766623207
NHW male,52.0,144,0.7694752281616688
NHW male,52.083333333333336,145,0.7701271186440678
NHW male,52.166666666666664,146,0.7707382659713168
NHW male,52.25,147,0.7715123859191656
NHW male,52.333333333333336,148,0.7721642764015645
NHW male,52.416666666666664,149,0.7728976531942634
NHW male,52.5,150,0.7736717731421121
NHW male,52.583333333333336,151,0.7740792046936115
NHW male,52.666666666666664,152,0.7746088657105606
NHW male,52.75,153,0.7751792698826597
NHW male,52.833333333333336,154,0.7758311603650587
NHW male,52.916666666666664,155,0.7764830508474576
NHW male,53.0,156,0.7772164276401564
NHW male,53.083333333333336,157,0.7780312907431551
NHW male,53.166666666666664,158,0.7790906127770535
NHW male,53.25,159,0.779986962190352
NHW male,53.333333333333336,160,0.7811277705345502
NHW male,53.416666666666664,161,0.7823093220338984
NHW male,53.5,162,0.7830834419817471
NHW male,53.583333333333336,163,0.7840612777053455
NHW male,53.666666666666664,164,0.784998370273794
NHW male,53.75,165,0.7860984354628422
NHW male,53.833333333333336,166,0.7871170143415906
NHW male,53.916666666666664,167,0.7876466753585397
NHW male,54.0,168,0.7886245110821382
NHW male,54.083333333333336,169,0.7892356584093873
NHW male,54.166666666666664,170,0.7902542372881356
NHW male,54.25,171,0.7911505867014341
NHW male,54.333333333333336,172,0.7921691655801826
NHW male,54.416666666666664,173,0.7929432855280313
NHW male,54.5,174,0.7940840938722294
NHW male,54.583333333333336,175,0.7948174706649282
NHW male,54.666666666666664,176,0.7959582790091264
NHW male,54.75,177,0.796854628422425
NHW male,54.833333333333336,178,0.7976287483702738
NHW male,54.916666666666664,179,0.7983621251629727
NHW male,55.0,180,0.7992992177314211
NHW male,55.083333333333336,181,0.8001548239895697
NHW male,55.166666666666664,182,0.8010511734028684
NHW male,55.25,183,0.8019475228161669
NHW male,55.333333333333336,184,0.8027216427640157
NHW male,55.416666666666664,185,0.8034550195567145
NHW male,55.5,186,0.8041069100391134
NHW male,55.583333333333336,187,0.8050440026075619
NHW male,55.666666666666664,188,0.8056551499348109
NHW male,55.75,189,0.80622555410691
NHW male,55.833333333333336,190,0.806877444589309
NHW male,55.916666666666664,191,0.8076923076923077
NHW male,56.0,192,0.8086294002607562
NHW male,56.08333333333333,193,0.8090775749674055
NHW male,56.16666666666667,194,0.8096887222946545
NHW male,56.25,195,0.8100961538461539
NHW male,56.33333333333333,196,0.8104220990873533
NHW male,56.41666666666667,197,0.8109110169491526
NHW male,56.5,198,0.8113591916558018
NHW male,56.58333333333333,199,0.8118073663624511
NHW male,56.66666666666667,200,0.8121740547588006
NHW male,56.75,201,0.8126222294654498
NHW male,56.83333333333333,202,0.8129481747066493
NHW male,56.91666666666667,203,0.8135185788787483
NHW male,57.0,204,0.8140074967405476
NHW male,57.08333333333333,205,0.8146186440677966
NHW male,57.16666666666667,206,0.8152297913950456
NHW male,57.25,207,0.8159224250325945
NHW male,57.33333333333333,208,0.8164520860495437
NHW male,57.41666666666667,209,0.8171447196870926
NHW male,57.5,210,0.8180410691003911
NHW male,57.58333333333333,211,0.8186929595827901
NHW male,57.66666666666667,212,0.8195078226857888
NHW male,57.75,213,0.8203226857887875
NHW male,57.83333333333333,214,0.8208523468057366
NHW male,57.91666666666667,215,0.8217486962190352
NHW male,58.0,216,0.8224413298565841
NHW male,58.08333333333333,217,0.8229302477183833
NHW male,58.16666666666667,218,0.8235821382007823
NHW male,58.25,219,0.824356258148631
NHW male,58.33333333333333,220,0.8251711212516297
NHW male,58.41666666666667,221,0.825619295958279
NHW male,58.5,222,0.8263526727509778
NHW male,58.58333333333333,223,0.8269638200782269
NHW male,58.66666666666667,224,0.8276564537157758
NHW male,58.75,225,0.8283490873533247
NHW male,58.83333333333333,226,0.8289602346805737
NHW male,58.91666666666667,227,0.8294898956975228
NHW male,59.0,228,0.8302640156453716
NHW male,59.08333333333333,229,0.8307936766623207
NHW male,59.16666666666667,230,0.831893741851369
NHW male,59.25,231,0.832504889178618
NHW male,59.33333333333333,232,0.833116036505867
NHW male,59.41666666666667,233,0.8340123859191656
NHW male,59.5,234,0.8345013037809648
NHW male,59.58333333333333,235,0.8351531942633638
NHW male,59.66666666666667,236,0.8360088005215124
NHW male,59.75,237,0.8367421773142112
NHW male,59.83333333333333,238,0.8371903520208605
NHW male,59.91666666666667,239,0.8376385267275098
NHW male,60.0,240,0.8380459582790091
NHW male,60.08333333333333,241,0.8384941329856584
NHW male,60.16666666666667,242,0.8385756192959583
NHW male,60.25,243,0.8389423076923077
NHW male,60.33333333333333,244,0.8392275097783573
NHW male,60.41666666666667,245,0.839390482398957
NHW male,60.5,246,0.8398386571056062
NHW male,60.58333333333333,247,0.8400831160365059
NHW male,60.66666666666667,248,0.8403683181225554
NHW male,60.75,249,0.8406942633637549
NHW male,60.83333333333333,250,0.8409794654498044
NHW male,60.91666666666667,251,0.8413461538461539
NHW male,61.0,252,0.8415498696219035
NHW male,61.08333333333333,253,0.8419980443285529
NHW male,61.16666666666667,254,0.8425277053455019
NHW male,61.25,255,0.8433425684485006
NHW male,61.33333333333333,256,0.8441574315514994
NHW male,61.41666666666667,257,0.8448093220338984
NHW male,61.5,258,0.8451760104302477
NHW male,61.58333333333333,259,0.8455426988265972
NHW male,61.66666666666667,260,0.8459908735332464
NHW male,61.75,261,0.8467242503259452
NHW male,61.83333333333333,262,0.8474168839634941
NHW male,61.91666666666667,263,0.8477428292046936
NHW male,62.0,264,0.8483539765319427
NHW male,62.08333333333333,265,0.8489243807040417
NHW male,62.16666666666667,266,0.849372555410691
NHW male,62.25,267,0.84998370273794
NHW male,62.33333333333333,268,0.8505541069100391
NHW male,62.41666666666667,269,0.8509207953063885
NHW male,62.5,270,0.851246740547588
NHW male,62.58333333333333,271,0.8516134289439374
NHW male,62.66666666666667,272,0.8519801173402868
NHW male,62.75,273,0.8521430899608866
NHW male,62.83333333333333,274,0.852550521512386
NHW male,62.91666666666667,275,0.8528764667535854
NHW male,63.0,276,0.853161668839635
NHW male,63.08333333333333,277,0.8535691003911343
NHW male,63.16666666666667,278,0.8541802477183833
NHW male,63.25,279,0.8548728813559322
NHW male,63.33333333333333,280,0.8553617992177314
NHW male,63.41666666666667,281,0.8558099739243807
NHW male,63.5,282,0.8561766623207301
NHW male,63.58333333333333,283,0.8566655801825294
NHW male,63.66666666666667,284,0.8572359843546284
NHW male,63.75,285,0.8580101043024772
NHW male,63.83333333333333,286,0.8582138200782269
NHW male,63.91666666666667,287,0.858784224250326
NHW male,64.0,288,0.8589879400260756
NHW male,64.08333333333333,289,0.8591916558018253
NHW male,64.16666666666667,290,0.859395371577575
NHW male,64.25,291,0.8595583441981747
NHW male,64.33333333333333,292,0.8596805736636245
NHW male,64.41666666666667,293,0.8598028031290743
NHW male,64.5,294,0.8600065189048239
NHW male,64.58333333333333,295,0.8601694915254238
NHW male,64.66666666666667,296,0.8603324641460235
NHW male,64.75,297,0.8604954367666232
NHW male,64.83333333333333,298,0.8606991525423728
NHW male,64.91666666666667,299,0.8609028683181226
NHW male,65.0,300,0.8611065840938722
NHW male,65.08333333333333,301,0.8615955019556715
NHW male,65.16666666666667,302,0.8620844198174706
NHW male,65.25,303,0.8625733376792699
NHW male,65.33333333333333,304,0.8628585397653195
NHW male,65.41666666666667,305,0.8630622555410691
NHW male,65.5,306,0.8634696870925684
NHW male,65.58333333333333,307,0.8637956323337679
NHW male,65.66666666666667,308,0.8641623207301173
NHW male,65.75,309,0.864366036505867
NHW male,65.83333333333333,310,0.8647734680573663
NHW male,65.91666666666667,311,0.8650586701434159
NHW male,66.0,312,0.8651401564537158
NHW male,66.08333333333333,313,0.8655475880052151
NHW male,66.16666666666667,314,0.8659142764015645
NHW male,66.25,315,0.866240221642764
NHW male,66.33333333333333,316,0.8666069100391134
NHW male,66.41666666666667,317,0.8671773142112125
NHW male,66.5,318,0.8677069752281616
NHW male,66.58333333333333,319,0.8680736636245111
NHW male,66.66666666666667,320,0.8686848109517601
NHW male,66.75,321,0.8691737288135594
NHW male,66.83333333333333,322,0.8694181877444589
NHW male,66.91666666666667,323,0.8697033898305084
NHW male,67.0,324,0.8701515645371578
NHW male,67.08333333333333,325,0.8704775097783573
NHW male,67.16666666666667,326,0.8708849413298566
NHW male,67.25,327,0.8714146023468058
NHW male,67.33333333333333,328,0.8716998044328553
NHW male,67.41666666666667,329,0.8720257496740548
NHW male,67.5,330,0.8723924380704041
NHW male,67.58333333333333,331,0.8728813559322034
NHW male,67.66666666666667,332,0.8730035853976532
NHW male,67.75,333,0.8733702737940026
NHW male,67.83333333333333,334,0.8736554758800521
NHW male,67.91666666666667,335,0.8741036505867015
NHW male,68.0,336,0.874348109517601
NHW male,68.08333333333333,337,0.8745925684485006
NHW male,68.16666666666667,338,0.8747962842242504
NHW male,68.25,339,0.8749185136897001
NHW male,68.33333333333333,340,0.8750814863102999
NHW male,68.41666666666667,341,0.8752444589308996
NHW male,68.5,342,0.8752852020860495
NHW male,68.58333333333333,343,0.8755296610169492
NHW male,68.66666666666667,344,0.8757333767926988
NHW male,68.75,345,0.8757741199478487
NHW male,68.83333333333333,346,0.8758148631029987
NHW male,68.91666666666667,347,0.8758556062581486
NHW male,69.0,348,0.8761815514993481
NHW male,69.08333333333333,349,0.8763852672750978
NHW male,69.16666666666667,350,0.8766704693611473
NHW male,69.25,351,0.8769964146023468
NHW male,69.33333333333333,352,0.8772001303780965
NHW male,69.41666666666667,353,0.8775668187744459
NHW male,69.5,354,0.8776890482398957
NHW male,69.58333333333333,355,0.8778520208604954
NHW male,69.66666666666667,356,0.878096479791395
NHW male,69.75,357,0.8784224250325945
NHW male,69.83333333333333,358,0.878789113428944
NHW male,69.91666666666667,359,0.8788705997392438
NHW male,70.0,360,0.8790335723598436
NHW male,70.08333333333333,361,0.8791965449804433
NHW male,70.16666666666667,362,0.8794817470664928
NHW male,70.25,363,0.8797262059973925
NHW male,70.33333333333333,364,0.8798891786179922
NHW male,70.41666666666667,365,0.8801743807040417
NHW male,70.5,366,0.8804188396349413
NHW male,70.58333333333333,367,0.8807855280312907
NHW male,70.66666666666667,368,0.8811929595827901
NHW male,70.75,369,0.8813966753585397
NHW male,70.83333333333333,370,0.8815189048239895
NHW male,70.91666666666667,371,0.8817633637548892
NHW male,71.0,372,0.8820485658409387
NHW male,71.08333333333333,373,0.8824559973924381
NHW male,71.16666666666667,374,0.8826597131681877
NHW male,71.25,375,0.8829449152542372
NHW male,71.33333333333333,376,0.8830671447196871
NHW male,71.41666666666667,377,0.8832708604954368
NHW male,71.5,378,0.8836782920469362
NHW male,71.58333333333333,379,0.8836782920469362
NHW male,71.66666666666667,380,0.8838820078226858
NHW male,71.75,381,0.8840857235984355
NHW male,71.83333333333333,382,0.884330182529335
NHW male,71.91666666666667,383,0.8844524119947849
NHW male,72.0,384,0.8846153846153846
NHW male,72.08333333333334,385,0.8846968709256845
NHW male,72.16666666666666,386,0.8847376140808344
NHW male,72.25,387,0.8848191003911343
NHW male,72.33333333333334,388,0.8849413298565841
NHW male,72.41666666666666,389,0.8849413298565841
NHW male,72.5,390,0.8850635593220338
NHW male,72.58333333333334,391,0.8851043024771839
NHW male,72.66666666666666,392,0.8851450456323338
NHW male,72.75,393,0.8852265319426337
NHW male,72.83333333333334,394,0.8852672750977836
NHW male,72.91666666666666,395,0.8853895045632334
NHW male,73.0,396,0.8854302477183833
NHW male,73.08333333333334,397,0.885593220338983
NHW male,73.16666666666666,398,0.8856747066492829
NHW male,73.25,399,0.8857561929595827
NHW male,73.33333333333334,400,0.8859191655801826
NHW male,73.41666666666666,401,0.8860821382007823
NHW male,73.5,402,0.8864080834419817
NHW male,73.58333333333334,403,0.8866932855280313
NHW male,73.66666666666666,404,0.886856258148631
NHW male,73.75,405,0.8870599739243807
NHW male,73.83333333333334,406,0.8874266623207301
NHW male,73.91666666666666,407,0.88750814863103
NHW male,74.0,408,0.8878340938722294
NHW male,74.08333333333334,409,0.8879970664928292
NHW male,74.16666666666666,410,0.8881600391134289
NHW male,74.25,411,0.8882822685788787
NHW male,74.33333333333334,412,0.8884044980443285
NHW male,74.41666666666666,413,0.8886082138200783
NHW male,74.5,414,0.8886897001303781
NHW male,74.58333333333334,415,0.8888119295958279
NHW male,74.66666666666666,416,0.8890971316818774
NHW male,74.75,417,0.8892601043024772
NHW male,74.83333333333334,418,0.8895045632333768
NHW male,74.91666666666666,419,0.8895045632333768
NHW male,75.0,420,0.8898305084745762
NHW male,75.08333333333334,421,0.890034224250326
NHW male,75.16666666666666,422,0.8903194263363755
NHW male,75.25,423,0.890604628422425
NHW male,75.33333333333334,424,0.8908083441981747
NHW male,75.41666666666666,425,0.8910120599739244
NHW male,75.5,426,0.8911342894393742
NHW male,75.58333333333334,427,0.891215775749674
NHW male,75.66666666666666,428,0.8912565189048239
NHW male,75.75,429,0.8914602346805737
NHW male,75.83333333333334,430,0.8916232073011734
NHW male,75.91666666666666,431,0.8917454367666232
NHW male,76.0,432,0.891867666232073
NHW male,76.08333333333334,433,0.8919491525423728
NHW male,76.16666666666666,434,0.8920306388526728
NHW male,76.25,435,0.8920713820078227
NHW male,76.33333333333334,436,0.8920713820078227
NHW male,76.41666666666666,437,0.8920713820078227
NHW male,76.5,438,0.8920713820078227
NHW male,76.58333333333334,439,0.8921121251629727
NHW male,76.66666666666666,440,0.8921121251629727
NHW male,76.75,441,0.8921528683181226
NHW male,76.83333333333334,442,0.8921528683181226
NHW male,76.91666666666666,443,0.8921936114732725
NHW male,77.0,444,0.8922750977835724
NHW male,77.08333333333334,445,0.892478813559322
NHW male,77.16666666666666,446,0.8925602998696219
NHW male,77.25,447,0.8928455019556715
NHW male,77.33333333333334,448,0.8930084745762712
NHW male,77.41666666666666,449,0.8930899608865711
NHW male,77.5,450,0.8932529335071708
NHW male,77.58333333333334,451,0.8936603650586702
NHW male,77.66666666666666,452,0.8936603650586702
NHW male,77.75,453,0.8938233376792699
NHW male,77.83333333333334,454,0.8941085397653195
NHW male,77.91666666666666,455,0.8941900260756193
NHW male,78.0,456,0.8942307692307693
NHW male,78.08333333333334,457,0.8942715123859192
NHW male,78.16666666666666,458,0.8944344850065189
NHW male,78.25,459,0.8946382007822686
NHW male,78.33333333333334,460,0.8948419165580183
NHW male,78.41666666666666,461,0.8950456323337679
NHW male,78.5,462,0.8950863754889179
NHW male,78.58333333333334,463,0.8952900912646675
NHW male,78.66666666666666,464,0.8954123207301173
NHW male,78.75,465,0.8955345501955672
NHW male,78.83333333333334,466,0.895656779661017
NHW male,78.91666666666666,467,0.8958197522816167
NHW male,79.0,468,0.8959827249022164
NHW male,79.08333333333334,469,0.8961049543676662
NHW male,79.16666666666666,470,0.8963494132985659
NHW male,79.25,471,0.8963494132985659
NHW male,79.33333333333334,472,0.8965531290743155
NHW male,79.41666666666666,473,0.8967161016949152
NHW male,79.5,474,0.896879074315515
NHW male,79.58333333333334,475,0.8970420469361148
NHW male,79.66666666666666,476,0.8972050195567145
NHW male,79.75,477,0.8973272490221643
NHW male,79.83333333333334,478,0.897490221642764
NHW male,79.91666666666666,479,0.8977754237288136
NHW male,80.0,480,0.8978569100391134
NHW male,80.08333333333334,481,0.8978976531942634
NHW male,80.16666666666666,482,0.8978976531942634
NHW male,80.25,483,0.8979383963494133
NHW male,80.33333333333334,484,0.8980606258148631
NHW male,80.41666666666666,485,0.8980606258148631
NHW male,80.5,486,0.8980606258148631
NHW male,80.58333333333334,487,0.8980606258148631
NHW male,80.66666666666666,488,0.898101368970013
NHW male,80.75,489,0.8981421121251629
NHW male,80.83333333333334,490,0.8981421121251629
NHW male,80.91666666666666,491,0.8982235984354628
NHW male,81.0,492,0.8982643415906127
NHW male,81.08333333333334,493,0.8983458279009127
NHW male,81.16666666666666,494,0.8984273142112125
NHW male,81.25,495,0.8985088005215124
NHW male,81.33333333333334,496,0.8985902868318123
NHW male,81.41666666666666,497,0.8986310299869622
NHW male,81.5,498,0.8986717731421121
NHW male,81.58333333333334,499,0.8987940026075619
NHW male,81.66666666666666,500,0.8990384615384616
NHW male,81.75,501,0.8990792046936115
NHW male,81.83333333333334,502,0.8991199478487614
NHW male,81.91666666666666,503,0.8992014341590613
NHW male,82.0,504,0.8992421773142112
NHW male,82.08333333333334,505,0.8994051499348109
NHW male,82.16666666666666,506,0.8995681225554107
NHW male,82.25,507,0.8997310951760105
NHW male,82.33333333333334,508,0.8998125814863103
NHW male,82.41666666666666,509,0.90001629726206
NHW male,82.5,510,0.9000570404172099
NHW male,82.58333333333334,511,0.9000977835723598
NHW male,82.66666666666666,512,0.9001385267275098
NHW male,82.75,513,0.9003014993481095
NHW male,82.83333333333334,514,0.9003829856584094
NHW male,82.91666666666666,515,0.9004644719687093
NHW male,83.0,516,0.900627444589309
NHW male,83.08333333333334,517,0.9006681877444589
NHW male,83.16666666666666,518,0.9007089308996089
NHW male,83.25,519,0.9007496740547588
NHW male,83.33333333333334,520,0.9008311603650587
NHW male,83.41666666666666,521,0.9008719035202086
NHW male,83.5,522,0.9009533898305084
NHW male,83.58333333333334,523,0.9009941329856584
NHW male,83.66666666666666,524,0.9010756192959583
NHW male,83.75,525,0.9011978487614081
NHW male,83.83333333333334,526,0.901279335071708
NHW male,83.91666666666666,527,0.9013608213820078
NHW male,84.0,528,0.9013608213820078
NHW male,84.08333333333334,529,0.9014015645371578
NHW male,84.16666666666666,530,0.9014423076923077
NHW male,84.25,531,0.9014423076923077
NHW male,84.33333333333334,532,0.9014423076923077
NHW male,84.41666666666666,533,0.9014423076923077
NHW male,84.5,534,0.9014423076923077
NHW male,84.58333333333334,535,0.9014423076923077
NHW male,84.66666666666666,536,0.9014423076923077
NHW male,84.75,537,0.9014423076923077
NHW male,84.83333333333334,538,0.9014830508474576
NHW male,84.91666666666666,539,0.9015237940026075
NHW male,85.0,540,0.9015237940026075
NHW male,85.08333333333334,541,0.9015237940026075
NHW male,85.16666666666666,542,0.9015645371577575
NHW male,85.25,543,0.9016460234680573
NHW male,85.33333333333334,544,0.9016867666232073
NHW male,85.41666666666666,545,0.9016867666232073
NHW male,85.5,546,0.9016867666232073
NHW male,85.58333333333334,547,0.9017682529335072
NHW male,85.66666666666666,548,0.9017682529335072
NHW male,85.75,549,0.9018089960886571
NHW male,85.83333333333334,550,0.9018497392438071
NHW male,85.91666666666666,551,0.901890482398957
NHW male,86.0,552,0.9019312255541069
NHW male,86.08333333333334,553,0.9020941981747066
NHW male,86.16666666666666,554,0.9021349413298566
NHW male,86.25,555,0.9022164276401564
NHW male,86.33333333333334,556,0.9022979139504563
NHW male,86.41666666666666,557,0.9022979139504563
NHW male,86.5,558,0.9022979139504563
NHW male,86.58333333333334,559,0.9024201434159062
NHW male,86.66666666666666,560,0.9025831160365059
NHW male,86.75,561,0.9026238591916558
NHW male,86.83333333333334,562,0.9026646023468058
NHW male,86.91666666666666,563,0.9027053455019557
NHW male,87.0,564,0.9027460886571056
NHW male,87.08333333333334,565,0.9027868318122555
NHW male,87.16666666666666,566,0.9028683181225554
NHW male,87.25,567,0.9028683181225554
NHW male,87.33333333333334,568,0.9029090612777053
NHW male,87.41666666666666,569,0.9029498044328553
NHW male,87.5,570,0.9029905475880052
NHW male,87.58333333333334,571,0.903112777053455
NHW male,87.66666666666666,572,0.903153520208605
NHW male,87.75,573,0.9032350065189049
NHW male,87.83333333333334,574,0.9033572359843546
NHW male,87.91666666666666,575,0.9034794654498044
NHW male,88.0,576,0.9035202086049544
NHW male,88.08333333333334,577,0.9035202086049544
NHW male,88.16666666666666,578,0.9035202086049544
NHW male,88.25,579,0.9035202086049544
NHW male,88.33333333333334,580,0.9035202086049544
NHW male,88.41666666666666,581,0.9035202086049544
NHW male,88.5,582,0.9035202086049544
NHW male,88.58333333333334,583,0.9035202086049544
NHW male,88.66666666666666,584,0.9035202086049544
NHW male,88.75,585,0.9035202086049544
NHW male,88.83333333333334,586,0.9035609517601043
NHW male,88.91666666666666,587,0.9035609517601043
NHW male,89.0,588,0.9035609517601043
NHW male,89.08333333333334,589,0.9035609517601043
NHW male,89.16666666666666,590,0.9036016949152542
NHW male,89.25,591,0.9036016949152542
NHW male,89.33333333333334,592,0.9036016949152542
NHW male,89.41666666666666,593,0.9036424380704041
NHW male,89.5,594,0.9036424380704041
NHW male,89.58333333333334,595,0.9036424380704041
NHW male,89.66666666666666,596,0.9036831812255541
NHW male,89.75,597,0.903723924380704
NHW male,89.83333333333334,598,0.9037646675358539
NHW male,89.91666666666666,599,0.903805410691004
NHW male,90.0,600,0.903805410691004
NHW male,90.08333333333334,601,0.9039683833116037
NHW male,90.16666666666666,602,0.9039683833116037
NHW male,90.25,603,0.9039683833116037
NHW male,90.33333333333334,604,0.9039683833116037
NHW male,90.41666666666666,605,0.9040091264667536
NHW male,90.5,606,0.9040091264667536
NHW male,90.58333333333334,607,0.9040498696219035
NHW male,90.66666666666666,608,0.9040906127770535
NHW male,90.75,609,0.9040906127770535
NHW male,90.83333333333334,610,0.9041313559322034
NHW male,90.91666666666666,611,0.9041313559322034
NHW male,91.0,612,0.9041720990873533
NHW male,91.08333333333334,613,0.9042128422425033
NHW male,91.16666666666666,614,0.9042535853976532
NHW male,91.25,615,0.904335071707953
NHW male,91.33333333333334,616,0.904335071707953
NHW male,91.41666666666666,617,0.904335071707953
NHW male,91.5,618,0.904375814863103
NHW male,91.58333333333334,619,0.904375814863103
NHW male,91.66666666666666,620,0.9044165580182529
NHW male,91.75,621,0.9044165580182529
NHW male,91.83333333333334,622,0.9044573011734028
NHW male,91.91666666666666,623,0.9044980443285529
NHW male,92.0,624,0.9044980443285529
NHW male,92.08333333333334,625,0.9044980443285529
NHW male,92.16666666666666,626,0.9044980443285529
NHW male,92.25,627,0.9045795306388527
NHW male,92.33333333333334,628,0.9045795306388527
NHW male,92.41666666666666,629,0.9045795306388527
NHW male,92.5,630,0.9045795306388527
NHW male,92.58333333333334,631,0.9045795306388527
NHW male,92.66666666666666,632,0.9045795306388527
NHW male,92.75,633,0.9045795306388527
NHW male,92.83333333333334,634,0.9045795306388527
NHW male,92.91666666666666,635,0.9045795306388527
NHW male,93.0,636,0.9045795306388527
NHW male,93.08333333333334,637,0.9045795306388527
NHW male,93.16666666666666,638,0.9046610169491526
NHW male,93.25,639,0.9046610169491526
NHW male,93.33333333333334,640,0.9047017601043025
NHW male,93.41666666666666,641,0.9047017601043025
NHW male,93.5,642,0.9047425032594524
NHW male,93.58333333333334,643,0.9047425032594524
NHW male,93.66666666666666,644,0.9047832464146024
NHW male,93.75,645,0.9047832464146024
NHW male,93.83333333333334,646,0.9047832464146024
NHW male,93.91666666666666,647,0.9047832464146024
NHW male,94.0,648,0.9047832464146024
NHW male,94.08333333333334,649,0.9048647327249022
NHW male,94.16666666666666,650,0.9048647327249022
NHW male,94.25,651,0.9048647327249022
NHW male,94.33333333333334,652,0.9049054758800521
NHW male,94.41666666666666,653,0.9049054758800521
NHW male,94.5,654,0.9049462190352021
NHW male,94.58333333333334,655,0.9049462190352021
NHW male,94.66666666666666,656,0.9049462190352021
NHW male,94.75,657,0.9049462190352021
NHW male,94.83333333333334,658,0.9049462190352021
NHW male,94.91666666666666,659,0.9049462190352021
NHW male,95.0,660,0.9049462190352021
NHW male,95.08333333333334,661,0.904986962190352
NHW male,95.16666666666666,662,0.904986962190352
NHW male,95.25,663,0.9050277053455019
NHW male,95.33333333333334,664,0.9051091916558018
NHW male,95.41666666666666,665,0.9051091916558018
NHW male,95.5,666,0.9051091916558018
NHW male,95.58333333333334,667,0.9051091916558018
NHW male,95.66666666666666,668,0.9051091916558018
NHW male,95.75,669,0.9051499348109517
NHW male,95.83333333333334,670,0.9051906779661016
NHW male,95.91666666666666,671,0.9051906779661016
NHW male,96.0,672,0.9051906779661016
NHW male,96.08333333333334,673,0.9051906779661016
NHW male,96.16666666666666,674,0.9052314211212517
NHW male,96.25,675,0.9052314211212517
NHW male,96.33333333333334,676,0.9052314211212517
NHW male,96.41666666666666,677,0.9052314211212517
NHW male,96.5,678,0.9052314211212517
NHW male,96.58333333333334,679,0.9052314211212517
NHW male,96.66666666666666,680,0.9052314211212517
NHW male,96.75,681,0.9052314211212517
NHW male,96.83333333333334,682,0.9052314211212517
NHW male,96.91666666666666,683,0.9052314211212517
NHW male,97.0,684,0.9052314211212517
NHW male,97.08333333333334,685,0.9052314211212517
NHW male,97.16666666666666,686,0.9052314211212517
NHW male,97.25,687,0.9052314211212517
NHW male,97.33333333333334,688,0.9052314211212517
NHW male,97.41666666666666,689,0.9052314211212517
NHW male,97.5,690,0.9052721642764016
NHW male,97.58333333333334,691,0.9053129074315515
NHW male,97.66666666666666,692,0.9053129074315515
NHW male,97.75,693,0.9053129074315515
NHW male,97.83333333333334,694,0.9053943937418514
NHW male,97.91666666666666,695,0.9053943937418514
NHW male,98.0,696,0.9053943937418514
NHW male,98.08333333333334,697,0.9054351368970013
NHW male,98.16666666666666,698,0.9054351368970013
NHW male,98.25,699,0.9054351368970013
NHW male,98.33333333333334,700,0.9054351368970013
NHW male,98.41666666666666,701,0.9055166232073012
NHW male,98.5,702,0.9055166232073012
NHW male,98.58333333333334,703,0.9055166232073012
NHW male,98.66666666666666,704,0.9055166232073012
NHW male,98.75,705,0.9055166232073012
NHW male,98.83333333333334,706,0.9055166232073012
NHW male,98.91666666666666,707,0.9055166232073012
NHW male,99.0,708,0.9055166232073012
NHW male,99.08333333333334,709,0.9055166232073012
NHW male,99.16666666666666,710,0.9055166232073012
NHW male,99.25,711,0.9055166232073012
NHW male,99.33333333333334,712,0.9055166232073012
NHW male,99.41666666666666,713,0.9055166232073012
NHW male,99.5,714,0.9055166232073012
NHW male,99.58333333333334,715,0.9055166232073012
NHW male,99.66666666666666,716,0.9055166232073012
NHW male,99.75,717,0.9055573663624511
NHW male,99.83333333333334,718,0.9055573663624511
NHW male,99.91666666666666,719,0.9055573663624511
NHW male,100.0,720,0.9055573663624511
NHW male,100.08333333333334,721,0.9055573663624511
NHW male,100.16666666666666,722,0.9055573663624511
NHW male,100.25,723,0.9055573663624511
NHW male,100.33333333333334,724,0.9055573663624511
NHW male,100.41666666666666,725,0.9055573663624511
