age,female,"bs(age, df=6, degree=1, include_intercept=False)[0]","bs(age, df=6, degree=1, include_intercept=False)[1]","bs(age, df=6, degree=1, include_intercept=False)[2]","bs(age, df=6, degree=1, include_intercept=False)[3]","bs(age, df=6, degree=1, include_intercept=False)[4]","bs(age, df=6, degree=1, include_intercept=False)[5]","bs(age, df=6, degree=1, include_intercept=False)[0]:female","bs(age, df=6, degree=1, include_intercept=False)[1]:female","bs(age, df=6, degree=1, include_intercept=False)[2]:female","bs(age, df=6, degree=1, include_intercept=False)[3]:female","bs(age, df=6, degree=1, include_intercept=False)[4]:female","bs(age, df=6, degree=1, include_intercept=False)[5]:female"
40.0,0,0.0,0.4545454545454546,0.5454545454545454,0.0,0.0,0.0,0.0,0.0,0.0,0.0,0.0,0.0
40.0,1,0.0,0.4545454545454546,0.5454545454545454,0.0,0.0,0.0,0.0,0.4545454545454546,0.5454545454545454,0.0,0.0,0.0
40.083,0,0.0,0.44696969696969674,0.5530303030303033,0.0,0.0,0.0,0.0,0.0,0.0,0.0,0.0,0.0
40.083,1,0.0,0.44696969696969674,0.5530303030303033,0.0,0.0,0.0,0.0,0.44696969696969674,0.5530303030303033,0.0,0.0,0.0
40.167,0,0.0,0.43939393939393895,0.5606060606060611,0.0,0.0,0.0,0.0,0.0,0.0,0.0,0.0,0.0
40.167,1,0.0,0.43939393939393895,0.5606060606060611,0.0,0.0,0.0,0.0,0.43939393939393895,0.5606060606060611,0.0,0.0,0.0
40.25,0,0.0,0.43181818181818116,0.5681818181818189,0.0,0.0,0.0,0.0,0.0,0.0,0.0,0.0,0.0
40.25,1,0.0,0.43181818181818116,0.5681818181818189,0.0,0.0,0.0,0.0,0.43181818181818116,0.5681818181818189,0.0,0.0,0.0
40.333,0,0.0,0.42424242424242337,0.5757575757575767,0.0,0.0,0.0,0.0,0.0,0.0,0.0,0.0,0.0
40.333,1,0.0,0.42424242424242337,0.5757575757575767,0.0,0.0,0.0,0.0,0.42424242424242337,0.5757575757575767,0.0,0.0,0.0
40.417,0,0.0,0.4166666666666656,0.5833333333333345,0.0,0.0,0.0,0.0,0.0,0.0,0.0,0.0,0.0
40.417,1,0.0,0.4166666666666656,0.5833333333333345,0.0,0.0,0.0,0.0,0.4166666666666656,0.5833333333333345,0.0,0.0,0.0
40.5,0,0.0,0.4090909090909078,0.5909090909090923,0.0,0.0,0.0,0.0,0.0,0.0,0.0,0.0,0.0
40.5,1,0.0,0.4090909090909078,0.5909090909090923,0.0,0.0,0.0,0.0,0.4090909090909078,0.5909090909090923,0.0,0.0,0.0
40.583,0,0.0,0.40151515151515,0.5984848484848501,0.0,0.0,0.0,0.0,0.0,0.0,0.0,0.0,0.0
40.583,1,0.0,0.40151515151515,0.5984848484848501,0.0,0.0,0.0,0.0,0.40151515151515,0.5984848484848501,0.0,0.0,0.0
40.667,0,0.0,0.3939393939393922,0.6060606060606079,0.0,0.0,0.0,0.0,0.0,0.0,0.0,0.0,0.0
40.667,1,0.0,0.3939393939393922,0.6060606060606079,0.0,0.0,0.0,0.0,0.3939393939393922,0.6060606060606079,0.0,0.0,0.0
40.75,0,0.0,0.3863636363636344,0.6136363636363656,0.0,0.0,0.0,0.0,0.0,0.0,0.0,0.0,0.0
40.75,1,0.0,0.3863636363636344,0.6136363636363656,0.0,0.0,0.0,0.0,0.3863636363636344,0.6136363636363656,0.0,0.0,0.0
40.833,0,0.0,0.3787878787878766,0.6212121212121234,0.0,0.0,0.0,0.0,0.0,0.0,0.0,0.0,0.0
40.833,1,0.0,0.3787878787878766,0.6212121212121234,0.0,0.0,0.0,0.0,0.3787878787878766,0.6212121212121234,0.0,0.0,0.0
40.917,0,0.0,0.37121212121211883,0.6287878787878812,0.0,0.0,0.0,0.0,0.0,0.0,0.0,0.0,0.0
40.917,1,0.0,0.37121212121211883,0.6287878787878812,0.0,0.0,0.0,0.0,0.37121212121211883,0.6287878787878812,0.0,0.0,0.0
41.0,0,0.0,0.36363636363636104,0.636363636363639,0.0,0.0,0.0,0.0,0.0,0.0,0.0,0.0,0.0
41.0,1,0.0,0.36363636363636104,0.636363636363639,0.0,0.0,0.0,0.0,0.36363636363636104,0.636363636363639,0.0,0.0,0.0
41.083,0,0.0,0.35606060606060325,0.6439393939393968,0.0,0.0,0.0,0.0,0.0,0.0,0.0,0.0,0.0
41.083,1,0.0,0.35606060606060325,0.6439393939393968,0.0,0.0,0.0,0.0,0.35606060606060325,0.6439393939393968,0.0,0.0,0.0
41.167,0,0.0,0.34848484848484546,0.6515151515151546,0.0,0.0,0.0,0.0,0.0,0.0,0.0,0.0,0.0
41.167,1,0.0,0.34848484848484546,0.6515151515151546,0.0,0.0,0.0,0.0,0.34848484848484546,0.6515151515151546,0.0,0.0,0.0
41.25,0,0.0,0.34090909090908766,0.6590909090909124,0.0,0.0,0.0,0.0,0.0,0.0,0.0,0.0,0.0
41.25,1,0.0,0.34090909090908766,0.6590909090909124,0.0,0.0,0.0,0.0,0.34090909090908766,0.6590909090909124,0.0,0.0,0.0
41.333,0,0.0,0.3333333333333299,0.6666666666666702,0.0,0.0,0.0,0.0,0.0,0.0,0.0,0.0,0.0
41.333,1,0.0,0.3333333333333299,0.6666666666666702,0.0,0.0,0.0,0.0,0.3333333333333299,0.6666666666666702,0.0,0.0,0.0
41.417,0,0.0,0.3257575757575721,0.674242424242428,0.0,0.0,0.0,0.0,0.0,0.0,0.0,0.0,0.0
41.417,1,0.0,0.3257575757575721,0.674242424242428,0.0,0.0,0.0,0.0,0.3257575757575721,0.674242424242428,0.0,0.0,0.0
41.5,0,0.0,0.3181818181818143,0.6818181818181858,0.0,0.0,0.0,0.0,0.0,0.0,0.0,0.0,0.0
41.5,1,0.0,0.3181818181818143,0.6818181818181858,0.0,0.0,0.0,0.0,0.3181818181818143,0.6818181818181858,0.0,0.0,0.0
41.583,0,0.0,0.3106060606060565,0.6893939393939436,0.0,0.0,0.0,0.0,0.0,0.0,0.0,0.0,0.0
41.583,1,0.0,0.3106060606060565,0.6893939393939436,0.0,0.0,0.0,0.0,0.3106060606060565,0.6893939393939436,0.0,0.0,0.0
41.667,0,0.0,0.3030303030302987,0.6969696969697013,0.0,0.0,0.0,0.0,0.0,0.0,0.0,0.0,0.0
41.667,1,0.0,0.3030303030302987,0.6969696969697013,0.0,0.0,0.0,0.0,0.3030303030302987,0.6969696969697013,0.0,0.0,0.0
41.75,0,0.0,0.2954545454545409,0.7045454545454591,0.0,0.0,0.0,0.0,0.0,0.0,0.0,0.0,0.0
41.75,1,0.0,0.2954545454545409,0.7045454545454591,0.0,0.0,0.0,0.0,0.2954545454545409,0.7045454545454591,0.0,0.0,0.0
41.833,0,0.0,0.2878787878787831,0.7121212121212169,0.0,0.0,0.0,0.0,0.0,0.0,0.0,0.0,0.0
41.833,1,0.0,0.2878787878787831,0.7121212121212169,0.0,0.0,0.0,0.0,0.2878787878787831,0.7121212121212169,0.0,0.0,0.0
41.917,0,0.0,0.28030303030302534,0.7196969696969747,0.0,0.0,0.0,0.0,0.0,0.0,0.0,0.0,0.0
41.917,1,0.0,0.28030303030302534,0.7196969696969747,0.0,0.0,0.0,0.0,0.28030303030302534,0.7196969696969747,0.0,0.0,0.0
42.0,0,0.0,0.27272727272726754,0.7272727272727325,0.0,0.0,0.0,0.0,0.0,0.0,0.0,0.0,0.0
42.0,1,0.0,0.27272727272726754,0.7272727272727325,0.0,0.0,0.0,0.0,0.27272727272726754,0.7272727272727325,0.0,0.0,0.0
42.083,0,0.0,0.26515151515150975,0.7348484848484903,0.0,0.0,0.0,0.0,0.0,0.0,0.0,0.0,0.0
42.083,1,0.0,0.26515151515150975,0.7348484848484903,0.0,0.0,0.0,0.0,0.26515151515150975,0.7348484848484903,0.0,0.0,0.0
42.167,0,0.0,0.25757575757575196,0.7424242424242481,0.0,0.0,0.0,0.0,0.0,0.0,0.0,0.0,0.0
42.167,1,0.0,0.25757575757575196,0.7424242424242481,0.0,0.0,0.0,0.0,0.25757575757575196,0.7424242424242481,0.0,0.0,0.0
42.25,0,0.0,0.2499999999999942,0.7500000000000059,0.0,0.0,0.0,0.0,0.0,0.0,0.0,0.0,0.0
42.25,1,0.0,0.2499999999999942,0.7500000000000059,0.0,0.0,0.0,0.0,0.2499999999999942,0.7500000000000059,0.0,0.0,0.0
42.333,0,0.0,0.2424242424242364,0.7575757575757637,0.0,0.0,0.0,0.0,0.0,0.0,0.0,0.0,0.0
42.333,1,0.0,0.2424242424242364,0.7575757575757637,0.0,0.0,0.0,0.0,0.2424242424242364,0.7575757575757637,0.0,0.0,0.0
42.417,0,0.0,0.23484848484847862,0.7651515151515215,0.0,0.0,0.0,0.0,0.0,0.0,0.0,0.0,0.0
42.417,1,0.0,0.23484848484847862,0.7651515151515215,0.0,0.0,0.0,0.0,0.23484848484847862,0.7651515151515215,0.0,0.0,0.0
42.5,0,0.0,0.22727272727272083,0.7727272727272793,0.0,0.0,0.0,0.0,0.0,0.0,0.0,0.0,0.0
42.5,1,0.0,0.22727272727272083,0.7727272727272793,0.0,0.0,0.0,0.0,0.22727272727272083,0.7727272727272793,0.0,0.0,0.0
42.583,0,0.0,0.21969696969696303,0.780303030303037,0.0,0.0,0.0,0.0,0.0,0.0,0.0,0.0,0.0
42.583,1,0.0,0.21969696969696303,0.780303030303037,0.0,0.0,0.0,0.0,0.21969696969696303,0.780303030303037,0.0,0.0,0.0
42.667,0,0.0,0.21212121212120524,0.7878787878787948,0.0,0.0,0.0,0.0,0.0,0.0,0.0,0.0,0.0
42.667,1,0.0,0.21212121212120524,0.7878787878787948,0.0,0.0,0.0,0.0,0.21212121212120524,0.7878787878787948,0.0,0.0,0.0
42.75,0,0.0,0.20454545454544745,0.7954545454545526,0.0,0.0,0.0,0.0,0.0,0.0,0.0,0.0,0.0
42.75,1,0.0,0.20454545454544745,0.7954545454545526,0.0,0.0,0.0,0.0,0.20454545454544745,0.7954545454545526,0.0,0.0,0.0
42.833,0,0.0,0.19696969696968966,0.8030303030303104,0.0,0.0,0.0,0.0,0.0,0.0,0.0,0.0,0.0
42.833,1,0.0,0.19696969696968966,0.8030303030303104,0.0,0.0,0.0,0.0,0.19696969696968966,0.8030303030303104,0.0,0.0,0.0
42.917,0,0.0,0.18939393939393187,0.8106060606060682,0.0,0.0,0.0,0.0,0.0,0.0,0.0,0.0,0.0
42.917,1,0.0,0.18939393939393187,0.8106060606060682,0.0,0.0,0.0,0.0,0.18939393939393187,0.8106060606060682,0.0,0.0,0.0
43.0,0,0.0,0.18181818181817408,0.818181818181826,0.0,0.0,0.0,0.0,0.0,0.0,0.0,0.0,0.0
43.0,1,0.0,0.18181818181817408,0.818181818181826,0.0,0.0,0.0,0.0,0.18181818181817408,0.818181818181826,0.0,0.0,0.0
43.083,0,0.0,0.1742424242424163,0.8257575757575838,0.0,0.0,0.0,0.0,0.0,0.0,0.0,0.0,0.0
43.083,1,0.0,0.1742424242424163,0.8257575757575838,0.0,0.0,0.0,0.0,0.1742424242424163,0.8257575757575838,0.0,0.0,0.0
43.167,0,0.0,0.1666666666666585,0.8333333333333416,0.0,0.0,0.0,0.0,0.0,0.0,0.0,0.0,0.0
43.167,1,0.0,0.1666666666666585,0.8333333333333416,0.0,0.0,0.0,0.0,0.1666666666666585,0.8333333333333416,0.0,0.0,0.0
43.25,0,0.0,0.1590909090909007,0.8409090909090994,0.0,0.0,0.0,0.0,0.0,0.0,0.0,0.0,0.0
43.25,1,0.0,0.1590909090909007,0.8409090909090994,0.0,0.0,0.0,0.0,0.1590909090909007,0.8409090909090994,0.0,0.0,0.0
43.333,0,0.0,0.15151515151514292,0.8484848484848572,0.0,0.0,0.0,0.0,0.0,0.0,0.0,0.0,0.0
43.333,1,0.0,0.15151515151514292,0.8484848484848572,0.0,0.0,0.0,0.0,0.15151515151514292,0.8484848484848572,0.0,0.0,0.0
43.417,0,0.0,0.14393939393938512,0.856060606060615,0.0,0.0,0.0,0.0,0.0,0.0,0.0,0.0,0.0
43.417,1,0.0,0.14393939393938512,0.856060606060615,0.0,0.0,0.0,0.0,0.14393939393938512,0.856060606060615,0.0,0.0,0.0
43.5,0,0.0,0.13636363636362733,0.8636363636363728,0.0,0.0,0.0,0.0,0.0,0.0,0.0,0.0,0.0
43.5,1,0.0,0.13636363636362733,0.8636363636363728,0.0,0.0,0.0,0.0,0.13636363636362733,0.8636363636363728,0.0,0.0,0.0
43.583,0,0.0,0.12878787878786954,0.8712121212121305,0.0,0.0,0.0,0.0,0.0,0.0,0.0,0.0,0.0
43.583,1,0.0,0.12878787878786954,0.8712121212121305,0.0,0.0,0.0,0.0,0.12878787878786954,0.8712121212121305,0.0,0.0,0.0
43.667,0,0.0,0.12121212121211174,0.8787878787878883,0.0,0.0,0.0,0.0,0.0,0.0,0.0,0.0,0.0
43.667,1,0.0,0.12121212121211174,0.8787878787878883,0.0,0.0,0.0,0.0,0.12121212121211174,0.8787878787878883,0.0,0.0,0.0
43.75,0,0.0,0.11363636363635395,0.8863636363636461,0.0,0.0,0.0,0.0,0.0,0.0,0.0,0.0,0.0
43.75,1,0.0,0.11363636363635395,0.8863636363636461,0.0,0.0,0.0,0.0,0.11363636363635395,0.8863636363636461,0.0,0.0,0.0
43.833,0,0.0,0.10606060606059615,0.8939393939394039,0.0,0.0,0.0,0.0,0.0,0.0,0.0,0.0,0.0
43.833,1,0.0,0.10606060606059615,0.8939393939394039,0.0,0.0,0.0,0.0,0.10606060606059615,0.8939393939394039,0.0,0.0,0.0
43.917,0,0.0,0.09848484848483836,0.9015151515151617,0.0,0.0,0.0,0.0,0.0,0.0,0.0,0.0,0.0
43.917,1,0.0,0.09848484848483836,0.9015151515151617,0.0,0.0,0.0,0.0,0.09848484848483836,0.9015151515151617,0.0,0.0,0.0
44.0,0,0.0,0.09090909090908057,0.9090909090909195,0.0,0.0,0.0,0.0,0.0,0.0,0.0,0.0,0.0
44.0,1,0.0,0.09090909090908057,0.9090909090909195,0.0,0.0,0.0,0.0,0.09090909090908057,0.9090909090909195,0.0,0.0,0.0
44.083,0,0.0,0.08333333333332278,0.9166666666666773,0.0,0.0,0.0,0.0,0.0,0.0,0.0,0.0,0.0
44.083,1,0.0,0.08333333333332278,0.9166666666666773,0.0,0.0,0.0,0.0,0.08333333333332278,0.9166666666666773,0.0,0.0,0.0
44.167,0,0.0,0.07575757575756499,0.9242424242424351,0.0,0.0,0.0,0.0,0.0,0.0,0.0,0.0,0.0
44.167,1,0.0,0.07575757575756499,0.9242424242424351,0.0,0.0,0.0,0.0,0.07575757575756499,0.9242424242424351,0.0,0.0,0.0
44.25,0,0.0,0.0681818181818072,0.9318181818181929,0.0,0.0,0.0,0.0,0.0,0.0,0.0,0.0,0.0
44.25,1,0.0,0.0681818181818072,0.9318181818181929,0.0,0.0,0.0,0.0,0.0681818181818072,0.9318181818181929,0.0,0.0,0.0
44.333,0,0.0,0.06060606060604941,0.9393939393939507,0.0,0.0,0.0,0.0,0.0,0.0,0.0,0.0,0.0
44.333,1,0.0,0.06060606060604941,0.9393939393939507,0.0,0.0,0.0,0.0,0.06060606060604941,0.9393939393939507,0.0,0.0,0.0
44.417,0,0.0,0.05303030303029162,0.9469696969697085,0.0,0.0,0.0,0.0,0.0,0.0,0.0,0.0,0.0
44.417,1,0.0,0.05303030303029162,0.9469696969697085,0.0,0.0,0.0,0.0,0.05303030303029162,0.9469696969697085,0.0,0.0,0.0
44.5,0,0.0,0.045454545454533826,0.9545454545454662,0.0,0.0,0.0,0.0,0.0,0.0,0.0,0.0,0.0
44.5,1,0.0,0.045454545454533826,0.9545454545454662,0.0,0.0,0.0,0.0,0.045454545454533826,0.9545454545454662,0.0,0.0,0.0
44.583,0,0.0,0.037878787878776035,0.962121212121224,0.0,0.0,0.0,0.0,0.0,0.0,0.0,0.0,0.0
44.583,1,0.0,0.037878787878776035,0.962121212121224,0.0,0.0,0.0,0.0,0.037878787878776035,0.962121212121224,0.0,0.0,0.0
44.667,0,0.0,0.030303030303018248,0.9696969696969818,0.0,0.0,0.0,0.0,0.0,0.0,0.0,0.0,0.0
44.667,1,0.0,0.030303030303018248,0.9696969696969818,0.0,0.0,0.0,0.0,0.030303030303018248,0.9696969696969818,0.0,0.0,0.0
44.75,0,0.0,0.022727272727260456,0.9772727272727396,0.0,0.0,0.0,0.0,0.0,0.0,0.0,0.0,0.0
44.75,1,0.0,0.022727272727260456,0.9772727272727396,0.0,0.0,0.0,0.0,0.022727272727260456,0.9772727272727396,0.0,0.0,0.0
44.833,0,0.0,0.015151515151502664,0.9848484848484974,0.0,0.0,0.0,0.0,0.0,0.0,0.0,0.0,0.0
44.833,1,0.0,0.015151515151502664,0.9848484848484974,0.0,0.0,0.0,0.0,0.015151515151502664,0.9848484848484974,0.0,0.0,0.0
44.917,0,0.0,0.007575757575744873,0.9924242424242552,0.0,0.0,0.0,0.0,0.0,0.0,0.0,0.0,0.0
44.917,1,0.0,0.007575757575744873,0.9924242424242552,0.0,0.0,0.0,0.0,0.007575757575744873,0.9924242424242552,0.0,0.0,0.0
45.0,0,0.0,0.0,0.9999999999999871,1.2918958832001823e-14,0.0,0.0,0.0,0.0,0.0,0.0,0.0,0.0
45.0,1,0.0,0.0,0.9999999999999871,1.2918958832001823e-14,0.0,0.0,0.0,0.0,0.9999999999999871,1.2918958832001823e-14,0.0,0.0
45.083,0,0.0,0.0,0.9924242424242293,0.00757575757577071,0.0,0.0,0.0,0.0,0.0,0.0,0.0,0.0
45.083,1,0.0,0.0,0.9924242424242293,0.00757575757577071,0.0,0.0,0.0,0.0,0.9924242424242293,0.00757575757577071,0.0,0.0
45.167,0,0.0,0.0,0.9848484848484715,0.015151515151528502,0.0,0.0,0.0,0.0,0.0,0.0,0.0,0.0
45.167,1,0.0,0.0,0.9848484848484715,0.015151515151528502,0.0,0.0,0.0,0.0,0.9848484848484715,0.015151515151528502,0.0,0.0
45.25,0,0.0,0.0,0.9772727272727137,0.022727272727286293,0.0,0.0,0.0,0.0,0.0,0.0,0.0,0.0
45.25,1,0.0,0.0,0.9772727272727137,0.022727272727286293,0.0,0.0,0.0,0.0,0.9772727272727137,0.022727272727286293,0.0,0.0
45.333,0,0.0,0.0,0.969696969696956,0.030303030303044085,0.0,0.0,0.0,0.0,0.0,0.0,0.0,0.0
45.333,1,0.0,0.0,0.969696969696956,0.030303030303044085,0.0,0.0,0.0,0.0,0.969696969696956,0.030303030303044085,0.0,0.0
45.417,0,0.0,0.0,0.9621212121211982,0.037878787878801876,0.0,0.0,0.0,0.0,0.0,0.0,0.0,0.0
45.417,1,0.0,0.0,0.9621212121211982,0.037878787878801876,0.0,0.0,0.0,0.0,0.9621212121211982,0.037878787878801876,0.0,0.0
45.5,0,0.0,0.0,0.9545454545454404,0.04545454545455967,0.0,0.0,0.0,0.0,0.0,0.0,0.0,0.0
45.5,1,0.0,0.0,0.9545454545454404,0.04545454545455967,0.0,0.0,0.0,0.0,0.9545454545454404,0.04545454545455967,0.0,0.0
45.583,0,0.0,0.0,0.9469696969696826,0.05303030303031746,0.0,0.0,0.0,0.0,0.0,0.0,0.0,0.0
45.583,1,0.0,0.0,0.9469696969696826,0.05303030303031746,0.0,0.0,0.0,0.0,0.9469696969696826,0.05303030303031746,0.0,0.0
45.667,0,0.0,0.0,0.9393939393939248,0.06060606060607525,0.0,0.0,0.0,0.0,0.0,0.0,0.0,0.0
45.667,1,0.0,0.0,0.9393939393939248,0.06060606060607525,0.0,0.0,0.0,0.0,0.9393939393939248,0.06060606060607525,0.0,0.0
45.75,0,0.0,0.0,0.931818181818167,0.06818181818183304,0.0,0.0,0.0,0.0,0.0,0.0,0.0,0.0
45.75,1,0.0,0.0,0.931818181818167,0.06818181818183304,0.0,0.0,0.0,0.0,0.931818181818167,0.06818181818183304,0.0,0.0
45.833,0,0.0,0.0,0.9242424242424092,0.07575757575759083,0.0,0.0,0.0,0.0,0.0,0.0,0.0,0.0
45.833,1,0.0,0.0,0.9242424242424092,0.07575757575759083,0.0,0.0,0.0,0.0,0.9242424242424092,0.07575757575759083,0.0,0.0
45.917,0,0.0,0.0,0.9166666666666514,0.08333333333334862,0.0,0.0,0.0,0.0,0.0,0.0,0.0,0.0
45.917,1,0.0,0.0,0.9166666666666514,0.08333333333334862,0.0,0.0,0.0,0.0,0.9166666666666514,0.08333333333334862,0.0,0.0
46.0,0,0.0,0.0,0.9090909090908936,0.09090909090910641,0.0,0.0,0.0,0.0,0.0,0.0,0.0,0.0
46.0,1,0.0,0.0,0.9090909090908936,0.09090909090910641,0.0,0.0,0.0,0.0,0.9090909090908936,0.09090909090910641,0.0,0.0
46.083,0,0.0,0.0,0.9015151515151358,0.0984848484848642,0.0,0.0,0.0,0.0,0.0,0.0,0.0,0.0
46.083,1,0.0,0.0,0.9015151515151358,0.0984848484848642,0.0,0.0,0.0,0.0,0.9015151515151358,0.0984848484848642,0.0,0.0
46.167,0,0.0,0.0,0.893939393939378,0.106060606060622,0.0,0.0,0.0,0.0,0.0,0.0,0.0,0.0
46.167,1,0.0,0.0,0.893939393939378,0.106060606060622,0.0,0.0,0.0,0.0,0.893939393939378,0.106060606060622,0.0,0.0
46.25,0,0.0,0.0,0.8863636363636203,0.11363636363637979,0.0,0.0,0.0,0.0,0.0,0.0,0.0,0.0
46.25,1,0.0,0.0,0.8863636363636203,0.11363636363637979,0.0,0.0,0.0,0.0,0.8863636363636203,0.11363636363637979,0.0,0.0
46.333,0,0.0,0.0,0.8787878787878625,0.12121212121213758,0.0,0.0,0.0,0.0,0.0,0.0,0.0,0.0
46.333,1,0.0,0.0,0.8787878787878625,0.12121212121213758,0.0,0.0,0.0,0.0,0.8787878787878625,0.12121212121213758,0.0,0.0
46.417,0,0.0,0.0,0.8712121212121047,0.12878787878789538,0.0,0.0,0.0,0.0,0.0,0.0,0.0,0.0
46.417,1,0.0,0.0,0.8712121212121047,0.12878787878789538,0.0,0.0,0.0,0.0,0.8712121212121047,0.12878787878789538,0.0,0.0
46.5,0,0.0,0.0,0.8636363636363469,0.13636363636365317,0.0,0.0,0.0,0.0,0.0,0.0,0.0,0.0
46.5,1,0.0,0.0,0.8636363636363469,0.13636363636365317,0.0,0.0,0.0,0.0,0.8636363636363469,0.13636363636365317,0.0,0.0
46.583,0,0.0,0.0,0.8560606060605891,0.14393939393941096,0.0,0.0,0.0,0.0,0.0,0.0,0.0,0.0
46.583,1,0.0,0.0,0.8560606060605891,0.14393939393941096,0.0,0.0,0.0,0.0,0.8560606060605891,0.14393939393941096,0.0,0.0
46.667,0,0.0,0.0,0.8484848484848313,0.15151515151516876,0.0,0.0,0.0,0.0,0.0,0.0,0.0,0.0
46.667,1,0.0,0.0,0.8484848484848313,0.15151515151516876,0.0,0.0,0.0,0.0,0.8484848484848313,0.15151515151516876,0.0,0.0
46.75,0,0.0,0.0,0.8409090909090735,0.15909090909092655,0.0,0.0,0.0,0.0,0.0,0.0,0.0,0.0
46.75,1,0.0,0.0,0.8409090909090735,0.15909090909092655,0.0,0.0,0.0,0.0,0.8409090909090735,0.15909090909092655,0.0,0.0
46.833,0,0.0,0.0,0.8333333333333157,0.16666666666668434,0.0,0.0,0.0,0.0,0.0,0.0,0.0,0.0
46.833,1,0.0,0.0,0.8333333333333157,0.16666666666668434,0.0,0.0,0.0,0.0,0.8333333333333157,0.16666666666668434,0.0,0.0
46.917,0,0.0,0.0,0.8257575757575579,0.17424242424244213,0.0,0.0,0.0,0.0,0.0,0.0,0.0,0.0
46.917,1,0.0,0.0,0.8257575757575579,0.17424242424244213,0.0,0.0,0.0,0.0,0.8257575757575579,0.17424242424244213,0.0,0.0
47.0,0,0.0,0.0,0.8181818181818001,0.18181818181819992,0.0,0.0,0.0,0.0,0.0,0.0,0.0,0.0
47.0,1,0.0,0.0,0.8181818181818001,0.18181818181819992,0.0,0.0,0.0,0.0,0.8181818181818001,0.18181818181819992,0.0,0.0
47.083,0,0.0,0.0,0.8106060606060423,0.1893939393939577,0.0,0.0,0.0,0.0,0.0,0.0,0.0,0.0
47.083,1,0.0,0.0,0.8106060606060423,0.1893939393939577,0.0,0.0,0.0,0.0,0.8106060606060423,0.1893939393939577,0.0,0.0
47.167,0,0.0,0.0,0.8030303030302846,0.1969696969697155,0.0,0.0,0.0,0.0,0.0,0.0,0.0,0.0
47.167,1,0.0,0.0,0.8030303030302846,0.1969696969697155,0.0,0.0,0.0,0.0,0.8030303030302846,0.1969696969697155,0.0,0.0
47.25,0,0.0,0.0,0.7954545454545268,0.2045454545454733,0.0,0.0,0.0,0.0,0.0,0.0,0.0,0.0
47.25,1,0.0,0.0,0.7954545454545268,0.2045454545454733,0.0,0.0,0.0,0.0,0.7954545454545268,0.2045454545454733,0.0,0.0
47.333,0,0.0,0.0,0.787878787878769,0.21212121212123108,0.0,0.0,0.0,0.0,0.0,0.0,0.0,0.0
47.333,1,0.0,0.0,0.787878787878769,0.21212121212123108,0.0,0.0,0.0,0.0,0.787878787878769,0.21212121212123108,0.0,0.0
47.417,0,0.0,0.0,0.7803030303030112,0.21969696969698888,0.0,0.0,0.0,0.0,0.0,0.0,0.0,0.0
47.417,1,0.0,0.0,0.7803030303030112,0.21969696969698888,0.0,0.0,0.0,0.0,0.7803030303030112,0.21969696969698888,0.0,0.0
47.5,0,0.0,0.0,0.7727272727272534,0.22727272727274667,0.0,0.0,0.0,0.0,0.0,0.0,0.0,0.0
47.5,1,0.0,0.0,0.7727272727272534,0.22727272727274667,0.0,0.0,0.0,0.0,0.7727272727272534,0.22727272727274667,0.0,0.0
47.583,0,0.0,0.0,0.7651515151514956,0.23484848484850446,0.0,0.0,0.0,0.0,0.0,0.0,0.0,0.0
47.583,1,0.0,0.0,0.7651515151514956,0.23484848484850446,0.0,0.0,0.0,0.0,0.7651515151514956,0.23484848484850446,0.0,0.0
47.667,0,0.0,0.0,0.7575757575757378,0.24242424242426225,0.0,0.0,0.0,0.0,0.0,0.0,0.0,0.0
47.667,1,0.0,0.0,0.7575757575757378,0.24242424242426225,0.0,0.0,0.0,0.0,0.7575757575757378,0.24242424242426225,0.0,0.0
47.75,0,0.0,0.0,0.74999999999998,0.25000000000002004,0.0,0.0,0.0,0.0,0.0,0.0,0.0,0.0
47.75,1,0.0,0.0,0.74999999999998,0.25000000000002004,0.0,0.0,0.0,0.0,0.74999999999998,0.25000000000002004,0.0,0.0
47.833,0,0.0,0.0,0.7424242424242222,0.25757575757577783,0.0,0.0,0.0,0.0,0.0,0.0,0.0,0.0
47.833,1,0.0,0.0,0.7424242424242222,0.25757575757577783,0.0,0.0,0.0,0.0,0.7424242424242222,0.25757575757577783,0.0,0.0
47.917,0,0.0,0.0,0.7348484848484644,0.2651515151515356,0.0,0.0,0.0,0.0,0.0,0.0,0.0,0.0
47.917,1,0.0,0.0,0.7348484848484644,0.2651515151515356,0.0,0.0,0.0,0.0,0.7348484848484644,0.2651515151515356,0.0,0.0
48.0,0,0.0,0.0,0.7272727272727066,0.2727272727272934,0.0,0.0,0.0,0.0,0.0,0.0,0.0,0.0
48.0,1,0.0,0.0,0.7272727272727066,0.2727272727272934,0.0,0.0,0.0,0.0,0.7272727272727066,0.2727272727272934,0.0,0.0
48.083,0,0.0,0.0,0.7196969696969489,0.2803030303030512,0.0,0.0,0.0,0.0,0.0,0.0,0.0,0.0
48.083,1,0.0,0.0,0.7196969696969489,0.2803030303030512,0.0,0.0,0.0,0.0,0.7196969696969489,0.2803030303030512,0.0,0.0
48.167,0,0.0,0.0,0.7121212121211911,0.287878787878809,0.0,0.0,0.0,0.0,0.0,0.0,0.0,0.0
48.167,1,0.0,0.0,0.7121212121211911,0.287878787878809,0.0,0.0,0.0,0.0,0.7121212121211911,0.287878787878809,0.0,0.0
48.25,0,0.0,0.0,0.7045454545454333,0.2954545454545668,0.0,0.0,0.0,0.0,0.0,0.0,0.0,0.0
48.25,1,0.0,0.0,0.7045454545454333,0.2954545454545668,0.0,0.0,0.0,0.0,0.7045454545454333,0.2954545454545668,0.0,0.0
48.333,0,0.0,0.0,0.6969696969696755,0.3030303030303246,0.0,0.0,0.0,0.0,0.0,0.0,0.0,0.0
48.333,1,0.0,0.0,0.6969696969696755,0.3030303030303246,0.0,0.0,0.0,0.0,0.6969696969696755,0.3030303030303246,0.0,0.0
48.417,0,0.0,0.0,0.6893939393939177,0.31060606060608237,0.0,0.0,0.0,0.0,0.0,0.0,0.0,0.0
48.417,1,0.0,0.0,0.6893939393939177,0.31060606060608237,0.0,0.0,0.0,0.0,0.6893939393939177,0.31060606060608237,0.0,0.0
48.5,0,0.0,0.0,0.6818181818181599,0.31818181818184016,0.0,0.0,0.0,0.0,0.0,0.0,0.0,0.0
48.5,1,0.0,0.0,0.6818181818181599,0.31818181818184016,0.0,0.0,0.0,0.0,0.6818181818181599,0.31818181818184016,0.0,0.0
48.583,0,0.0,0.0,0.6742424242424021,0.32575757575759795,0.0,0.0,0.0,0.0,0.0,0.0,0.0,0.0
48.583,1,0.0,0.0,0.6742424242424021,0.32575757575759795,0.0,0.0,0.0,0.0,0.6742424242424021,0.32575757575759795,0.0,0.0
48.667,0,0.0,0.0,0.6666666666666443,0.33333333333335574,0.0,0.0,0.0,0.0,0.0,0.0,0.0,0.0
48.667,1,0.0,0.0,0.6666666666666443,0.33333333333335574,0.0,0.0,0.0,0.0,0.6666666666666443,0.33333333333335574,0.0,0.0
48.75,0,0.0,0.0,0.6590909090908865,0.34090909090911353,0.0,0.0,0.0,0.0,0.0,0.0,0.0,0.0
48.75,1,0.0,0.0,0.6590909090908865,0.34090909090911353,0.0,0.0,0.0,0.0,0.6590909090908865,0.34090909090911353,0.0,0.0
48.833,0,0.0,0.0,0.6515151515151287,0.3484848484848713,0.0,0.0,0.0,0.0,0.0,0.0,0.0,0.0
48.833,1,0.0,0.0,0.6515151515151287,0.3484848484848713,0.0,0.0,0.0,0.0,0.6515151515151287,0.3484848484848713,0.0,0.0
48.917,0,0.0,0.0,0.6439393939393709,0.3560606060606291,0.0,0.0,0.0,0.0,0.0,0.0,0.0,0.0
48.917,1,0.0,0.0,0.6439393939393709,0.3560606060606291,0.0,0.0,0.0,0.0,0.6439393939393709,0.3560606060606291,0.0,0.0
49.0,0,0.0,0.0,0.6363636363636131,0.3636363636363869,0.0,0.0,0.0,0.0,0.0,0.0,0.0,0.0
49.0,1,0.0,0.0,0.6363636363636131,0.3636363636363869,0.0,0.0,0.0,0.0,0.6363636363636131,0.3636363636363869,0.0,0.0
49.083,0,0.0,0.0,0.6287878787878554,0.3712121212121447,0.0,0.0,0.0,0.0,0.0,0.0,0.0,0.0
49.083,1,0.0,0.0,0.6287878787878554,0.3712121212121447,0.0,0.0,0.0,0.0,0.6287878787878554,0.3712121212121447,0.0,0.0
49.167,0,0.0,0.0,0.6212121212120976,0.3787878787879025,0.0,0.0,0.0,0.0,0.0,0.0,0.0,0.0
49.167,1,0.0,0.0,0.6212121212120976,0.3787878787879025,0.0,0.0,0.0,0.0,0.6212121212120976,0.3787878787879025,0.0,0.0
49.25,0,0.0,0.0,0.6136363636363398,0.3863636363636603,0.0,0.0,0.0,0.0,0.0,0.0,0.0,0.0
49.25,1,0.0,0.0,0.6136363636363398,0.3863636363636603,0.0,0.0,0.0,0.0,0.6136363636363398,0.3863636363636603,0.0,0.0
49.333,0,0.0,0.0,0.606060606060582,0.39393939393941807,0.0,0.0,0.0,0.0,0.0,0.0,0.0,0.0
49.333,1,0.0,0.0,0.606060606060582,0.39393939393941807,0.0,0.0,0.0,0.0,0.606060606060582,0.39393939393941807,0.0,0.0
49.417,0,0.0,0.0,0.5984848484848242,0.40151515151517586,0.0,0.0,0.0,0.0,0.0,0.0,0.0,0.0
49.417,1,0.0,0.0,0.5984848484848242,0.40151515151517586,0.0,0.0,0.0,0.0,0.5984848484848242,0.40151515151517586,0.0,0.0
49.5,0,0.0,0.0,0.5909090909090664,0.40909090909093365,0.0,0.0,0.0,0.0,0.0,0.0,0.0,0.0
49.5,1,0.0,0.0,0.5909090909090664,0.40909090909093365,0.0,0.0,0.0,0.0,0.5909090909090664,0.40909090909093365,0.0,0.0
49.583,0,0.0,0.0,0.5833333333333086,0.41666666666669144,0.0,0.0,0.0,0.0,0.0,0.0,0.0,0.0
49.583,1,0.0,0.0,0.5833333333333086,0.41666666666669144,0.0,0.0,0.0,0.0,0.5833333333333086,0.41666666666669144,0.0,0.0
49.667,0,0.0,0.0,0.5757575757575508,0.42424242424244923,0.0,0.0,0.0,0.0,0.0,0.0,0.0,0.0
49.667,1,0.0,0.0,0.5757575757575508,0.42424242424244923,0.0,0.0,0.0,0.0,0.5757575757575508,0.42424242424244923,0.0,0.0
49.75,0,0.0,0.0,0.568181818181793,0.431818181818207,0.0,0.0,0.0,0.0,0.0,0.0,0.0,0.0
49.75,1,0.0,0.0,0.568181818181793,0.431818181818207,0.0,0.0,0.0,0.0,0.568181818181793,0.431818181818207,0.0,0.0
49.833,0,0.0,0.0,0.5606060606060352,0.4393939393939648,0.0,0.0,0.0,0.0,0.0,0.0,0.0,0.0
49.833,1,0.0,0.0,0.5606060606060352,0.4393939393939648,0.0,0.0,0.0,0.0,0.5606060606060352,0.4393939393939648,0.0,0.0
49.917,0,0.0,0.0,0.5530303030302774,0.4469696969697226,0.0,0.0,0.0,0.0,0.0,0.0,0.0,0.0
49.917,1,0.0,0.0,0.5530303030302774,0.4469696969697226,0.0,0.0,0.0,0.0,0.5530303030302774,0.4469696969697226,0.0,0.0
50.0,0,0.0,0.0,0.5454545454545197,0.4545454545454804,0.0,0.0,0.0,0.0,0.0,0.0,0.0,0.0
50.0,1,0.0,0.0,0.5454545454545197,0.4545454545454804,0.0,0.0,0.0,0.0,0.5454545454545197,0.4545454545454804,0.0,0.0
50.083,0,0.0,0.0,0.5378787878787619,0.4621212121212382,0.0,0.0,0.0,0.0,0.0,0.0,0.0,0.0
50.083,1,0.0,0.0,0.5378787878787619,0.4621212121212382,0.0,0.0,0.0,0.0,0.5378787878787619,0.4621212121212382,0.0,0.0
50.167,0,0.0,0.0,0.5303030303030041,0.469696969696996,0.0,0.0,0.0,0.0,0.0,0.0,0.0,0.0
50.167,1,0.0,0.0,0.5303030303030041,0.469696969696996,0.0,0.0,0.0,0.0,0.5303030303030041,0.469696969696996,0.0,0.0
50.25,0,0.0,0.0,0.5227272727272463,0.47727272727275377,0.0,0.0,0.0,0.0,0.0,0.0,0.0,0.0
50.25,1,0.0,0.0,0.5227272727272463,0.47727272727275377,0.0,0.0,0.0,0.0,0.5227272727272463,0.47727272727275377,0.0,0.0
50.333,0,0.0,0.0,0.5151515151514885,0.48484848484851156,0.0,0.0,0.0,0.0,0.0,0.0,0.0,0.0
50.333,1,0.0,0.0,0.5151515151514885,0.48484848484851156,0.0,0.0,0.0,0.0,0.5151515151514885,0.48484848484851156,0.0,0.0
50.417,0,0.0,0.0,0.5075757575757307,0.49242424242426935,0.0,0.0,0.0,0.0,0.0,0.0,0.0,0.0
50.417,1,0.0,0.0,0.5075757575757307,0.49242424242426935,0.0,0.0,0.0,0.0,0.5075757575757307,0.49242424242426935,0.0,0.0
50.5,0,0.0,0.0,0.4999999999999729,0.5000000000000271,0.0,0.0,0.0,0.0,0.0,0.0,0.0,0.0
50.5,1,0.0,0.0,0.4999999999999729,0.5000000000000271,0.0,0.0,0.0,0.0,0.4999999999999729,0.5000000000000271,0.0,0.0
50.583,0,0.0,0.0,0.4924242424242151,0.5075757575757849,0.0,0.0,0.0,0.0,0.0,0.0,0.0,0.0
50.583,1,0.0,0.0,0.4924242424242151,0.5075757575757849,0.0,0.0,0.0,0.0,0.4924242424242151,0.5075757575757849,0.0,0.0
50.667,0,0.0,0.0,0.48484848484845733,0.5151515151515427,0.0,0.0,0.0,0.0,0.0,0.0,0.0,0.0
50.667,1,0.0,0.0,0.48484848484845733,0.5151515151515427,0.0,0.0,0.0,0.0,0.48484848484845733,0.5151515151515427,0.0,0.0
50.75,0,0.0,0.0,0.47727272727269954,0.5227272727273005,0.0,0.0,0.0,0.0,0.0,0.0,0.0,0.0
50.75,1,0.0,0.0,0.47727272727269954,0.5227272727273005,0.0,0.0,0.0,0.0,0.47727272727269954,0.5227272727273005,0.0,0.0
50.833,0,0.0,0.0,0.46969696969694175,0.5303030303030583,0.0,0.0,0.0,0.0,0.0,0.0,0.0,0.0
50.833,1,0.0,0.0,0.46969696969694175,0.5303030303030583,0.0,0.0,0.0,0.0,0.46969696969694175,0.5303030303030583,0.0,0.0
50.917,0,0.0,0.0,0.46212121212118396,0.537878787878816,0.0,0.0,0.0,0.0,0.0,0.0,0.0,0.0
50.917,1,0.0,0.0,0.46212121212118396,0.537878787878816,0.0,0.0,0.0,0.0,0.46212121212118396,0.537878787878816,0.0,0.0
51.0,0,0.0,0.0,0.4545454545454261,0.545454545454574,0.0,0.0,0.0,0.0,0.0,0.0,0.0,0.0
51.0,1,0.0,0.0,0.4545454545454261,0.545454545454574,0.0,0.0,0.0,0.0,0.4545454545454261,0.545454545454574,0.0,0.0
51.083,0,0.0,0.0,0.4469696969696683,0.5530303030303317,0.0,0.0,0.0,0.0,0.0,0.0,0.0,0.0
51.083,1,0.0,0.0,0.4469696969696683,0.5530303030303317,0.0,0.0,0.0,0.0,0.4469696969696683,0.5530303030303317,0.0,0.0
51.167,0,0.0,0.0,0.4393939393939105,0.5606060606060895,0.0,0.0,0.0,0.0,0.0,0.0,0.0,0.0
51.167,1,0.0,0.0,0.4393939393939105,0.5606060606060895,0.0,0.0,0.0,0.0,0.4393939393939105,0.5606060606060895,0.0,0.0
51.25,0,0.0,0.0,0.43181818181815274,0.5681818181818473,0.0,0.0,0.0,0.0,0.0,0.0,0.0,0.0
51.25,1,0.0,0.0,0.43181818181815274,0.5681818181818473,0.0,0.0,0.0,0.0,0.43181818181815274,0.5681818181818473,0.0,0.0
51.333,0,0.0,0.0,0.42424242424239494,0.5757575757576051,0.0,0.0,0.0,0.0,0.0,0.0,0.0,0.0
51.333,1,0.0,0.0,0.42424242424239494,0.5757575757576051,0.0,0.0,0.0,0.0,0.42424242424239494,0.5757575757576051,0.0,0.0
51.417,0,0.0,0.0,0.41666666666663715,0.5833333333333629,0.0,0.0,0.0,0.0,0.0,0.0,0.0,0.0
51.417,1,0.0,0.0,0.41666666666663715,0.5833333333333629,0.0,0.0,0.0,0.0,0.41666666666663715,0.5833333333333629,0.0,0.0
51.5,0,0.0,0.0,0.40909090909087936,0.5909090909091207,0.0,0.0,0.0,0.0,0.0,0.0,0.0,0.0
51.5,1,0.0,0.0,0.40909090909087936,0.5909090909091207,0.0,0.0,0.0,0.0,0.40909090909087936,0.5909090909091207,0.0,0.0
51.583,0,0.0,0.0,0.40151515151512157,0.5984848484848785,0.0,0.0,0.0,0.0,0.0,0.0,0.0,0.0
51.583,1,0.0,0.0,0.40151515151512157,0.5984848484848785,0.0,0.0,0.0,0.0,0.40151515151512157,0.5984848484848785,0.0,0.0
51.667,0,0.0,0.0,0.3939393939393638,0.6060606060606363,0.0,0.0,0.0,0.0,0.0,0.0,0.0,0.0
51.667,1,0.0,0.0,0.3939393939393638,0.6060606060606363,0.0,0.0,0.0,0.0,0.3939393939393638,0.6060606060606363,0.0,0.0
51.75,0,0.0,0.0,0.386363636363606,0.6136363636363941,0.0,0.0,0.0,0.0,0.0,0.0,0.0,0.0
51.75,1,0.0,0.0,0.386363636363606,0.6136363636363941,0.0,0.0,0.0,0.0,0.386363636363606,0.6136363636363941,0.0,0.0
51.833,0,0.0,0.0,0.3787878787878482,0.6212121212121519,0.0,0.0,0.0,0.0,0.0,0.0,0.0,0.0
51.833,1,0.0,0.0,0.3787878787878482,0.6212121212121519,0.0,0.0,0.0,0.0,0.3787878787878482,0.6212121212121519,0.0,0.0
51.917,0,0.0,0.0,0.3712121212120904,0.6287878787879096,0.0,0.0,0.0,0.0,0.0,0.0,0.0,0.0
51.917,1,0.0,0.0,0.3712121212120904,0.6287878787879096,0.0,0.0,0.0,0.0,0.3712121212120904,0.6287878787879096,0.0,0.0
52.0,0,0.0,0.0,0.3636363636363326,0.6363636363636674,0.0,0.0,0.0,0.0,0.0,0.0,0.0,0.0
52.0,1,0.0,0.0,0.3636363636363326,0.6363636363636674,0.0,0.0,0.0,0.0,0.3636363636363326,0.6363636363636674,0.0,0.0
52.083,0,0.0,0.0,0.3560606060605748,0.6439393939394252,0.0,0.0,0.0,0.0,0.0,0.0,0.0,0.0
52.083,1,0.0,0.0,0.3560606060605748,0.6439393939394252,0.0,0.0,0.0,0.0,0.3560606060605748,0.6439393939394252,0.0,0.0
52.167,0,0.0,0.0,0.34848484848481703,0.651515151515183,0.0,0.0,0.0,0.0,0.0,0.0,0.0,0.0
52.167,1,0.0,0.0,0.34848484848481703,0.651515151515183,0.0,0.0,0.0,0.0,0.34848484848481703,0.651515151515183,0.0,0.0
52.25,0,0.0,0.0,0.34090909090905924,0.6590909090909408,0.0,0.0,0.0,0.0,0.0,0.0,0.0,0.0
52.25,1,0.0,0.0,0.34090909090905924,0.6590909090909408,0.0,0.0,0.0,0.0,0.34090909090905924,0.6590909090909408,0.0,0.0
52.333,0,0.0,0.0,0.33333333333330145,0.6666666666666986,0.0,0.0,0.0,0.0,0.0,0.0,0.0,0.0
52.333,1,0.0,0.0,0.33333333333330145,0.6666666666666986,0.0,0.0,0.0,0.0,0.33333333333330145,0.6666666666666986,0.0,0.0
52.417,0,0.0,0.0,0.32575757575754366,0.6742424242424564,0.0,0.0,0.0,0.0,0.0,0.0,0.0,0.0
52.417,1,0.0,0.0,0.32575757575754366,0.6742424242424564,0.0,0.0,0.0,0.0,0.32575757575754366,0.6742424242424564,0.0,0.0
52.5,0,0.0,0.0,0.31818181818178587,0.6818181818182142,0.0,0.0,0.0,0.0,0.0,0.0,0.0,0.0
52.5,1,0.0,0.0,0.31818181818178587,0.6818181818182142,0.0,0.0,0.0,0.0,0.31818181818178587,0.6818181818182142,0.0,0.0
52.583,0,0.0,0.0,0.3106060606060281,0.689393939393972,0.0,0.0,0.0,0.0,0.0,0.0,0.0,0.0
52.583,1,0.0,0.0,0.3106060606060281,0.689393939393972,0.0,0.0,0.0,0.0,0.3106060606060281,0.689393939393972,0.0,0.0
52.667,0,0.0,0.0,0.3030303030302703,0.6969696969697298,0.0,0.0,0.0,0.0,0.0,0.0,0.0,0.0
52.667,1,0.0,0.0,0.3030303030302703,0.6969696969697298,0.0,0.0,0.0,0.0,0.3030303030302703,0.6969696969697298,0.0,0.0
52.75,0,0.0,0.0,0.2954545454545125,0.7045454545454876,0.0,0.0,0.0,0.0,0.0,0.0,0.0,0.0
52.75,1,0.0,0.0,0.2954545454545125,0.7045454545454876,0.0,0.0,0.0,0.0,0.2954545454545125,0.7045454545454876,0.0,0.0
52.833,0,0.0,0.0,0.2878787878787547,0.7121212121212454,0.0,0.0,0.0,0.0,0.0,0.0,0.0,0.0
52.833,1,0.0,0.0,0.2878787878787547,0.7121212121212454,0.0,0.0,0.0,0.0,0.2878787878787547,0.7121212121212454,0.0,0.0
52.917,0,0.0,0.0,0.2803030303029969,0.7196969696970031,0.0,0.0,0.0,0.0,0.0,0.0,0.0,0.0
52.917,1,0.0,0.0,0.2803030303029969,0.7196969696970031,0.0,0.0,0.0,0.0,0.2803030303029969,0.7196969696970031,0.0,0.0
53.0,0,0.0,0.0,0.2727272727272391,0.7272727272727609,0.0,0.0,0.0,0.0,0.0,0.0,0.0,0.0
53.0,1,0.0,0.0,0.2727272727272391,0.7272727272727609,0.0,0.0,0.0,0.0,0.2727272727272391,0.7272727272727609,0.0,0.0
53.083,0,0.0,0.0,0.26515151515148133,0.7348484848485187,0.0,0.0,0.0,0.0,0.0,0.0,0.0,0.0
53.083,1,0.0,0.0,0.26515151515148133,0.7348484848485187,0.0,0.0,0.0,0.0,0.26515151515148133,0.7348484848485187,0.0,0.0
53.167,0,0.0,0.0,0.25757575757572354,0.7424242424242765,0.0,0.0,0.0,0.0,0.0,0.0,0.0,0.0
53.167,1,0.0,0.0,0.25757575757572354,0.7424242424242765,0.0,0.0,0.0,0.0,0.25757575757572354,0.7424242424242765,0.0,0.0
53.25,0,0.0,0.0,0.24999999999996578,0.7500000000000343,0.0,0.0,0.0,0.0,0.0,0.0,0.0,0.0
53.25,1,0.0,0.0,0.24999999999996578,0.7500000000000343,0.0,0.0,0.0,0.0,0.24999999999996578,0.7500000000000343,0.0,0.0
53.333,0,0.0,0.0,0.242424242424208,0.7575757575757921,0.0,0.0,0.0,0.0,0.0,0.0,0.0,0.0
53.333,1,0.0,0.0,0.242424242424208,0.7575757575757921,0.0,0.0,0.0,0.0,0.242424242424208,0.7575757575757921,0.0,0.0
53.417,0,0.0,0.0,0.2348484848484502,0.7651515151515499,0.0,0.0,0.0,0.0,0.0,0.0,0.0,0.0
53.417,1,0.0,0.0,0.2348484848484502,0.7651515151515499,0.0,0.0,0.0,0.0,0.2348484848484502,0.7651515151515499,0.0,0.0
53.5,0,0.0,0.0,0.2272727272726924,0.7727272727273077,0.0,0.0,0.0,0.0,0.0,0.0,0.0,0.0
53.5,1,0.0,0.0,0.2272727272726924,0.7727272727273077,0.0,0.0,0.0,0.0,0.2272727272726924,0.7727272727273077,0.0,0.0
53.583,0,0.0,0.0,0.2196969696969346,0.7803030303030655,0.0,0.0,0.0,0.0,0.0,0.0,0.0,0.0
53.583,1,0.0,0.0,0.2196969696969346,0.7803030303030655,0.0,0.0,0.0,0.0,0.2196969696969346,0.7803030303030655,0.0,0.0
53.667,0,0.0,0.0,0.21212121212117682,0.7878787878788233,0.0,0.0,0.0,0.0,0.0,0.0,0.0,0.0
53.667,1,0.0,0.0,0.21212121212117682,0.7878787878788233,0.0,0.0,0.0,0.0,0.21212121212117682,0.7878787878788233,0.0,0.0
53.75,0,0.0,0.0,0.20454545454541903,0.795454545454581,0.0,0.0,0.0,0.0,0.0,0.0,0.0,0.0
53.75,1,0.0,0.0,0.20454545454541903,0.795454545454581,0.0,0.0,0.0,0.0,0.20454545454541903,0.795454545454581,0.0,0.0
53.833,0,0.0,0.0,0.19696969696966124,0.8030303030303388,0.0,0.0,0.0,0.0,0.0,0.0,0.0,0.0
53.833,1,0.0,0.0,0.19696969696966124,0.8030303030303388,0.0,0.0,0.0,0.0,0.19696969696966124,0.8030303030303388,0.0,0.0
53.917,0,0.0,0.0,0.18939393939390345,0.8106060606060966,0.0,0.0,0.0,0.0,0.0,0.0,0.0,0.0
53.917,1,0.0,0.0,0.18939393939390345,0.8106060606060966,0.0,0.0,0.0,0.0,0.18939393939390345,0.8106060606060966,0.0,0.0
54.0,0,0.0,0.0,0.18181818181814566,0.8181818181818544,0.0,0.0,0.0,0.0,0.0,0.0,0.0,0.0
54.0,1,0.0,0.0,0.18181818181814566,0.8181818181818544,0.0,0.0,0.0,0.0,0.18181818181814566,0.8181818181818544,0.0,0.0
54.083,0,0.0,0.0,0.17424242424238787,0.8257575757576122,0.0,0.0,0.0,0.0,0.0,0.0,0.0,0.0
54.083,1,0.0,0.0,0.17424242424238787,0.8257575757576122,0.0,0.0,0.0,0.0,0.17424242424238787,0.8257575757576122,0.0,0.0
54.167,0,0.0,0.0,0.16666666666663008,0.83333333333337,0.0,0.0,0.0,0.0,0.0,0.0,0.0,0.0
54.167,1,0.0,0.0,0.16666666666663008,0.83333333333337,0.0,0.0,0.0,0.0,0.16666666666663008,0.83333333333337,0.0,0.0
54.25,0,0.0,0.0,0.15909090909087228,0.8409090909091278,0.0,0.0,0.0,0.0,0.0,0.0,0.0,0.0
54.25,1,0.0,0.0,0.15909090909087228,0.8409090909091278,0.0,0.0,0.0,0.0,0.15909090909087228,0.8409090909091278,0.0,0.0
54.333,0,0.0,0.0,0.1515151515151145,0.8484848484848856,0.0,0.0,0.0,0.0,0.0,0.0,0.0,0.0
54.333,1,0.0,0.0,0.1515151515151145,0.8484848484848856,0.0,0.0,0.0,0.0,0.1515151515151145,0.8484848484848856,0.0,0.0
54.417,0,0.0,0.0,0.1439393939393567,0.8560606060606434,0.0,0.0,0.0,0.0,0.0,0.0,0.0,0.0
54.417,1,0.0,0.0,0.1439393939393567,0.8560606060606434,0.0,0.0,0.0,0.0,0.1439393939393567,0.8560606060606434,0.0,0.0
54.5,0,0.0,0.0,0.1363636363635989,0.8636363636364012,0.0,0.0,0.0,0.0,0.0,0.0,0.0,0.0
54.5,1,0.0,0.0,0.1363636363635989,0.8636363636364012,0.0,0.0,0.0,0.0,0.1363636363635989,0.8636363636364012,0.0,0.0
54.583,0,0.0,0.0,0.12878787878784112,0.871212121212159,0.0,0.0,0.0,0.0,0.0,0.0,0.0,0.0
54.583,1,0.0,0.0,0.12878787878784112,0.871212121212159,0.0,0.0,0.0,0.0,0.12878787878784112,0.871212121212159,0.0,0.0
54.667,0,0.0,0.0,0.12121212121208332,0.8787878787879168,0.0,0.0,0.0,0.0,0.0,0.0,0.0,0.0
54.667,1,0.0,0.0,0.12121212121208332,0.8787878787879168,0.0,0.0,0.0,0.0,0.12121212121208332,0.8787878787879168,0.0,0.0
54.75,0,0.0,0.0,0.11363636363632552,0.8863636363636745,0.0,0.0,0.0,0.0,0.0,0.0,0.0,0.0
54.75,1,0.0,0.0,0.11363636363632552,0.8863636363636745,0.0,0.0,0.0,0.0,0.11363636363632552,0.8863636363636745,0.0,0.0
54.833,0,0.0,0.0,0.10606060606056773,0.8939393939394323,0.0,0.0,0.0,0.0,0.0,0.0,0.0,0.0
54.833,1,0.0,0.0,0.10606060606056773,0.8939393939394323,0.0,0.0,0.0,0.0,0.10606060606056773,0.8939393939394323,0.0,0.0
54.917,0,0.0,0.0,0.09848484848480994,0.9015151515151901,0.0,0.0,0.0,0.0,0.0,0.0,0.0,0.0
54.917,1,0.0,0.0,0.09848484848480994,0.9015151515151901,0.0,0.0,0.0,0.0,0.09848484848480994,0.9015151515151901,0.0,0.0
55.0,0,0.0,0.0,0.09090909090905215,0.9090909090909479,0.0,0.0,0.0,0.0,0.0,0.0,0.0,0.0
55.0,1,0.0,0.0,0.09090909090905215,0.9090909090909479,0.0,0.0,0.0,0.0,0.09090909090905215,0.9090909090909479,0.0,0.0
55.083,0,0.0,0.0,0.08333333333329436,0.9166666666667057,0.0,0.0,0.0,0.0,0.0,0.0,0.0,0.0
55.083,1,0.0,0.0,0.08333333333329436,0.9166666666667057,0.0,0.0,0.0,0.0,0.08333333333329436,0.9166666666667057,0.0,0.0
55.167,0,0.0,0.0,0.07575757575753657,0.9242424242424635,0.0,0.0,0.0,0.0,0.0,0.0,0.0,0.0
55.167,1,0.0,0.0,0.07575757575753657,0.9242424242424635,0.0,0.0,0.0,0.0,0.07575757575753657,0.9242424242424635,0.0,0.0
55.25,0,0.0,0.0,0.06818181818177878,0.9318181818182213,0.0,0.0,0.0,0.0,0.0,0.0,0.0,0.0
55.25,1,0.0,0.0,0.06818181818177878,0.9318181818182213,0.0,0.0,0.0,0.0,0.06818181818177878,0.9318181818182213,0.0,0.0
55.333,0,0.0,0.0,0.06060606060602099,0.9393939393939791,0.0,0.0,0.0,0.0,0.0,0.0,0.0,0.0
55.333,1,0.0,0.0,0.06060606060602099,0.9393939393939791,0.0,0.0,0.0,0.0,0.06060606060602099,0.9393939393939791,0.0,0.0
55.417,0,0.0,0.0,0.053030303030263196,0.9469696969697369,0.0,0.0,0.0,0.0,0.0,0.0,0.0,0.0
55.417,1,0.0,0.0,0.053030303030263196,0.9469696969697369,0.0,0.0,0.0,0.0,0.053030303030263196,0.9469696969697369,0.0,0.0
55.5,0,0.0,0.0,0.045454545454505405,0.9545454545454947,0.0,0.0,0.0,0.0,0.0,0.0,0.0,0.0
55.5,1,0.0,0.0,0.045454545454505405,0.9545454545454947,0.0,0.0,0.0,0.0,0.045454545454505405,0.9545454545454947,0.0,0.0
55.583,0,0.0,0.0,0.03787878787874761,0.9621212121212525,0.0,0.0,0.0,0.0,0.0,0.0,0.0,0.0
55.583,1,0.0,0.0,0.03787878787874761,0.9621212121212525,0.0,0.0,0.0,0.0,0.03787878787874761,0.9621212121212525,0.0,0.0
55.667,0,0.0,0.0,0.030303030302989826,0.9696969696970102,0.0,0.0,0.0,0.0,0.0,0.0,0.0,0.0
55.667,1,0.0,0.0,0.030303030302989826,0.9696969696970102,0.0,0.0,0.0,0.0,0.030303030302989826,0.9696969696970102,0.0,0.0
55.75,0,0.0,0.0,0.022727272727232035,0.977272727272768,0.0,0.0,0.0,0.0,0.0,0.0,0.0,0.0
55.75,1,0.0,0.0,0.022727272727232035,0.977272727272768,0.0,0.0,0.0,0.0,0.022727272727232035,0.977272727272768,0.0,0.0
55.833,0,0.0,0.0,0.015151515151474242,0.9848484848485258,0.0,0.0,0.0,0.0,0.0,0.0,0.0,0.0
55.833,1,0.0,0.0,0.015151515151474242,0.9848484848485258,0.0,0.0,0.0,0.0,0.015151515151474242,0.9848484848485258,0.0,0.0
55.917,0,0.0,0.0,0.007575757575716451,0.9924242424242836,0.0,0.0,0.0,0.0,0.0,0.0,0.0,0.0
55.917,1,0.0,0.0,0.007575757575716451,0.9924242424242836,0.0,0.0,0.0,0.0,0.007575757575716451,0.9924242424242836,0.0,0.0
56.0,0,0.0,0.0,0.0,0.9999999999999587,4.134066826240583e-14,0.0,0.0,0.0,0.0,0.0,0.0,0.0
56.0,1,0.0,0.0,0.0,0.9999999999999587,4.134066826240583e-14,0.0,0.0,0.0,0.0,0.9999999999999587,4.134066826240583e-14,0.0
56.083,0,0.0,0.0,0.0,0.9924242424242009,0.007575757575799132,0.0,0.0,0.0,0.0,0.0,0.0,0.0
56.083,1,0.0,0.0,0.0,0.9924242424242009,0.007575757575799132,0.0,0.0,0.0,0.0,0.9924242424242009,0.007575757575799132,0.0
56.167,0,0.0,0.0,0.0,0.9848484848484431,0.015151515151556924,0.0,0.0,0.0,0.0,0.0,0.0,0.0
56.167,1,0.0,0.0,0.0,0.9848484848484431,0.015151515151556924,0.0,0.0,0.0,0.0,0.9848484848484431,0.015151515151556924,0.0
56.25,0,0.0,0.0,0.0,0.9772727272726853,0.022727272727314715,0.0,0.0,0.0,0.0,0.0,0.0,0.0
56.25,1,0.0,0.0,0.0,0.9772727272726853,0.022727272727314715,0.0,0.0,0.0,0.0,0.9772727272726853,0.022727272727314715,0.0
56.333,0,0.0,0.0,0.0,0.9696969696969275,0.030303030303072506,0.0,0.0,0.0,0.0,0.0,0.0,0.0
56.333,1,0.0,0.0,0.0,0.9696969696969275,0.030303030303072506,0.0,0.0,0.0,0.0,0.9696969696969275,0.030303030303072506,0.0
56.417,0,0.0,0.0,0.0,0.9621212121211697,0.0378787878788303,0.0,0.0,0.0,0.0,0.0,0.0,0.0
56.417,1,0.0,0.0,0.0,0.9621212121211697,0.0378787878788303,0.0,0.0,0.0,0.0,0.9621212121211697,0.0378787878788303,0.0
56.5,0,0.0,0.0,0.0,0.954545454545412,0.04545454545458809,0.0,0.0,0.0,0.0,0.0,0.0,0.0
56.5,1,0.0,0.0,0.0,0.954545454545412,0.04545454545458809,0.0,0.0,0.0,0.0,0.954545454545412,0.04545454545458809,0.0
56.583,0,0.0,0.0,0.0,0.9469696969696542,0.05303030303034588,0.0,0.0,0.0,0.0,0.0,0.0,0.0
56.583,1,0.0,0.0,0.0,0.9469696969696542,0.05303030303034588,0.0,0.0,0.0,0.0,0.9469696969696542,0.05303030303034588,0.0
56.667,0,0.0,0.0,0.0,0.9393939393938964,0.06060606060610367,0.0,0.0,0.0,0.0,0.0,0.0,0.0
56.667,1,0.0,0.0,0.0,0.9393939393938964,0.06060606060610367,0.0,0.0,0.0,0.0,0.9393939393938964,0.06060606060610367,0.0
56.75,0,0.0,0.0,0.0,0.9318181818181386,0.06818181818186146,0.0,0.0,0.0,0.0,0.0,0.0,0.0
56.75,1,0.0,0.0,0.0,0.9318181818181386,0.06818181818186146,0.0,0.0,0.0,0.0,0.9318181818181386,0.06818181818186146,0.0
56.833,0,0.0,0.0,0.0,0.9242424242423808,0.07575757575761925,0.0,0.0,0.0,0.0,0.0,0.0,0.0
56.833,1,0.0,0.0,0.0,0.9242424242423808,0.07575757575761925,0.0,0.0,0.0,0.0,0.9242424242423808,0.07575757575761925,0.0
56.917,0,0.0,0.0,0.0,0.916666666666623,0.08333333333337704,0.0,0.0,0.0,0.0,0.0,0.0,0.0
56.917,1,0.0,0.0,0.0,0.916666666666623,0.08333333333337704,0.0,0.0,0.0,0.0,0.916666666666623,0.08333333333337704,0.0
57.0,0,0.0,0.0,0.0,0.9090909090908652,0.09090909090913483,0.0,0.0,0.0,0.0,0.0,0.0,0.0
57.0,1,0.0,0.0,0.0,0.9090909090908652,0.09090909090913483,0.0,0.0,0.0,0.0,0.9090909090908652,0.09090909090913483,0.0
57.083,0,0.0,0.0,0.0,0.9015151515151074,0.09848484848489263,0.0,0.0,0.0,0.0,0.0,0.0,0.0
57.083,1,0.0,0.0,0.0,0.9015151515151074,0.09848484848489263,0.0,0.0,0.0,0.0,0.9015151515151074,0.09848484848489263,0.0
57.167,0,0.0,0.0,0.0,0.8939393939393496,0.10606060606065042,0.0,0.0,0.0,0.0,0.0,0.0,0.0
57.167,1,0.0,0.0,0.0,0.8939393939393496,0.10606060606065042,0.0,0.0,0.0,0.0,0.8939393939393496,0.10606060606065042,0.0
57.25,0,0.0,0.0,0.0,0.8863636363635918,0.11363636363640821,0.0,0.0,0.0,0.0,0.0,0.0,0.0
57.25,1,0.0,0.0,0.0,0.8863636363635918,0.11363636363640821,0.0,0.0,0.0,0.0,0.8863636363635918,0.11363636363640821,0.0
57.333,0,0.0,0.0,0.0,0.878787878787834,0.121212121212166,0.0,0.0,0.0,0.0,0.0,0.0,0.0
57.333,1,0.0,0.0,0.0,0.878787878787834,0.121212121212166,0.0,0.0,0.0,0.0,0.878787878787834,0.121212121212166,0.0
57.417,0,0.0,0.0,0.0,0.8712121212120763,0.1287878787879238,0.0,0.0,0.0,0.0,0.0,0.0,0.0
57.417,1,0.0,0.0,0.0,0.8712121212120763,0.1287878787879238,0.0,0.0,0.0,0.0,0.8712121212120763,0.1287878787879238,0.0
57.5,0,0.0,0.0,0.0,0.8636363636363185,0.1363636363636816,0.0,0.0,0.0,0.0,0.0,0.0,0.0
57.5,1,0.0,0.0,0.0,0.8636363636363185,0.1363636363636816,0.0,0.0,0.0,0.0,0.8636363636363185,0.1363636363636816,0.0
57.583,0,0.0,0.0,0.0,0.8560606060605607,0.1439393939394394,0.0,0.0,0.0,0.0,0.0,0.0,0.0
57.583,1,0.0,0.0,0.0,0.8560606060605607,0.1439393939394394,0.0,0.0,0.0,0.0,0.8560606060605607,0.1439393939394394,0.0
57.667,0,0.0,0.0,0.0,0.8484848484848029,0.15151515151519718,0.0,0.0,0.0,0.0,0.0,0.0,0.0
57.667,1,0.0,0.0,0.0,0.8484848484848029,0.15151515151519718,0.0,0.0,0.0,0.0,0.8484848484848029,0.15151515151519718,0.0
57.75,0,0.0,0.0,0.0,0.8409090909090451,0.15909090909095497,0.0,0.0,0.0,0.0,0.0,0.0,0.0
57.75,1,0.0,0.0,0.0,0.8409090909090451,0.15909090909095497,0.0,0.0,0.0,0.0,0.8409090909090451,0.15909090909095497,0.0
57.833,0,0.0,0.0,0.0,0.8333333333332873,0.16666666666671276,0.0,0.0,0.0,0.0,0.0,0.0,0.0
57.833,1,0.0,0.0,0.0,0.8333333333332873,0.16666666666671276,0.0,0.0,0.0,0.0,0.8333333333332873,0.16666666666671276,0.0
57.917,0,0.0,0.0,0.0,0.8257575757575295,0.17424242424247055,0.0,0.0,0.0,0.0,0.0,0.0,0.0
57.917,1,0.0,0.0,0.0,0.8257575757575295,0.17424242424247055,0.0,0.0,0.0,0.0,0.8257575757575295,0.17424242424247055,0.0
58.0,0,0.0,0.0,0.0,0.8181818181817717,0.18181818181822834,0.0,0.0,0.0,0.0,0.0,0.0,0.0
58.0,1,0.0,0.0,0.0,0.8181818181817717,0.18181818181822834,0.0,0.0,0.0,0.0,0.8181818181817717,0.18181818181822834,0.0
58.083,0,0.0,0.0,0.0,0.8106060606060139,0.18939393939398613,0.0,0.0,0.0,0.0,0.0,0.0,0.0
58.083,1,0.0,0.0,0.0,0.8106060606060139,0.18939393939398613,0.0,0.0,0.0,0.0,0.8106060606060139,0.18939393939398613,0.0
58.167,0,0.0,0.0,0.0,0.8030303030302561,0.19696969696974392,0.0,0.0,0.0,0.0,0.0,0.0,0.0
58.167,1,0.0,0.0,0.0,0.8030303030302561,0.19696969696974392,0.0,0.0,0.0,0.0,0.8030303030302561,0.19696969696974392,0.0
58.25,0,0.0,0.0,0.0,0.7954545454544983,0.20454545454550171,0.0,0.0,0.0,0.0,0.0,0.0,0.0
58.25,1,0.0,0.0,0.0,0.7954545454544983,0.20454545454550171,0.0,0.0,0.0,0.0,0.7954545454544983,0.20454545454550171,0.0
58.333,0,0.0,0.0,0.0,0.7878787878787405,0.2121212121212595,0.0,0.0,0.0,0.0,0.0,0.0,0.0
58.333,1,0.0,0.0,0.0,0.7878787878787405,0.2121212121212595,0.0,0.0,0.0,0.0,0.7878787878787405,0.2121212121212595,0.0
58.417,0,0.0,0.0,0.0,0.7803030303029828,0.2196969696970173,0.0,0.0,0.0,0.0,0.0,0.0,0.0
58.417,1,0.0,0.0,0.0,0.7803030303029828,0.2196969696970173,0.0,0.0,0.0,0.0,0.7803030303029828,0.2196969696970173,0.0
58.5,0,0.0,0.0,0.0,0.772727272727225,0.2272727272727751,0.0,0.0,0.0,0.0,0.0,0.0,0.0
58.5,1,0.0,0.0,0.0,0.772727272727225,0.2272727272727751,0.0,0.0,0.0,0.0,0.772727272727225,0.2272727272727751,0.0
58.583,0,0.0,0.0,0.0,0.7651515151514672,0.23484848484853288,0.0,0.0,0.0,0.0,0.0,0.0,0.0
58.583,1,0.0,0.0,0.0,0.7651515151514672,0.23484848484853288,0.0,0.0,0.0,0.0,0.7651515151514672,0.23484848484853288,0.0
58.667,0,0.0,0.0,0.0,0.7575757575757094,0.24242424242429067,0.0,0.0,0.0,0.0,0.0,0.0,0.0
58.667,1,0.0,0.0,0.0,0.7575757575757094,0.24242424242429067,0.0,0.0,0.0,0.0,0.7575757575757094,0.24242424242429067,0.0
58.75,0,0.0,0.0,0.0,0.7499999999999516,0.25000000000004846,0.0,0.0,0.0,0.0,0.0,0.0,0.0
58.75,1,0.0,0.0,0.0,0.7499999999999516,0.25000000000004846,0.0,0.0,0.0,0.0,0.7499999999999516,0.25000000000004846,0.0
58.833,0,0.0,0.0,0.0,0.7424242424241938,0.25757575757580625,0.0,0.0,0.0,0.0,0.0,0.0,0.0
58.833,1,0.0,0.0,0.0,0.7424242424241938,0.25757575757580625,0.0,0.0,0.0,0.0,0.7424242424241938,0.25757575757580625,0.0
58.917,0,0.0,0.0,0.0,0.734848484848436,0.26515151515156404,0.0,0.0,0.0,0.0,0.0,0.0,0.0
58.917,1,0.0,0.0,0.0,0.734848484848436,0.26515151515156404,0.0,0.0,0.0,0.0,0.734848484848436,0.26515151515156404,0.0
59.0,0,0.0,0.0,0.0,0.7272727272726782,0.27272727272732183,0.0,0.0,0.0,0.0,0.0,0.0,0.0
59.0,1,0.0,0.0,0.0,0.7272727272726782,0.27272727272732183,0.0,0.0,0.0,0.0,0.7272727272726782,0.27272727272732183,0.0
59.083,0,0.0,0.0,0.0,0.7196969696969204,0.2803030303030796,0.0,0.0,0.0,0.0,0.0,0.0,0.0
59.083,1,0.0,0.0,0.0,0.7196969696969204,0.2803030303030796,0.0,0.0,0.0,0.0,0.7196969696969204,0.2803030303030796,0.0
59.167,0,0.0,0.0,0.0,0.7121212121211626,0.2878787878788374,0.0,0.0,0.0,0.0,0.0,0.0,0.0
59.167,1,0.0,0.0,0.0,0.7121212121211626,0.2878787878788374,0.0,0.0,0.0,0.0,0.7121212121211626,0.2878787878788374,0.0
59.25,0,0.0,0.0,0.0,0.7045454545454048,0.2954545454545952,0.0,0.0,0.0,0.0,0.0,0.0,0.0
59.25,1,0.0,0.0,0.0,0.7045454545454048,0.2954545454545952,0.0,0.0,0.0,0.0,0.7045454545454048,0.2954545454545952,0.0
59.333,0,0.0,0.0,0.0,0.6969696969696471,0.303030303030353,0.0,0.0,0.0,0.0,0.0,0.0,0.0
59.333,1,0.0,0.0,0.0,0.6969696969696471,0.303030303030353,0.0,0.0,0.0,0.0,0.6969696969696471,0.303030303030353,0.0
59.417,0,0.0,0.0,0.0,0.6893939393938893,0.3106060606061108,0.0,0.0,0.0,0.0,0.0,0.0,0.0
59.417,1,0.0,0.0,0.0,0.6893939393938893,0.3106060606061108,0.0,0.0,0.0,0.0,0.6893939393938893,0.3106060606061108,0.0
59.5,0,0.0,0.0,0.0,0.6818181818181315,0.3181818181818686,0.0,0.0,0.0,0.0,0.0,0.0,0.0
59.5,1,0.0,0.0,0.0,0.6818181818181315,0.3181818181818686,0.0,0.0,0.0,0.0,0.6818181818181315,0.3181818181818686,0.0
59.583,0,0.0,0.0,0.0,0.6742424242423737,0.32575757575762637,0.0,0.0,0.0,0.0,0.0,0.0,0.0
59.583,1,0.0,0.0,0.0,0.6742424242423737,0.32575757575762637,0.0,0.0,0.0,0.0,0.6742424242423737,0.32575757575762637,0.0
59.667,0,0.0,0.0,0.0,0.6666666666666159,0.33333333333338416,0.0,0.0,0.0,0.0,0.0,0.0,0.0
59.667,1,0.0,0.0,0.0,0.6666666666666159,0.33333333333338416,0.0,0.0,0.0,0.0,0.6666666666666159,0.33333333333338416,0.0
59.75,0,0.0,0.0,0.0,0.6590909090908581,0.34090909090914195,0.0,0.0,0.0,0.0,0.0,0.0,0.0
59.75,1,0.0,0.0,0.0,0.6590909090908581,0.34090909090914195,0.0,0.0,0.0,0.0,0.6590909090908581,0.34090909090914195,0.0
59.833,0,0.0,0.0,0.0,0.6515151515151003,0.34848484848489975,0.0,0.0,0.0,0.0,0.0,0.0,0.0
59.833,1,0.0,0.0,0.0,0.6515151515151003,0.34848484848489975,0.0,0.0,0.0,0.0,0.6515151515151003,0.34848484848489975,0.0
59.917,0,0.0,0.0,0.0,0.6439393939393425,0.35606060606065754,0.0,0.0,0.0,0.0,0.0,0.0,0.0
59.917,1,0.0,0.0,0.0,0.6439393939393425,0.35606060606065754,0.0,0.0,0.0,0.0,0.6439393939393425,0.35606060606065754,0.0
60.0,0,0.0,0.0,0.0,0.6363636363635847,0.3636363636364153,0.0,0.0,0.0,0.0,0.0,0.0,0.0
60.0,1,0.0,0.0,0.0,0.6363636363635847,0.3636363636364153,0.0,0.0,0.0,0.0,0.6363636363635847,0.3636363636364153,0.0
60.083,0,0.0,0.0,0.0,0.6287878787878269,0.3712121212121731,0.0,0.0,0.0,0.0,0.0,0.0,0.0
60.083,1,0.0,0.0,0.0,0.6287878787878269,0.3712121212121731,0.0,0.0,0.0,0.0,0.6287878787878269,0.3712121212121731,0.0
60.167,0,0.0,0.0,0.0,0.6212121212120691,0.3787878787879309,0.0,0.0,0.0,0.0,0.0,0.0,0.0
60.167,1,0.0,0.0,0.0,0.6212121212120691,0.3787878787879309,0.0,0.0,0.0,0.0,0.6212121212120691,0.3787878787879309,0.0
60.25,0,0.0,0.0,0.0,0.6136363636363114,0.3863636363636887,0.0,0.0,0.0,0.0,0.0,0.0,0.0
60.25,1,0.0,0.0,0.0,0.6136363636363114,0.3863636363636887,0.0,0.0,0.0,0.0,0.6136363636363114,0.3863636363636887,0.0
60.333,0,0.0,0.0,0.0,0.6060606060605536,0.3939393939394465,0.0,0.0,0.0,0.0,0.0,0.0,0.0
60.333,1,0.0,0.0,0.0,0.6060606060605536,0.3939393939394465,0.0,0.0,0.0,0.0,0.6060606060605536,0.3939393939394465,0.0
60.417,0,0.0,0.0,0.0,0.5984848484847958,0.4015151515152043,0.0,0.0,0.0,0.0,0.0,0.0,0.0
60.417,1,0.0,0.0,0.0,0.5984848484847958,0.4015151515152043,0.0,0.0,0.0,0.0,0.5984848484847958,0.4015151515152043,0.0
60.5,0,0.0,0.0,0.0,0.590909090909038,0.4090909090909621,0.0,0.0,0.0,0.0,0.0,0.0,0.0
60.5,1,0.0,0.0,0.0,0.590909090909038,0.4090909090909621,0.0,0.0,0.0,0.0,0.590909090909038,0.4090909090909621,0.0
60.583,0,0.0,0.0,0.0,0.5833333333332802,0.41666666666671986,0.0,0.0,0.0,0.0,0.0,0.0,0.0
60.583,1,0.0,0.0,0.0,0.5833333333332802,0.41666666666671986,0.0,0.0,0.0,0.0,0.5833333333332802,0.41666666666671986,0.0
60.667,0,0.0,0.0,0.0,0.5757575757575224,0.42424242424247766,0.0,0.0,0.0,0.0,0.0,0.0,0.0
60.667,1,0.0,0.0,0.0,0.5757575757575224,0.42424242424247766,0.0,0.0,0.0,0.0,0.5757575757575224,0.42424242424247766,0.0
60.75,0,0.0,0.0,0.0,0.5681818181817646,0.43181818181823545,0.0,0.0,0.0,0.0,0.0,0.0,0.0
60.75,1,0.0,0.0,0.0,0.5681818181817646,0.43181818181823545,0.0,0.0,0.0,0.0,0.5681818181817646,0.43181818181823545,0.0
60.833,0,0.0,0.0,0.0,0.5606060606060068,0.43939393939399324,0.0,0.0,0.0,0.0,0.0,0.0,0.0
60.833,1,0.0,0.0,0.0,0.5606060606060068,0.43939393939399324,0.0,0.0,0.0,0.0,0.5606060606060068,0.43939393939399324,0.0
60.917,0,0.0,0.0,0.0,0.553030303030249,0.44696969696975103,0.0,0.0,0.0,0.0,0.0,0.0,0.0
60.917,1,0.0,0.0,0.0,0.553030303030249,0.44696969696975103,0.0,0.0,0.0,0.0,0.553030303030249,0.44696969696975103,0.0
61.0,0,0.0,0.0,0.0,0.5454545454544912,0.4545454545455088,0.0,0.0,0.0,0.0,0.0,0.0,0.0
61.0,1,0.0,0.0,0.0,0.5454545454544912,0.4545454545455088,0.0,0.0,0.0,0.0,0.5454545454544912,0.4545454545455088,0.0
61.083,0,0.0,0.0,0.0,0.5378787878787334,0.4621212121212666,0.0,0.0,0.0,0.0,0.0,0.0,0.0
61.083,1,0.0,0.0,0.0,0.5378787878787334,0.4621212121212666,0.0,0.0,0.0,0.0,0.5378787878787334,0.4621212121212666,0.0
61.167,0,0.0,0.0,0.0,0.5303030303029757,0.4696969696970244,0.0,0.0,0.0,0.0,0.0,0.0,0.0
61.167,1,0.0,0.0,0.0,0.5303030303029757,0.4696969696970244,0.0,0.0,0.0,0.0,0.5303030303029757,0.4696969696970244,0.0
61.25,0,0.0,0.0,0.0,0.5227272727272179,0.4772727272727822,0.0,0.0,0.0,0.0,0.0,0.0,0.0
61.25,1,0.0,0.0,0.0,0.5227272727272179,0.4772727272727822,0.0,0.0,0.0,0.0,0.5227272727272179,0.4772727272727822,0.0
61.333,0,0.0,0.0,0.0,0.5151515151514601,0.48484848484854,0.0,0.0,0.0,0.0,0.0,0.0,0.0
61.333,1,0.0,0.0,0.0,0.5151515151514601,0.48484848484854,0.0,0.0,0.0,0.0,0.5151515151514601,0.48484848484854,0.0
61.417,0,0.0,0.0,0.0,0.5075757575757023,0.4924242424242978,0.0,0.0,0.0,0.0,0.0,0.0,0.0
61.417,1,0.0,0.0,0.0,0.5075757575757023,0.4924242424242978,0.0,0.0,0.0,0.0,0.5075757575757023,0.4924242424242978,0.0
61.5,0,0.0,0.0,0.0,0.4999999999999445,0.5000000000000555,0.0,0.0,0.0,0.0,0.0,0.0,0.0
61.5,1,0.0,0.0,0.0,0.4999999999999445,0.5000000000000555,0.0,0.0,0.0,0.0,0.4999999999999445,0.5000000000000555,0.0
61.583,0,0.0,0.0,0.0,0.4924242424241867,0.5075757575758133,0.0,0.0,0.0,0.0,0.0,0.0,0.0
61.583,1,0.0,0.0,0.0,0.4924242424241867,0.5075757575758133,0.0,0.0,0.0,0.0,0.4924242424241867,0.5075757575758133,0.0
61.667,0,0.0,0.0,0.0,0.4848484848484289,0.5151515151515711,0.0,0.0,0.0,0.0,0.0,0.0,0.0
61.667,1,0.0,0.0,0.0,0.4848484848484289,0.5151515151515711,0.0,0.0,0.0,0.0,0.4848484848484289,0.5151515151515711,0.0
61.75,0,0.0,0.0,0.0,0.4772727272726711,0.5227272727273289,0.0,0.0,0.0,0.0,0.0,0.0,0.0
61.75,1,0.0,0.0,0.0,0.4772727272726711,0.5227272727273289,0.0,0.0,0.0,0.0,0.4772727272726711,0.5227272727273289,0.0
61.833,0,0.0,0.0,0.0,0.4696969696969133,0.5303030303030867,0.0,0.0,0.0,0.0,0.0,0.0,0.0
61.833,1,0.0,0.0,0.0,0.4696969696969133,0.5303030303030867,0.0,0.0,0.0,0.0,0.4696969696969133,0.5303030303030867,0.0
61.917,0,0.0,0.0,0.0,0.46212121212115553,0.5378787878788445,0.0,0.0,0.0,0.0,0.0,0.0,0.0
61.917,1,0.0,0.0,0.0,0.46212121212115553,0.5378787878788445,0.0,0.0,0.0,0.0,0.46212121212115553,0.5378787878788445,0.0
62.0,0,0.0,0.0,0.0,0.4545454545453977,0.5454545454546024,0.0,0.0,0.0,0.0,0.0,0.0,0.0
62.0,1,0.0,0.0,0.0,0.4545454545453977,0.5454545454546024,0.0,0.0,0.0,0.0,0.4545454545453977,0.5454545454546024,0.0
62.083,0,0.0,0.0,0.0,0.4469696969696399,0.5530303030303602,0.0,0.0,0.0,0.0,0.0,0.0,0.0
62.083,1,0.0,0.0,0.0,0.4469696969696399,0.5530303030303602,0.0,0.0,0.0,0.0,0.4469696969696399,0.5530303030303602,0.0
62.167,0,0.0,0.0,0.0,0.4393939393938821,0.560606060606118,0.0,0.0,0.0,0.0,0.0,0.0,0.0
62.167,1,0.0,0.0,0.0,0.4393939393938821,0.560606060606118,0.0,0.0,0.0,0.0,0.4393939393938821,0.560606060606118,0.0
62.25,0,0.0,0.0,0.0,0.4318181818181243,0.5681818181818757,0.0,0.0,0.0,0.0,0.0,0.0,0.0
62.25,1,0.0,0.0,0.0,0.4318181818181243,0.5681818181818757,0.0,0.0,0.0,0.0,0.4318181818181243,0.5681818181818757,0.0
62.333,0,0.0,0.0,0.0,0.4242424242423665,0.5757575757576335,0.0,0.0,0.0,0.0,0.0,0.0,0.0
62.333,1,0.0,0.0,0.0,0.4242424242423665,0.5757575757576335,0.0,0.0,0.0,0.0,0.4242424242423665,0.5757575757576335,0.0
62.417,0,0.0,0.0,0.0,0.41666666666660873,0.5833333333333913,0.0,0.0,0.0,0.0,0.0,0.0,0.0
62.417,1,0.0,0.0,0.0,0.41666666666660873,0.5833333333333913,0.0,0.0,0.0,0.0,0.41666666666660873,0.5833333333333913,0.0
62.5,0,0.0,0.0,0.0,0.40909090909085094,0.5909090909091491,0.0,0.0,0.0,0.0,0.0,0.0,0.0
62.5,1,0.0,0.0,0.0,0.40909090909085094,0.5909090909091491,0.0,0.0,0.0,0.0,0.40909090909085094,0.5909090909091491,0.0
62.583,0,0.0,0.0,0.0,0.40151515151509315,0.5984848484849069,0.0,0.0,0.0,0.0,0.0,0.0,0.0
62.583,1,0.0,0.0,0.0,0.40151515151509315,0.5984848484849069,0.0,0.0,0.0,0.0,0.40151515151509315,0.5984848484849069,0.0
62.667,0,0.0,0.0,0.0,0.39393939393933536,0.6060606060606647,0.0,0.0,0.0,0.0,0.0,0.0,0.0
62.667,1,0.0,0.0,0.0,0.39393939393933536,0.6060606060606647,0.0,0.0,0.0,0.0,0.39393939393933536,0.6060606060606647,0.0
62.75,0,0.0,0.0,0.0,0.38636363636357757,0.6136363636364225,0.0,0.0,0.0,0.0,0.0,0.0,0.0
62.75,1,0.0,0.0,0.0,0.38636363636357757,0.6136363636364225,0.0,0.0,0.0,0.0,0.38636363636357757,0.6136363636364225,0.0
62.833,0,0.0,0.0,0.0,0.3787878787878198,0.6212121212121803,0.0,0.0,0.0,0.0,0.0,0.0,0.0
62.833,1,0.0,0.0,0.0,0.3787878787878198,0.6212121212121803,0.0,0.0,0.0,0.0,0.3787878787878198,0.6212121212121803,0.0
62.917,0,0.0,0.0,0.0,0.371212121212062,0.6287878787879381,0.0,0.0,0.0,0.0,0.0,0.0,0.0
62.917,1,0.0,0.0,0.0,0.371212121212062,0.6287878787879381,0.0,0.0,0.0,0.0,0.371212121212062,0.6287878787879381,0.0
63.0,0,0.0,0.0,0.0,0.3636363636363042,0.6363636363636959,0.0,0.0,0.0,0.0,0.0,0.0,0.0
63.0,1,0.0,0.0,0.0,0.3636363636363042,0.6363636363636959,0.0,0.0,0.0,0.0,0.3636363636363042,0.6363636363636959,0.0
63.083,0,0.0,0.0,0.0,0.3560606060605464,0.6439393939394537,0.0,0.0,0.0,0.0,0.0,0.0,0.0
63.083,1,0.0,0.0,0.0,0.3560606060605464,0.6439393939394537,0.0,0.0,0.0,0.0,0.3560606060605464,0.6439393939394537,0.0
63.167,0,0.0,0.0,0.0,0.3484848484847886,0.6515151515152114,0.0,0.0,0.0,0.0,0.0,0.0,0.0
63.167,1,0.0,0.0,0.0,0.3484848484847886,0.6515151515152114,0.0,0.0,0.0,0.0,0.3484848484847886,0.6515151515152114,0.0
63.25,0,0.0,0.0,0.0,0.3409090909090308,0.6590909090909692,0.0,0.0,0.0,0.0,0.0,0.0,0.0
63.25,1,0.0,0.0,0.0,0.3409090909090308,0.6590909090909692,0.0,0.0,0.0,0.0,0.3409090909090308,0.6590909090909692,0.0
63.333,0,0.0,0.0,0.0,0.33333333333327303,0.666666666666727,0.0,0.0,0.0,0.0,0.0,0.0,0.0
63.333,1,0.0,0.0,0.0,0.33333333333327303,0.666666666666727,0.0,0.0,0.0,0.0,0.33333333333327303,0.666666666666727,0.0
63.417,0,0.0,0.0,0.0,0.32575757575751524,0.6742424242424848,0.0,0.0,0.0,0.0,0.0,0.0,0.0
63.417,1,0.0,0.0,0.0,0.32575757575751524,0.6742424242424848,0.0,0.0,0.0,0.0,0.32575757575751524,0.6742424242424848,0.0
63.5,0,0.0,0.0,0.0,0.31818181818175745,0.6818181818182426,0.0,0.0,0.0,0.0,0.0,0.0,0.0
63.5,1,0.0,0.0,0.0,0.31818181818175745,0.6818181818182426,0.0,0.0,0.0,0.0,0.31818181818175745,0.6818181818182426,0.0
63.583,0,0.0,0.0,0.0,0.31060606060599966,0.6893939393940004,0.0,0.0,0.0,0.0,0.0,0.0,0.0
63.583,1,0.0,0.0,0.0,0.31060606060599966,0.6893939393940004,0.0,0.0,0.0,0.0,0.31060606060599966,0.6893939393940004,0.0
63.667,0,0.0,0.0,0.0,0.30303030303024187,0.6969696969697582,0.0,0.0,0.0,0.0,0.0,0.0,0.0
63.667,1,0.0,0.0,0.0,0.30303030303024187,0.6969696969697582,0.0,0.0,0.0,0.0,0.30303030303024187,0.6969696969697582,0.0
63.75,0,0.0,0.0,0.0,0.2954545454544841,0.704545454545516,0.0,0.0,0.0,0.0,0.0,0.0,0.0
63.75,1,0.0,0.0,0.0,0.2954545454544841,0.704545454545516,0.0,0.0,0.0,0.0,0.2954545454544841,0.704545454545516,0.0
63.833,0,0.0,0.0,0.0,0.2878787878787263,0.7121212121212738,0.0,0.0,0.0,0.0,0.0,0.0,0.0
63.833,1,0.0,0.0,0.0,0.2878787878787263,0.7121212121212738,0.0,0.0,0.0,0.0,0.2878787878787263,0.7121212121212738,0.0
63.917,0,0.0,0.0,0.0,0.2803030303029685,0.7196969696970316,0.0,0.0,0.0,0.0,0.0,0.0,0.0
63.917,1,0.0,0.0,0.0,0.2803030303029685,0.7196969696970316,0.0,0.0,0.0,0.0,0.2803030303029685,0.7196969696970316,0.0
64.0,0,0.0,0.0,0.0,0.2727272727272107,0.7272727272727894,0.0,0.0,0.0,0.0,0.0,0.0,0.0
64.0,1,0.0,0.0,0.0,0.2727272727272107,0.7272727272727894,0.0,0.0,0.0,0.0,0.2727272727272107,0.7272727272727894,0.0
64.083,0,0.0,0.0,0.0,0.2651515151514523,0.7348484848485477,0.0,0.0,0.0,0.0,0.0,0.0,0.0
64.083,1,0.0,0.0,0.0,0.2651515151514523,0.7348484848485477,0.0,0.0,0.0,0.0,0.2651515151514523,0.7348484848485477,0.0
64.167,0,0.0,0.0,0.0,0.2575757575756951,0.7424242424243049,0.0,0.0,0.0,0.0,0.0,0.0,0.0
64.167,1,0.0,0.0,0.0,0.2575757575756951,0.7424242424243049,0.0,0.0,0.0,0.0,0.2575757575756951,0.7424242424243049,0.0
64.25,0,0.0,0.0,0.0,0.249999999999938,0.7500000000000621,0.0,0.0,0.0,0.0,0.0,0.0,0.0
64.25,1,0.0,0.0,0.0,0.249999999999938,0.7500000000000621,0.0,0.0,0.0,0.0,0.249999999999938,0.7500000000000621,0.0
64.333,0,0.0,0.0,0.0,0.24242424242417956,0.7575757575758205,0.0,0.0,0.0,0.0,0.0,0.0,0.0
64.333,1,0.0,0.0,0.0,0.24242424242417956,0.7575757575758205,0.0,0.0,0.0,0.0,0.24242424242417956,0.7575757575758205,0.0
64.417,0,0.0,0.0,0.0,0.23484848484842114,0.7651515151515789,0.0,0.0,0.0,0.0,0.0,0.0,0.0
64.417,1,0.0,0.0,0.0,0.23484848484842114,0.7651515151515789,0.0,0.0,0.0,0.0,0.23484848484842114,0.7651515151515789,0.0
64.5,0,0.0,0.0,0.0,0.22727272727266398,0.7727272727273361,0.0,0.0,0.0,0.0,0.0,0.0,0.0
64.5,1,0.0,0.0,0.0,0.22727272727266398,0.7727272727273361,0.0,0.0,0.0,0.0,0.22727272727266398,0.7727272727273361,0.0
64.583,0,0.0,0.0,0.0,0.21969696969690683,0.7803030303030932,0.0,0.0,0.0,0.0,0.0,0.0,0.0
64.583,1,0.0,0.0,0.0,0.21969696969690683,0.7803030303030932,0.0,0.0,0.0,0.0,0.21969696969690683,0.7803030303030932,0.0
64.667,0,0.0,0.0,0.0,0.2121212121211484,0.7878787878788517,0.0,0.0,0.0,0.0,0.0,0.0,0.0
64.667,1,0.0,0.0,0.0,0.2121212121211484,0.7878787878788517,0.0,0.0,0.0,0.0,0.2121212121211484,0.7878787878788517,0.0
64.75,0,0.0,0.0,0.0,0.20454545454538994,0.79545454545461,0.0,0.0,0.0,0.0,0.0,0.0,0.0
64.75,1,0.0,0.0,0.0,0.20454545454538994,0.79545454545461,0.0,0.0,0.0,0.0,0.20454545454538994,0.79545454545461,0.0
64.833,0,0.0,0.0,0.0,0.19696969696963282,0.8030303030303673,0.0,0.0,0.0,0.0,0.0,0.0,0.0
64.833,1,0.0,0.0,0.0,0.19696969696963282,0.8030303030303673,0.0,0.0,0.0,0.0,0.19696969696963282,0.8030303030303673,0.0
64.917,0,0.0,0.0,0.0,0.18939393939387567,0.8106060606061244,0.0,0.0,0.0,0.0,0.0,0.0,0.0
64.917,1,0.0,0.0,0.0,0.18939393939387567,0.8106060606061244,0.0,0.0,0.0,0.0,0.18939393939387567,0.8106060606061244,0.0
65.0,0,0.0,0.0,0.0,0.18181818181811724,0.8181818181818828,0.0,0.0,0.0,0.0,0.0,0.0,0.0
65.0,1,0.0,0.0,0.0,0.18181818181811724,0.8181818181818828,0.0,0.0,0.0,0.0,0.18181818181811724,0.8181818181818828,0.0
65.083,0,0.0,0.0,0.0,0.17424242424235878,0.8257575757576412,0.0,0.0,0.0,0.0,0.0,0.0,0.0
65.083,1,0.0,0.0,0.0,0.17424242424235878,0.8257575757576412,0.0,0.0,0.0,0.0,0.17424242424235878,0.8257575757576412,0.0
65.167,0,0.0,0.0,0.0,0.16666666666660165,0.8333333333333984,0.0,0.0,0.0,0.0,0.0,0.0,0.0
65.167,1,0.0,0.0,0.0,0.16666666666660165,0.8333333333333984,0.0,0.0,0.0,0.0,0.16666666666660165,0.8333333333333984,0.0
65.25,0,0.0,0.0,0.0,0.1590909090908445,0.8409090909091556,0.0,0.0,0.0,0.0,0.0,0.0,0.0
65.25,1,0.0,0.0,0.0,0.1590909090908445,0.8409090909091556,0.0,0.0,0.0,0.0,0.1590909090908445,0.8409090909091556,0.0
65.333,0,0.0,0.0,0.0,0.15151515151508607,0.848484848484914,0.0,0.0,0.0,0.0,0.0,0.0,0.0
65.333,1,0.0,0.0,0.0,0.15151515151508607,0.848484848484914,0.0,0.0,0.0,0.0,0.15151515151508607,0.848484848484914,0.0
65.417,0,0.0,0.0,0.0,0.14393939393932761,0.8560606060606724,0.0,0.0,0.0,0.0,0.0,0.0,0.0
65.417,1,0.0,0.0,0.0,0.14393939393932761,0.8560606060606724,0.0,0.0,0.0,0.0,0.14393939393932761,0.8560606060606724,0.0
65.5,0,0.0,0.0,0.0,0.1363636363635705,0.8636363636364296,0.0,0.0,0.0,0.0,0.0,0.0,0.0
65.5,1,0.0,0.0,0.0,0.1363636363635705,0.8636363636364296,0.0,0.0,0.0,0.0,0.1363636363635705,0.8636363636364296,0.0
65.583,0,0.0,0.0,0.0,0.12878787878781334,0.8712121212121867,0.0,0.0,0.0,0.0,0.0,0.0,0.0
65.583,1,0.0,0.0,0.0,0.12878787878781334,0.8712121212121867,0.0,0.0,0.0,0.0,0.12878787878781334,0.8712121212121867,0.0
65.667,0,0.0,0.0,0.0,0.1212121212120549,0.8787878787879452,0.0,0.0,0.0,0.0,0.0,0.0,0.0
65.667,1,0.0,0.0,0.0,0.1212121212120549,0.8787878787879452,0.0,0.0,0.0,0.0,0.1212121212120549,0.8787878787879452,0.0
65.75,0,0.0,0.0,0.0,0.11363636363629646,0.8863636363637035,0.0,0.0,0.0,0.0,0.0,0.0,0.0
65.75,1,0.0,0.0,0.0,0.11363636363629646,0.8863636363637035,0.0,0.0,0.0,0.0,0.11363636363629646,0.8863636363637035,0.0
65.833,0,0.0,0.0,0.0,0.10606060606053931,0.8939393939394608,0.0,0.0,0.0,0.0,0.0,0.0,0.0
65.833,1,0.0,0.0,0.0,0.10606060606053931,0.8939393939394608,0.0,0.0,0.0,0.0,0.10606060606053931,0.8939393939394608,0.0
65.917,0,0.0,0.0,0.0,0.09848484848478217,0.9015151515152179,0.0,0.0,0.0,0.0,0.0,0.0,0.0
65.917,1,0.0,0.0,0.0,0.09848484848478217,0.9015151515152179,0.0,0.0,0.0,0.0,0.09848484848478217,0.9015151515152179,0.0
66.0,0,0.0,0.0,0.0,0.09090909090902373,0.9090909090909763,0.0,0.0,0.0,0.0,0.0,0.0,0.0
66.0,1,0.0,0.0,0.0,0.09090909090902373,0.9090909090909763,0.0,0.0,0.0,0.0,0.09090909090902373,0.9090909090909763,0.0
66.083,0,0.0,0.0,0.0,0.0833333333332653,0.9166666666667347,0.0,0.0,0.0,0.0,0.0,0.0,0.0
66.083,1,0.0,0.0,0.0,0.0833333333332653,0.9166666666667347,0.0,0.0,0.0,0.0,0.0833333333332653,0.9166666666667347,0.0
66.167,0,0.0,0.0,0.0,0.07575757575750815,0.9242424242424919,0.0,0.0,0.0,0.0,0.0,0.0,0.0
66.167,1,0.0,0.0,0.0,0.07575757575750815,0.9242424242424919,0.0,0.0,0.0,0.0,0.07575757575750815,0.9242424242424919,0.0
66.25,0,0.0,0.0,0.0,0.06818181818175101,0.931818181818249,0.0,0.0,0.0,0.0,0.0,0.0,0.0
66.25,1,0.0,0.0,0.0,0.06818181818175101,0.931818181818249,0.0,0.0,0.0,0.0,0.06818181818175101,0.931818181818249,0.0
66.333,0,0.0,0.0,0.0,0.060606060605992565,0.9393939393940075,0.0,0.0,0.0,0.0,0.0,0.0,0.0
66.333,1,0.0,0.0,0.0,0.060606060605992565,0.9393939393940075,0.0,0.0,0.0,0.0,0.060606060605992565,0.9393939393940075,0.0
66.417,0,0.0,0.0,0.0,0.05303030303023413,0.9469696969697659,0.0,0.0,0.0,0.0,0.0,0.0,0.0
66.417,1,0.0,0.0,0.0,0.05303030303023413,0.9469696969697659,0.0,0.0,0.0,0.0,0.05303030303023413,0.9469696969697659,0.0
66.5,0,0.0,0.0,0.0,0.04545454545447698,0.9545454545455231,0.0,0.0,0.0,0.0,0.0,0.0,0.0
66.5,1,0.0,0.0,0.0,0.04545454545447698,0.9545454545455231,0.0,0.0,0.0,0.0,0.04545454545447698,0.9545454545455231,0.0
66.583,0,0.0,0.0,0.0,0.03787878787871984,0.9621212121212802,0.0,0.0,0.0,0.0,0.0,0.0,0.0
66.583,1,0.0,0.0,0.0,0.03787878787871984,0.9621212121212802,0.0,0.0,0.0,0.0,0.03787878787871984,0.9621212121212802,0.0
66.667,0,0.0,0.0,0.0,0.030303030302961404,0.9696969696970387,0.0,0.0,0.0,0.0,0.0,0.0,0.0
66.667,1,0.0,0.0,0.0,0.030303030302961404,0.9696969696970387,0.0,0.0,0.0,0.0,0.030303030302961404,0.9696969696970387,0.0
66.75,0,0.0,0.0,0.0,0.022727272727202964,0.977272727272797,0.0,0.0,0.0,0.0,0.0,0.0,0.0
66.75,1,0.0,0.0,0.0,0.022727272727202964,0.977272727272797,0.0,0.0,0.0,0.0,0.022727272727202964,0.977272727272797,0.0
66.833,0,0.0,0.0,0.0,0.01515151515144582,0.9848484848485543,0.0,0.0,0.0,0.0,0.0,0.0,0.0
66.833,1,0.0,0.0,0.0,0.01515151515144582,0.9848484848485543,0.0,0.0,0.0,0.0,0.01515151515144582,0.9848484848485543,0.0
66.917,0,0.0,0.0,0.0,0.0075757575756886745,0.9924242424243114,0.0,0.0,0.0,0.0,0.0,0.0,0.0
66.917,1,0.0,0.0,0.0,0.0075757575756886745,0.9924242424243114,0.0,0.0,0.0,0.0,0.0075757575756886745,0.9924242424243114,0.0
67.0,0,0.0,0.0,0.0,0.0,0.9999999999999802,1.9676568067202774e-14,0.0,0.0,0.0,0.0,0.0,0.0
67.0,1,0.0,0.0,0.0,0.0,0.9999999999999802,1.9676568067202774e-14,0.0,0.0,0.0,0.0,0.9999999999999802,1.9676568067202774e-14
67.083,0,0.0,0.0,0.0,0.0,0.9978632478632279,0.0021367521367720564,0.0,0.0,0.0,0.0,0.0,0.0
67.083,1,0.0,0.0,0.0,0.0,0.9978632478632279,0.0021367521367720564,0.0,0.0,0.0,0.0,0.9978632478632279,0.0021367521367720564
67.167,0,0.0,0.0,0.0,0.0,0.9957264957264759,0.0042735042735240715,0.0,0.0,0.0,0.0,0.0,0.0
67.167,1,0.0,0.0,0.0,0.0,0.9957264957264759,0.0042735042735240715,0.0,0.0,0.0,0.0,0.9957264957264759,0.0042735042735240715
67.25,0,0.0,0.0,0.0,0.0,0.9935897435897239,0.006410256410276087,0.0,0.0,0.0,0.0,0.0,0.0
67.25,1,0.0,0.0,0.0,0.0,0.9935897435897239,0.006410256410276087,0.0,0.0,0.0,0.0,0.9935897435897239,0.006410256410276087
67.333,0,0.0,0.0,0.0,0.0,0.9914529914529715,0.008547008547028466,0.0,0.0,0.0,0.0,0.0,0.0
67.333,1,0.0,0.0,0.0,0.0,0.9914529914529715,0.008547008547028466,0.0,0.0,0.0,0.0,0.9914529914529715,0.008547008547028466
67.417,0,0.0,0.0,0.0,0.0,0.9893162393162191,0.010683760683780847,0.0,0.0,0.0,0.0,0.0,0.0
67.417,1,0.0,0.0,0.0,0.0,0.9893162393162191,0.010683760683780847,0.0,0.0,0.0,0.0,0.9893162393162191,0.010683760683780847
67.5,0,0.0,0.0,0.0,0.0,0.9871794871794671,0.012820512820532861,0.0,0.0,0.0,0.0,0.0,0.0
67.5,1,0.0,0.0,0.0,0.0,0.9871794871794671,0.012820512820532861,0.0,0.0,0.0,0.0,0.9871794871794671,0.012820512820532861
67.583,0,0.0,0.0,0.0,0.0,0.9850427350427151,0.014957264957284876,0.0,0.0,0.0,0.0,0.0,0.0
67.583,1,0.0,0.0,0.0,0.0,0.9850427350427151,0.014957264957284876,0.0,0.0,0.0,0.0,0.9850427350427151,0.014957264957284876
67.667,0,0.0,0.0,0.0,0.0,0.9829059829059628,0.017094017094037257,0.0,0.0,0.0,0.0,0.0,0.0
67.667,1,0.0,0.0,0.0,0.0,0.9829059829059628,0.017094017094037257,0.0,0.0,0.0,0.0,0.9829059829059628,0.017094017094037257
67.75,0,0.0,0.0,0.0,0.0,0.9807692307692103,0.019230769230789636,0.0,0.0,0.0,0.0,0.0,0.0
67.75,1,0.0,0.0,0.0,0.0,0.9807692307692103,0.019230769230789636,0.0,0.0,0.0,0.0,0.9807692307692103,0.019230769230789636
67.833,0,0.0,0.0,0.0,0.0,0.9786324786324583,0.02136752136754165,0.0,0.0,0.0,0.0,0.0,0.0
67.833,1,0.0,0.0,0.0,0.0,0.9786324786324583,0.02136752136754165,0.0,0.0,0.0,0.0,0.9786324786324583,0.02136752136754165
67.917,0,0.0,0.0,0.0,0.0,0.9764957264957063,0.023504273504293665,0.0,0.0,0.0,0.0,0.0,0.0
67.917,1,0.0,0.0,0.0,0.0,0.9764957264957063,0.023504273504293665,0.0,0.0,0.0,0.0,0.9764957264957063,0.023504273504293665
68.0,0,0.0,0.0,0.0,0.0,0.9743589743589539,0.025641025641046044,0.0,0.0,0.0,0.0,0.0,0.0
68.0,1,0.0,0.0,0.0,0.0,0.9743589743589539,0.025641025641046044,0.0,0.0,0.0,0.0,0.9743589743589539,0.025641025641046044
68.083,0,0.0,0.0,0.0,0.0,0.9722222222222016,0.027777777777798426,0.0,0.0,0.0,0.0,0.0,0.0
68.083,1,0.0,0.0,0.0,0.0,0.9722222222222016,0.027777777777798426,0.0,0.0,0.0,0.0,0.9722222222222016,0.027777777777798426
68.167,0,0.0,0.0,0.0,0.0,0.9700854700854495,0.02991452991455044,0.0,0.0,0.0,0.0,0.0,0.0
68.167,1,0.0,0.0,0.0,0.0,0.9700854700854495,0.02991452991455044,0.0,0.0,0.0,0.0,0.9700854700854495,0.02991452991455044
68.25,0,0.0,0.0,0.0,0.0,0.9679487179486975,0.032051282051302456,0.0,0.0,0.0,0.0,0.0,0.0
68.25,1,0.0,0.0,0.0,0.0,0.9679487179486975,0.032051282051302456,0.0,0.0,0.0,0.0,0.9679487179486975,0.032051282051302456
68.333,0,0.0,0.0,0.0,0.0,0.9658119658119452,0.034188034188054835,0.0,0.0,0.0,0.0,0.0,0.0
68.333,1,0.0,0.0,0.0,0.0,0.9658119658119452,0.034188034188054835,0.0,0.0,0.0,0.0,0.9658119658119452,0.034188034188054835
68.417,0,0.0,0.0,0.0,0.0,0.9636752136751927,0.036324786324807214,0.0,0.0,0.0,0.0,0.0,0.0
68.417,1,0.0,0.0,0.0,0.0,0.9636752136751927,0.036324786324807214,0.0,0.0,0.0,0.0,0.9636752136751927,0.036324786324807214
68.5,0,0.0,0.0,0.0,0.0,0.9615384615384407,0.03846153846155923,0.0,0.0,0.0,0.0,0.0,0.0
68.5,1,0.0,0.0,0.0,0.0,0.9615384615384407,0.03846153846155923,0.0,0.0,0.0,0.0,0.9615384615384407,0.03846153846155923
68.583,0,0.0,0.0,0.0,0.0,0.9594017094016887,0.04059829059831124,0.0,0.0,0.0,0.0,0.0,0.0
68.583,1,0.0,0.0,0.0,0.0,0.9594017094016887,0.04059829059831124,0.0,0.0,0.0,0.0,0.9594017094016887,0.04059829059831124
68.667,0,0.0,0.0,0.0,0.0,0.9572649572649363,0.04273504273506362,0.0,0.0,0.0,0.0,0.0,0.0
68.667,1,0.0,0.0,0.0,0.0,0.9572649572649363,0.04273504273506362,0.0,0.0,0.0,0.0,0.9572649572649363,0.04273504273506362
68.75,0,0.0,0.0,0.0,0.0,0.955128205128184,0.044871794871816,0.0,0.0,0.0,0.0,0.0,0.0
68.75,1,0.0,0.0,0.0,0.0,0.955128205128184,0.044871794871816,0.0,0.0,0.0,0.0,0.955128205128184,0.044871794871816
68.833,0,0.0,0.0,0.0,0.0,0.952991452991432,0.04700854700856802,0.0,0.0,0.0,0.0,0.0,0.0
68.833,1,0.0,0.0,0.0,0.0,0.952991452991432,0.04700854700856802,0.0,0.0,0.0,0.0,0.952991452991432,0.04700854700856802
68.917,0,0.0,0.0,0.0,0.0,0.9508547008546799,0.04914529914532004,0.0,0.0,0.0,0.0,0.0,0.0
68.917,1,0.0,0.0,0.0,0.0,0.9508547008546799,0.04914529914532004,0.0,0.0,0.0,0.0,0.9508547008546799,0.04914529914532004
69.0,0,0.0,0.0,0.0,0.0,0.9487179487179276,0.051282051282072416,0.0,0.0,0.0,0.0,0.0,0.0
69.0,1,0.0,0.0,0.0,0.0,0.9487179487179276,0.051282051282072416,0.0,0.0,0.0,0.0,0.9487179487179276,0.051282051282072416
69.083,0,0.0,0.0,0.0,0.0,0.9465811965811751,0.053418803418824795,0.0,0.0,0.0,0.0,0.0,0.0
69.083,1,0.0,0.0,0.0,0.0,0.9465811965811751,0.053418803418824795,0.0,0.0,0.0,0.0,0.9465811965811751,0.053418803418824795
69.167,0,0.0,0.0,0.0,0.0,0.9444444444444231,0.055555555555576806,0.0,0.0,0.0,0.0,0.0,0.0
69.167,1,0.0,0.0,0.0,0.0,0.9444444444444231,0.055555555555576806,0.0,0.0,0.0,0.0,0.9444444444444231,0.055555555555576806
69.25,0,0.0,0.0,0.0,0.0,0.9423076923076712,0.057692307692328824,0.0,0.0,0.0,0.0,0.0,0.0
69.25,1,0.0,0.0,0.0,0.0,0.9423076923076712,0.057692307692328824,0.0,0.0,0.0,0.0,0.9423076923076712,0.057692307692328824
69.333,0,0.0,0.0,0.0,0.0,0.9401709401709187,0.0598290598290812,0.0,0.0,0.0,0.0,0.0,0.0
69.333,1,0.0,0.0,0.0,0.0,0.9401709401709187,0.0598290598290812,0.0,0.0,0.0,0.0,0.9401709401709187,0.0598290598290812
69.417,0,0.0,0.0,0.0,0.0,0.9380341880341664,0.06196581196583358,0.0,0.0,0.0,0.0,0.0,0.0
69.417,1,0.0,0.0,0.0,0.0,0.9380341880341664,0.06196581196583358,0.0,0.0,0.0,0.0,0.9380341880341664,0.06196581196583358
69.5,0,0.0,0.0,0.0,0.0,0.9358974358974144,0.0641025641025856,0.0,0.0,0.0,0.0,0.0,0.0
69.5,1,0.0,0.0,0.0,0.0,0.9358974358974144,0.0641025641025856,0.0,0.0,0.0,0.0,0.9358974358974144,0.0641025641025856
69.583,0,0.0,0.0,0.0,0.0,0.9337606837606623,0.06623931623933761,0.0,0.0,0.0,0.0,0.0,0.0
69.583,1,0.0,0.0,0.0,0.0,0.9337606837606623,0.06623931623933761,0.0,0.0,0.0,0.0,0.9337606837606623,0.06623931623933761
69.667,0,0.0,0.0,0.0,0.0,0.93162393162391,0.06837606837608999,0.0,0.0,0.0,0.0,0.0,0.0
69.667,1,0.0,0.0,0.0,0.0,0.93162393162391,0.06837606837608999,0.0,0.0,0.0,0.0,0.93162393162391,0.06837606837608999
69.75,0,0.0,0.0,0.0,0.0,0.9294871794871576,0.07051282051284237,0.0,0.0,0.0,0.0,0.0,0.0
69.75,1,0.0,0.0,0.0,0.0,0.9294871794871576,0.07051282051284237,0.0,0.0,0.0,0.0,0.9294871794871576,0.07051282051284237
69.833,0,0.0,0.0,0.0,0.0,0.9273504273504056,0.07264957264959439,0.0,0.0,0.0,0.0,0.0,0.0
69.833,1,0.0,0.0,0.0,0.0,0.9273504273504056,0.07264957264959439,0.0,0.0,0.0,0.0,0.9273504273504056,0.07264957264959439
69.917,0,0.0,0.0,0.0,0.0,0.9252136752136536,0.0747863247863464,0.0,0.0,0.0,0.0,0.0,0.0
69.917,1,0.0,0.0,0.0,0.0,0.9252136752136536,0.0747863247863464,0.0,0.0,0.0,0.0,0.9252136752136536,0.0747863247863464
70.0,0,0.0,0.0,0.0,0.0,0.9230769230769011,0.07692307692309878,0.0,0.0,0.0,0.0,0.0,0.0
70.0,1,0.0,0.0,0.0,0.0,0.9230769230769011,0.07692307692309878,0.0,0.0,0.0,0.0,0.9230769230769011,0.07692307692309878
70.083,0,0.0,0.0,0.0,0.0,0.9209401709401488,0.07905982905985116,0.0,0.0,0.0,0.0,0.0,0.0
70.083,1,0.0,0.0,0.0,0.0,0.9209401709401488,0.07905982905985116,0.0,0.0,0.0,0.0,0.9209401709401488,0.07905982905985116
70.167,0,0.0,0.0,0.0,0.0,0.9188034188033968,0.08119658119660318,0.0,0.0,0.0,0.0,0.0,0.0
70.167,1,0.0,0.0,0.0,0.0,0.9188034188033968,0.08119658119660318,0.0,0.0,0.0,0.0,0.9188034188033968,0.08119658119660318
70.25,0,0.0,0.0,0.0,0.0,0.9166666666666448,0.0833333333333552,0.0,0.0,0.0,0.0,0.0,0.0
70.25,1,0.0,0.0,0.0,0.0,0.9166666666666448,0.0833333333333552,0.0,0.0,0.0,0.0,0.9166666666666448,0.0833333333333552
70.333,0,0.0,0.0,0.0,0.0,0.9145299145298924,0.08547008547010758,0.0,0.0,0.0,0.0,0.0,0.0
70.333,1,0.0,0.0,0.0,0.0,0.9145299145298924,0.08547008547010758,0.0,0.0,0.0,0.0,0.9145299145298924,0.08547008547010758
70.417,0,0.0,0.0,0.0,0.0,0.9123931623931401,0.08760683760685996,0.0,0.0,0.0,0.0,0.0,0.0
70.417,1,0.0,0.0,0.0,0.0,0.9123931623931401,0.08760683760685996,0.0,0.0,0.0,0.0,0.9123931623931401,0.08760683760685996
70.5,0,0.0,0.0,0.0,0.0,0.910256410256388,0.08974358974361196,0.0,0.0,0.0,0.0,0.0,0.0
70.5,1,0.0,0.0,0.0,0.0,0.910256410256388,0.08974358974361196,0.0,0.0,0.0,0.0,0.910256410256388,0.08974358974361196
70.583,0,0.0,0.0,0.0,0.0,0.908119658119636,0.09188034188036398,0.0,0.0,0.0,0.0,0.0,0.0
70.583,1,0.0,0.0,0.0,0.0,0.908119658119636,0.09188034188036398,0.0,0.0,0.0,0.0,0.908119658119636,0.09188034188036398
70.667,0,0.0,0.0,0.0,0.0,0.9059829059828836,0.09401709401711636,0.0,0.0,0.0,0.0,0.0,0.0
70.667,1,0.0,0.0,0.0,0.0,0.9059829059828836,0.09401709401711636,0.0,0.0,0.0,0.0,0.9059829059828836,0.09401709401711636
70.75,0,0.0,0.0,0.0,0.0,0.9038461538461312,0.09615384615386874,0.0,0.0,0.0,0.0,0.0,0.0
70.75,1,0.0,0.0,0.0,0.0,0.9038461538461312,0.09615384615386874,0.0,0.0,0.0,0.0,0.9038461538461312,0.09615384615386874
70.833,0,0.0,0.0,0.0,0.0,0.9017094017093792,0.09829059829062076,0.0,0.0,0.0,0.0,0.0,0.0
70.833,1,0.0,0.0,0.0,0.0,0.9017094017093792,0.09829059829062076,0.0,0.0,0.0,0.0,0.9017094017093792,0.09829059829062076
70.917,0,0.0,0.0,0.0,0.0,0.8995726495726272,0.10042735042737277,0.0,0.0,0.0,0.0,0.0,0.0
70.917,1,0.0,0.0,0.0,0.0,0.8995726495726272,0.10042735042737277,0.0,0.0,0.0,0.0,0.8995726495726272,0.10042735042737277
71.0,0,0.0,0.0,0.0,0.0,0.8974358974358748,0.10256410256412515,0.0,0.0,0.0,0.0,0.0,0.0
71.0,1,0.0,0.0,0.0,0.0,0.8974358974358748,0.10256410256412515,0.0,0.0,0.0,0.0,0.8974358974358748,0.10256410256412515
71.083,0,0.0,0.0,0.0,0.0,0.8952991452991225,0.10470085470087753,0.0,0.0,0.0,0.0,0.0,0.0
71.083,1,0.0,0.0,0.0,0.0,0.8952991452991225,0.10470085470087753,0.0,0.0,0.0,0.0,0.8952991452991225,0.10470085470087753
71.167,0,0.0,0.0,0.0,0.0,0.8931623931623704,0.10683760683762955,0.0,0.0,0.0,0.0,0.0,0.0
71.167,1,0.0,0.0,0.0,0.0,0.8931623931623704,0.10683760683762955,0.0,0.0,0.0,0.0,0.8931623931623704,0.10683760683762955
71.25,0,0.0,0.0,0.0,0.0,0.8910256410256184,0.10897435897438157,0.0,0.0,0.0,0.0,0.0,0.0
71.25,1,0.0,0.0,0.0,0.0,0.8910256410256184,0.10897435897438157,0.0,0.0,0.0,0.0,0.8910256410256184,0.10897435897438157
71.333,0,0.0,0.0,0.0,0.0,0.888888888888866,0.11111111111113395,0.0,0.0,0.0,0.0,0.0,0.0
71.333,1,0.0,0.0,0.0,0.0,0.888888888888866,0.11111111111113395,0.0,0.0,0.0,0.0,0.888888888888866,0.11111111111113395
71.417,0,0.0,0.0,0.0,0.0,0.8867521367521136,0.11324786324788633,0.0,0.0,0.0,0.0,0.0,0.0
71.417,1,0.0,0.0,0.0,0.0,0.8867521367521136,0.11324786324788633,0.0,0.0,0.0,0.0,0.8867521367521136,0.11324786324788633
71.5,0,0.0,0.0,0.0,0.0,0.8846153846153616,0.11538461538463833,0.0,0.0,0.0,0.0,0.0,0.0
71.5,1,0.0,0.0,0.0,0.0,0.8846153846153616,0.11538461538463833,0.0,0.0,0.0,0.0,0.8846153846153616,0.11538461538463833
71.583,0,0.0,0.0,0.0,0.0,0.8824786324786096,0.11752136752139035,0.0,0.0,0.0,0.0,0.0,0.0
71.583,1,0.0,0.0,0.0,0.0,0.8824786324786096,0.11752136752139035,0.0,0.0,0.0,0.0,0.8824786324786096,0.11752136752139035
71.667,0,0.0,0.0,0.0,0.0,0.8803418803418572,0.11965811965814273,0.0,0.0,0.0,0.0,0.0,0.0
71.667,1,0.0,0.0,0.0,0.0,0.8803418803418572,0.11965811965814273,0.0,0.0,0.0,0.0,0.8803418803418572,0.11965811965814273
71.75,0,0.0,0.0,0.0,0.0,0.8782051282051049,0.12179487179489511,0.0,0.0,0.0,0.0,0.0,0.0
71.75,1,0.0,0.0,0.0,0.0,0.8782051282051049,0.12179487179489511,0.0,0.0,0.0,0.0,0.8782051282051049,0.12179487179489511
71.833,0,0.0,0.0,0.0,0.0,0.8760683760683529,0.12393162393164713,0.0,0.0,0.0,0.0,0.0,0.0
71.833,1,0.0,0.0,0.0,0.0,0.8760683760683529,0.12393162393164713,0.0,0.0,0.0,0.0,0.8760683760683529,0.12393162393164713
71.917,0,0.0,0.0,0.0,0.0,0.8739316239316008,0.12606837606839913,0.0,0.0,0.0,0.0,0.0,0.0
71.917,1,0.0,0.0,0.0,0.0,0.8739316239316008,0.12606837606839913,0.0,0.0,0.0,0.0,0.8739316239316008,0.12606837606839913
72.0,0,0.0,0.0,0.0,0.0,0.8717948717948485,0.1282051282051515,0.0,0.0,0.0,0.0,0.0,0.0
72.0,1,0.0,0.0,0.0,0.0,0.8717948717948485,0.1282051282051515,0.0,0.0,0.0,0.0,0.8717948717948485,0.1282051282051515
72.083,0,0.0,0.0,0.0,0.0,0.869658119658096,0.1303418803419039,0.0,0.0,0.0,0.0,0.0,0.0
72.083,1,0.0,0.0,0.0,0.0,0.869658119658096,0.1303418803419039,0.0,0.0,0.0,0.0,0.869658119658096,0.1303418803419039
72.167,0,0.0,0.0,0.0,0.0,0.867521367521344,0.1324786324786559,0.0,0.0,0.0,0.0,0.0,0.0
72.167,1,0.0,0.0,0.0,0.0,0.867521367521344,0.1324786324786559,0.0,0.0,0.0,0.0,0.867521367521344,0.1324786324786559
72.25,0,0.0,0.0,0.0,0.0,0.865384615384592,0.13461538461540792,0.0,0.0,0.0,0.0,0.0,0.0
72.25,1,0.0,0.0,0.0,0.0,0.865384615384592,0.13461538461540792,0.0,0.0,0.0,0.0,0.865384615384592,0.13461538461540792
72.333,0,0.0,0.0,0.0,0.0,0.8632478632478396,0.1367521367521603,0.0,0.0,0.0,0.0,0.0,0.0
72.333,1,0.0,0.0,0.0,0.0,0.8632478632478396,0.1367521367521603,0.0,0.0,0.0,0.0,0.8632478632478396,0.1367521367521603
72.417,0,0.0,0.0,0.0,0.0,0.8611111111110873,0.13888888888891268,0.0,0.0,0.0,0.0,0.0,0.0
72.417,1,0.0,0.0,0.0,0.0,0.8611111111110873,0.13888888888891268,0.0,0.0,0.0,0.0,0.8611111111110873,0.13888888888891268
72.5,0,0.0,0.0,0.0,0.0,0.8589743589743353,0.1410256410256647,0.0,0.0,0.0,0.0,0.0,0.0
72.5,1,0.0,0.0,0.0,0.0,0.8589743589743353,0.1410256410256647,0.0,0.0,0.0,0.0,0.8589743589743353,0.1410256410256647
72.583,0,0.0,0.0,0.0,0.0,0.8568376068375833,0.14316239316241672,0.0,0.0,0.0,0.0,0.0,0.0
72.583,1,0.0,0.0,0.0,0.0,0.8568376068375833,0.14316239316241672,0.0,0.0,0.0,0.0,0.8568376068375833,0.14316239316241672
72.667,0,0.0,0.0,0.0,0.0,0.8547008547008309,0.1452991452991691,0.0,0.0,0.0,0.0,0.0,0.0
72.667,1,0.0,0.0,0.0,0.0,0.8547008547008309,0.1452991452991691,0.0,0.0,0.0,0.0,0.8547008547008309,0.1452991452991691
72.75,0,0.0,0.0,0.0,0.0,0.8525641025640784,0.14743589743592148,0.0,0.0,0.0,0.0,0.0,0.0
72.75,1,0.0,0.0,0.0,0.0,0.8525641025640784,0.14743589743592148,0.0,0.0,0.0,0.0,0.8525641025640784,0.14743589743592148
72.833,0,0.0,0.0,0.0,0.0,0.8504273504273264,0.1495726495726735,0.0,0.0,0.0,0.0,0.0,0.0
72.833,1,0.0,0.0,0.0,0.0,0.8504273504273264,0.1495726495726735,0.0,0.0,0.0,0.0,0.8504273504273264,0.1495726495726735
72.917,0,0.0,0.0,0.0,0.0,0.8482905982905744,0.1517094017094255,0.0,0.0,0.0,0.0,0.0,0.0
72.917,1,0.0,0.0,0.0,0.0,0.8482905982905744,0.1517094017094255,0.0,0.0,0.0,0.0,0.8482905982905744,0.1517094017094255
73.0,0,0.0,0.0,0.0,0.0,0.846153846153822,0.1538461538461779,0.0,0.0,0.0,0.0,0.0,0.0
73.0,1,0.0,0.0,0.0,0.0,0.846153846153822,0.1538461538461779,0.0,0.0,0.0,0.0,0.846153846153822,0.1538461538461779
73.083,0,0.0,0.0,0.0,0.0,0.8440170940170697,0.15598290598293027,0.0,0.0,0.0,0.0,0.0,0.0
73.083,1,0.0,0.0,0.0,0.0,0.8440170940170697,0.15598290598293027,0.0,0.0,0.0,0.0,0.8440170940170697,0.15598290598293027
73.167,0,0.0,0.0,0.0,0.0,0.8418803418803177,0.1581196581196823,0.0,0.0,0.0,0.0,0.0,0.0
73.167,1,0.0,0.0,0.0,0.0,0.8418803418803177,0.1581196581196823,0.0,0.0,0.0,0.0,0.8418803418803177,0.1581196581196823
73.25,0,0.0,0.0,0.0,0.0,0.8397435897435657,0.1602564102564343,0.0,0.0,0.0,0.0,0.0,0.0
73.25,1,0.0,0.0,0.0,0.0,0.8397435897435657,0.1602564102564343,0.0,0.0,0.0,0.0,0.8397435897435657,0.1602564102564343
73.333,0,0.0,0.0,0.0,0.0,0.8376068376068133,0.16239316239318669,0.0,0.0,0.0,0.0,0.0,0.0
73.333,1,0.0,0.0,0.0,0.0,0.8376068376068133,0.16239316239318669,0.0,0.0,0.0,0.0,0.8376068376068133,0.16239316239318669
73.417,0,0.0,0.0,0.0,0.0,0.8354700854700609,0.16452991452993906,0.0,0.0,0.0,0.0,0.0,0.0
73.417,1,0.0,0.0,0.0,0.0,0.8354700854700609,0.16452991452993906,0.0,0.0,0.0,0.0,0.8354700854700609,0.16452991452993906
73.5,0,0.0,0.0,0.0,0.0,0.833333333333309,0.16666666666669108,0.0,0.0,0.0,0.0,0.0,0.0
73.5,1,0.0,0.0,0.0,0.0,0.833333333333309,0.16666666666669108,0.0,0.0,0.0,0.0,0.833333333333309,0.16666666666669108
73.583,0,0.0,0.0,0.0,0.0,0.8311965811965569,0.1688034188034431,0.0,0.0,0.0,0.0,0.0,0.0
73.583,1,0.0,0.0,0.0,0.0,0.8311965811965569,0.1688034188034431,0.0,0.0,0.0,0.0,0.8311965811965569,0.1688034188034431
73.667,0,0.0,0.0,0.0,0.0,0.8290598290598045,0.17094017094019548,0.0,0.0,0.0,0.0,0.0,0.0
73.667,1,0.0,0.0,0.0,0.0,0.8290598290598045,0.17094017094019548,0.0,0.0,0.0,0.0,0.8290598290598045,0.17094017094019548
73.75,0,0.0,0.0,0.0,0.0,0.8269230769230521,0.17307692307694786,0.0,0.0,0.0,0.0,0.0,0.0
73.75,1,0.0,0.0,0.0,0.0,0.8269230769230521,0.17307692307694786,0.0,0.0,0.0,0.0,0.8269230769230521,0.17307692307694786
73.833,0,0.0,0.0,0.0,0.0,0.8247863247863001,0.17521367521369988,0.0,0.0,0.0,0.0,0.0,0.0
73.833,1,0.0,0.0,0.0,0.0,0.8247863247863001,0.17521367521369988,0.0,0.0,0.0,0.0,0.8247863247863001,0.17521367521369988
73.917,0,0.0,0.0,0.0,0.0,0.8226495726495481,0.17735042735045187,0.0,0.0,0.0,0.0,0.0,0.0
73.917,1,0.0,0.0,0.0,0.0,0.8226495726495481,0.17735042735045187,0.0,0.0,0.0,0.0,0.8226495726495481,0.17735042735045187
74.0,0,0.0,0.0,0.0,0.0,0.8205128205127957,0.17948717948720425,0.0,0.0,0.0,0.0,0.0,0.0
74.0,1,0.0,0.0,0.0,0.0,0.8205128205127957,0.17948717948720425,0.0,0.0,0.0,0.0,0.8205128205127957,0.17948717948720425
74.083,0,0.0,0.0,0.0,0.0,0.8183760683760434,0.18162393162395662,0.0,0.0,0.0,0.0,0.0,0.0
74.083,1,0.0,0.0,0.0,0.0,0.8183760683760434,0.18162393162395662,0.0,0.0,0.0,0.0,0.8183760683760434,0.18162393162395662
74.167,0,0.0,0.0,0.0,0.0,0.8162393162392914,0.18376068376070864,0.0,0.0,0.0,0.0,0.0,0.0
74.167,1,0.0,0.0,0.0,0.0,0.8162393162392914,0.18376068376070864,0.0,0.0,0.0,0.0,0.8162393162392914,0.18376068376070864
74.25,0,0.0,0.0,0.0,0.0,0.8141025641025393,0.18589743589746066,0.0,0.0,0.0,0.0,0.0,0.0
74.25,1,0.0,0.0,0.0,0.0,0.8141025641025393,0.18589743589746066,0.0,0.0,0.0,0.0,0.8141025641025393,0.18589743589746066
74.333,0,0.0,0.0,0.0,0.0,0.8119658119657869,0.18803418803421304,0.0,0.0,0.0,0.0,0.0,0.0
74.333,1,0.0,0.0,0.0,0.0,0.8119658119657869,0.18803418803421304,0.0,0.0,0.0,0.0,0.8119658119657869,0.18803418803421304
74.417,0,0.0,0.0,0.0,0.0,0.8098290598290345,0.19017094017096542,0.0,0.0,0.0,0.0,0.0,0.0
74.417,1,0.0,0.0,0.0,0.0,0.8098290598290345,0.19017094017096542,0.0,0.0,0.0,0.0,0.8098290598290345,0.19017094017096542
74.5,0,0.0,0.0,0.0,0.0,0.8076923076922825,0.19230769230771744,0.0,0.0,0.0,0.0,0.0,0.0
74.5,1,0.0,0.0,0.0,0.0,0.8076923076922825,0.19230769230771744,0.0,0.0,0.0,0.0,0.8076923076922825,0.19230769230771744
74.583,0,0.0,0.0,0.0,0.0,0.8055555555555305,0.19444444444446946,0.0,0.0,0.0,0.0,0.0,0.0
74.583,1,0.0,0.0,0.0,0.0,0.8055555555555305,0.19444444444446946,0.0,0.0,0.0,0.0,0.8055555555555305,0.19444444444446946
74.667,0,0.0,0.0,0.0,0.0,0.8034188034187781,0.19658119658122183,0.0,0.0,0.0,0.0,0.0,0.0
74.667,1,0.0,0.0,0.0,0.0,0.8034188034187781,0.19658119658122183,0.0,0.0,0.0,0.0,0.8034188034187781,0.19658119658122183
74.75,0,0.0,0.0,0.0,0.0,0.8012820512820258,0.1987179487179742,0.0,0.0,0.0,0.0,0.0,0.0
74.75,1,0.0,0.0,0.0,0.0,0.8012820512820258,0.1987179487179742,0.0,0.0,0.0,0.0,0.8012820512820258,0.1987179487179742
74.833,0,0.0,0.0,0.0,0.0,0.7991452991452738,0.20085470085472623,0.0,0.0,0.0,0.0,0.0,0.0
74.833,1,0.0,0.0,0.0,0.0,0.7991452991452738,0.20085470085472623,0.0,0.0,0.0,0.0,0.7991452991452738,0.20085470085472623
74.917,0,0.0,0.0,0.0,0.0,0.7970085470085218,0.20299145299147825,0.0,0.0,0.0,0.0,0.0,0.0
74.917,1,0.0,0.0,0.0,0.0,0.7970085470085218,0.20299145299147825,0.0,0.0,0.0,0.0,0.7970085470085218,0.20299145299147825
75.0,0,0.0,0.0,0.0,0.0,0.7948717948717693,0.20512820512823063,0.0,0.0,0.0,0.0,0.0,0.0
75.0,1,0.0,0.0,0.0,0.0,0.7948717948717693,0.20512820512823063,0.0,0.0,0.0,0.0,0.7948717948717693,0.20512820512823063
75.083,0,0.0,0.0,0.0,0.0,0.7927350427350169,0.207264957264983,0.0,0.0,0.0,0.0,0.0,0.0
75.083,1,0.0,0.0,0.0,0.0,0.7927350427350169,0.207264957264983,0.0,0.0,0.0,0.0,0.7927350427350169,0.207264957264983
75.167,0,0.0,0.0,0.0,0.0,0.7905982905982649,0.20940170940173503,0.0,0.0,0.0,0.0,0.0,0.0
75.167,1,0.0,0.0,0.0,0.0,0.7905982905982649,0.20940170940173503,0.0,0.0,0.0,0.0,0.7905982905982649,0.20940170940173503
75.25,0,0.0,0.0,0.0,0.0,0.7884615384615129,0.21153846153848704,0.0,0.0,0.0,0.0,0.0,0.0
75.25,1,0.0,0.0,0.0,0.0,0.7884615384615129,0.21153846153848704,0.0,0.0,0.0,0.0,0.7884615384615129,0.21153846153848704
75.333,0,0.0,0.0,0.0,0.0,0.7863247863247605,0.21367521367523942,0.0,0.0,0.0,0.0,0.0,0.0
75.333,1,0.0,0.0,0.0,0.0,0.7863247863247605,0.21367521367523942,0.0,0.0,0.0,0.0,0.7863247863247605,0.21367521367523942
75.417,0,0.0,0.0,0.0,0.0,0.7841880341880082,0.2158119658119918,0.0,0.0,0.0,0.0,0.0,0.0
75.417,1,0.0,0.0,0.0,0.0,0.7841880341880082,0.2158119658119918,0.0,0.0,0.0,0.0,0.7841880341880082,0.2158119658119918
75.5,0,0.0,0.0,0.0,0.0,0.7820512820512562,0.21794871794874382,0.0,0.0,0.0,0.0,0.0,0.0
75.5,1,0.0,0.0,0.0,0.0,0.7820512820512562,0.21794871794874382,0.0,0.0,0.0,0.0,0.7820512820512562,0.21794871794874382
75.583,0,0.0,0.0,0.0,0.0,0.7799145299145042,0.22008547008549584,0.0,0.0,0.0,0.0,0.0,0.0
75.583,1,0.0,0.0,0.0,0.0,0.7799145299145042,0.22008547008549584,0.0,0.0,0.0,0.0,0.7799145299145042,0.22008547008549584
75.667,0,0.0,0.0,0.0,0.0,0.7777777777777518,0.22222222222224822,0.0,0.0,0.0,0.0,0.0,0.0
75.667,1,0.0,0.0,0.0,0.0,0.7777777777777518,0.22222222222224822,0.0,0.0,0.0,0.0,0.7777777777777518,0.22222222222224822
75.75,0,0.0,0.0,0.0,0.0,0.7756410256409993,0.2243589743590006,0.0,0.0,0.0,0.0,0.0,0.0
75.75,1,0.0,0.0,0.0,0.0,0.7756410256409993,0.2243589743590006,0.0,0.0,0.0,0.0,0.7756410256409993,0.2243589743590006
75.833,0,0.0,0.0,0.0,0.0,0.7735042735042473,0.22649572649575261,0.0,0.0,0.0,0.0,0.0,0.0
75.833,1,0.0,0.0,0.0,0.0,0.7735042735042473,0.22649572649575261,0.0,0.0,0.0,0.0,0.7735042735042473,0.22649572649575261
75.917,0,0.0,0.0,0.0,0.0,0.7713675213674953,0.2286324786325046,0.0,0.0,0.0,0.0,0.0,0.0
75.917,1,0.0,0.0,0.0,0.0,0.7713675213674953,0.2286324786325046,0.0,0.0,0.0,0.0,0.7713675213674953,0.2286324786325046
76.0,0,0.0,0.0,0.0,0.0,0.769230769230743,0.23076923076925698,0.0,0.0,0.0,0.0,0.0,0.0
76.0,1,0.0,0.0,0.0,0.0,0.769230769230743,0.23076923076925698,0.0,0.0,0.0,0.0,0.769230769230743,0.23076923076925698
76.083,0,0.0,0.0,0.0,0.0,0.7670940170939906,0.2329059829060094,0.0,0.0,0.0,0.0,0.0,0.0
76.083,1,0.0,0.0,0.0,0.0,0.7670940170939906,0.2329059829060094,0.0,0.0,0.0,0.0,0.7670940170939906,0.2329059829060094
76.167,0,0.0,0.0,0.0,0.0,0.7649572649572386,0.23504273504276138,0.0,0.0,0.0,0.0,0.0,0.0
76.167,1,0.0,0.0,0.0,0.0,0.7649572649572386,0.23504273504276138,0.0,0.0,0.0,0.0,0.7649572649572386,0.23504273504276138
76.25,0,0.0,0.0,0.0,0.0,0.7628205128204866,0.2371794871795134,0.0,0.0,0.0,0.0,0.0,0.0
76.25,1,0.0,0.0,0.0,0.0,0.7628205128204866,0.2371794871795134,0.0,0.0,0.0,0.0,0.7628205128204866,0.2371794871795134
76.333,0,0.0,0.0,0.0,0.0,0.7606837606837342,0.23931623931626578,0.0,0.0,0.0,0.0,0.0,0.0
76.333,1,0.0,0.0,0.0,0.0,0.7606837606837342,0.23931623931626578,0.0,0.0,0.0,0.0,0.7606837606837342,0.23931623931626578
76.417,0,0.0,0.0,0.0,0.0,0.7585470085469818,0.24145299145301816,0.0,0.0,0.0,0.0,0.0,0.0
76.417,1,0.0,0.0,0.0,0.0,0.7585470085469818,0.24145299145301816,0.0,0.0,0.0,0.0,0.7585470085469818,0.24145299145301816
76.5,0,0.0,0.0,0.0,0.0,0.7564102564102297,0.24358974358977017,0.0,0.0,0.0,0.0,0.0,0.0
76.5,1,0.0,0.0,0.0,0.0,0.7564102564102297,0.24358974358977017,0.0,0.0,0.0,0.0,0.7564102564102297,0.24358974358977017
76.583,0,0.0,0.0,0.0,0.0,0.7542735042734777,0.2457264957265222,0.0,0.0,0.0,0.0,0.0,0.0
76.583,1,0.0,0.0,0.0,0.0,0.7542735042734777,0.2457264957265222,0.0,0.0,0.0,0.0,0.7542735042734777,0.2457264957265222
76.667,0,0.0,0.0,0.0,0.0,0.7521367521367254,0.24786324786327457,0.0,0.0,0.0,0.0,0.0,0.0
76.667,1,0.0,0.0,0.0,0.0,0.7521367521367254,0.24786324786327457,0.0,0.0,0.0,0.0,0.7521367521367254,0.24786324786327457
76.75,0,0.0,0.0,0.0,0.0,0.749999999999973,0.250000000000027,0.0,0.0,0.0,0.0,0.0,0.0
76.75,1,0.0,0.0,0.0,0.0,0.749999999999973,0.250000000000027,0.0,0.0,0.0,0.0,0.749999999999973,0.250000000000027
76.833,0,0.0,0.0,0.0,0.0,0.747863247863221,0.252136752136779,0.0,0.0,0.0,0.0,0.0,0.0
76.833,1,0.0,0.0,0.0,0.0,0.747863247863221,0.252136752136779,0.0,0.0,0.0,0.0,0.747863247863221,0.252136752136779
76.917,0,0.0,0.0,0.0,0.0,0.745726495726469,0.25427350427353096,0.0,0.0,0.0,0.0,0.0,0.0
76.917,1,0.0,0.0,0.0,0.0,0.745726495726469,0.25427350427353096,0.0,0.0,0.0,0.0,0.745726495726469,0.25427350427353096
77.0,0,0.0,0.0,0.0,0.0,0.7435897435897166,0.25641025641028337,0.0,0.0,0.0,0.0,0.0,0.0
77.0,1,0.0,0.0,0.0,0.0,0.7435897435897166,0.25641025641028337,0.0,0.0,0.0,0.0,0.7435897435897166,0.25641025641028337
77.083,0,0.0,0.0,0.0,0.0,0.7414529914529642,0.2585470085470358,0.0,0.0,0.0,0.0,0.0,0.0
77.083,1,0.0,0.0,0.0,0.0,0.7414529914529642,0.2585470085470358,0.0,0.0,0.0,0.0,0.7414529914529642,0.2585470085470358
77.167,0,0.0,0.0,0.0,0.0,0.7393162393162122,0.26068376068378774,0.0,0.0,0.0,0.0,0.0,0.0
77.167,1,0.0,0.0,0.0,0.0,0.7393162393162122,0.26068376068378774,0.0,0.0,0.0,0.0,0.7393162393162122,0.26068376068378774
77.25,0,0.0,0.0,0.0,0.0,0.7371794871794601,0.26282051282053975,0.0,0.0,0.0,0.0,0.0,0.0
77.25,1,0.0,0.0,0.0,0.0,0.7371794871794601,0.26282051282053975,0.0,0.0,0.0,0.0,0.7371794871794601,0.26282051282053975
77.333,0,0.0,0.0,0.0,0.0,0.7350427350427078,0.26495726495729216,0.0,0.0,0.0,0.0,0.0,0.0
77.333,1,0.0,0.0,0.0,0.0,0.7350427350427078,0.26495726495729216,0.0,0.0,0.0,0.0,0.7350427350427078,0.26495726495729216
77.417,0,0.0,0.0,0.0,0.0,0.7329059829059554,0.2670940170940445,0.0,0.0,0.0,0.0,0.0,0.0
77.417,1,0.0,0.0,0.0,0.0,0.7329059829059554,0.2670940170940445,0.0,0.0,0.0,0.0,0.7329059829059554,0.2670940170940445
77.5,0,0.0,0.0,0.0,0.0,0.7307692307692034,0.26923076923079653,0.0,0.0,0.0,0.0,0.0,0.0
77.5,1,0.0,0.0,0.0,0.0,0.7307692307692034,0.26923076923079653,0.0,0.0,0.0,0.0,0.7307692307692034,0.26923076923079653
77.583,0,0.0,0.0,0.0,0.0,0.7286324786324514,0.27136752136754855,0.0,0.0,0.0,0.0,0.0,0.0
77.583,1,0.0,0.0,0.0,0.0,0.7286324786324514,0.27136752136754855,0.0,0.0,0.0,0.0,0.7286324786324514,0.27136752136754855
77.667,0,0.0,0.0,0.0,0.0,0.726495726495699,0.27350427350430095,0.0,0.0,0.0,0.0,0.0,0.0
77.667,1,0.0,0.0,0.0,0.0,0.726495726495699,0.27350427350430095,0.0,0.0,0.0,0.0,0.726495726495699,0.27350427350430095
77.75,0,0.0,0.0,0.0,0.0,0.7243589743589467,0.2756410256410533,0.0,0.0,0.0,0.0,0.0,0.0
77.75,1,0.0,0.0,0.0,0.0,0.7243589743589467,0.2756410256410533,0.0,0.0,0.0,0.0,0.7243589743589467,0.2756410256410533
77.833,0,0.0,0.0,0.0,0.0,0.7222222222221947,0.2777777777778053,0.0,0.0,0.0,0.0,0.0,0.0
77.833,1,0.0,0.0,0.0,0.0,0.7222222222221947,0.2777777777778053,0.0,0.0,0.0,0.0,0.7222222222221947,0.2777777777778053
77.917,0,0.0,0.0,0.0,0.0,0.7200854700854427,0.27991452991455734,0.0,0.0,0.0,0.0,0.0,0.0
77.917,1,0.0,0.0,0.0,0.0,0.7200854700854427,0.27991452991455734,0.0,0.0,0.0,0.0,0.7200854700854427,0.27991452991455734
78.0,0,0.0,0.0,0.0,0.0,0.7179487179486902,0.28205128205130975,0.0,0.0,0.0,0.0,0.0,0.0
78.0,1,0.0,0.0,0.0,0.0,0.7179487179486902,0.28205128205130975,0.0,0.0,0.0,0.0,0.7179487179486902,0.28205128205130975
78.083,0,0.0,0.0,0.0,0.0,0.7158119658119378,0.2841880341880621,0.0,0.0,0.0,0.0,0.0,0.0
78.083,1,0.0,0.0,0.0,0.0,0.7158119658119378,0.2841880341880621,0.0,0.0,0.0,0.0,0.7158119658119378,0.2841880341880621
78.167,0,0.0,0.0,0.0,0.0,0.7136752136751858,0.2863247863248141,0.0,0.0,0.0,0.0,0.0,0.0
78.167,1,0.0,0.0,0.0,0.0,0.7136752136751858,0.2863247863248141,0.0,0.0,0.0,0.0,0.7136752136751858,0.2863247863248141
78.25,0,0.0,0.0,0.0,0.0,0.7115384615384338,0.28846153846156614,0.0,0.0,0.0,0.0,0.0,0.0
78.25,1,0.0,0.0,0.0,0.0,0.7115384615384338,0.28846153846156614,0.0,0.0,0.0,0.0,0.7115384615384338,0.28846153846156614
78.333,0,0.0,0.0,0.0,0.0,0.7094017094016815,0.29059829059831854,0.0,0.0,0.0,0.0,0.0,0.0
78.333,1,0.0,0.0,0.0,0.0,0.7094017094016815,0.29059829059831854,0.0,0.0,0.0,0.0,0.7094017094016815,0.29059829059831854
78.417,0,0.0,0.0,0.0,0.0,0.7072649572649291,0.2927350427350709,0.0,0.0,0.0,0.0,0.0,0.0
78.417,1,0.0,0.0,0.0,0.0,0.7072649572649291,0.2927350427350709,0.0,0.0,0.0,0.0,0.7072649572649291,0.2927350427350709
78.5,0,0.0,0.0,0.0,0.0,0.7051282051281771,0.2948717948718229,0.0,0.0,0.0,0.0,0.0,0.0
78.5,1,0.0,0.0,0.0,0.0,0.7051282051281771,0.2948717948718229,0.0,0.0,0.0,0.0,0.7051282051281771,0.2948717948718229
78.583,0,0.0,0.0,0.0,0.0,0.7029914529914251,0.29700854700857493,0.0,0.0,0.0,0.0,0.0,0.0
78.583,1,0.0,0.0,0.0,0.0,0.7029914529914251,0.29700854700857493,0.0,0.0,0.0,0.0,0.7029914529914251,0.29700854700857493
78.667,0,0.0,0.0,0.0,0.0,0.7008547008546726,0.29914529914532734,0.0,0.0,0.0,0.0,0.0,0.0
78.667,1,0.0,0.0,0.0,0.0,0.7008547008546726,0.29914529914532734,0.0,0.0,0.0,0.0,0.7008547008546726,0.29914529914532734
78.75,0,0.0,0.0,0.0,0.0,0.6987179487179203,0.3012820512820797,0.0,0.0,0.0,0.0,0.0,0.0
78.75,1,0.0,0.0,0.0,0.0,0.6987179487179203,0.3012820512820797,0.0,0.0,0.0,0.0,0.6987179487179203,0.3012820512820797
78.833,0,0.0,0.0,0.0,0.0,0.6965811965811682,0.3034188034188317,0.0,0.0,0.0,0.0,0.0,0.0
78.833,1,0.0,0.0,0.0,0.0,0.6965811965811682,0.3034188034188317,0.0,0.0,0.0,0.0,0.6965811965811682,0.3034188034188317
78.917,0,0.0,0.0,0.0,0.0,0.6944444444444162,0.3055555555555837,0.0,0.0,0.0,0.0,0.0,0.0
78.917,1,0.0,0.0,0.0,0.0,0.6944444444444162,0.3055555555555837,0.0,0.0,0.0,0.0,0.6944444444444162,0.3055555555555837
79.0,0,0.0,0.0,0.0,0.0,0.6923076923076639,0.3076923076923361,0.0,0.0,0.0,0.0,0.0,0.0
79.0,1,0.0,0.0,0.0,0.0,0.6923076923076639,0.3076923076923361,0.0,0.0,0.0,0.0,0.6923076923076639,0.3076923076923361
79.083,0,0.0,0.0,0.0,0.0,0.6901709401709115,0.3098290598290885,0.0,0.0,0.0,0.0,0.0,0.0
79.083,1,0.0,0.0,0.0,0.0,0.6901709401709115,0.3098290598290885,0.0,0.0,0.0,0.0,0.6901709401709115,0.3098290598290885
79.167,0,0.0,0.0,0.0,0.0,0.6880341880341595,0.3119658119658405,0.0,0.0,0.0,0.0,0.0,0.0
79.167,1,0.0,0.0,0.0,0.0,0.6880341880341595,0.3119658119658405,0.0,0.0,0.0,0.0,0.6880341880341595,0.3119658119658405
79.25,0,0.0,0.0,0.0,0.0,0.6858974358974075,0.3141025641025925,0.0,0.0,0.0,0.0,0.0,0.0
79.25,1,0.0,0.0,0.0,0.0,0.6858974358974075,0.3141025641025925,0.0,0.0,0.0,0.0,0.6858974358974075,0.3141025641025925
79.333,0,0.0,0.0,0.0,0.0,0.683760683760655,0.31623931623934487,0.0,0.0,0.0,0.0,0.0,0.0
79.333,1,0.0,0.0,0.0,0.0,0.683760683760655,0.31623931623934487,0.0,0.0,0.0,0.0,0.683760683760655,0.31623931623934487
79.417,0,0.0,0.0,0.0,0.0,0.6816239316239027,0.3183760683760973,0.0,0.0,0.0,0.0,0.0,0.0
79.417,1,0.0,0.0,0.0,0.0,0.6816239316239027,0.3183760683760973,0.0,0.0,0.0,0.0,0.6816239316239027,0.3183760683760973
79.5,0,0.0,0.0,0.0,0.0,0.6794871794871506,0.3205128205128493,0.0,0.0,0.0,0.0,0.0,0.0
79.5,1,0.0,0.0,0.0,0.0,0.6794871794871506,0.3205128205128493,0.0,0.0,0.0,0.0,0.6794871794871506,0.3205128205128493
79.583,0,0.0,0.0,0.0,0.0,0.6773504273503986,0.3226495726496013,0.0,0.0,0.0,0.0,0.0,0.0
79.583,1,0.0,0.0,0.0,0.0,0.6773504273503986,0.3226495726496013,0.0,0.0,0.0,0.0,0.6773504273503986,0.3226495726496013
79.667,0,0.0,0.0,0.0,0.0,0.6752136752136463,0.32478632478635366,0.0,0.0,0.0,0.0,0.0,0.0
79.667,1,0.0,0.0,0.0,0.0,0.6752136752136463,0.32478632478635366,0.0,0.0,0.0,0.0,0.6752136752136463,0.32478632478635366
79.75,0,0.0,0.0,0.0,0.0,0.6730769230768939,0.32692307692310607,0.0,0.0,0.0,0.0,0.0,0.0
79.75,1,0.0,0.0,0.0,0.0,0.6730769230768939,0.32692307692310607,0.0,0.0,0.0,0.0,0.6730769230768939,0.32692307692310607
79.833,0,0.0,0.0,0.0,0.0,0.6709401709401419,0.3290598290598581,0.0,0.0,0.0,0.0,0.0,0.0
79.833,1,0.0,0.0,0.0,0.0,0.6709401709401419,0.3290598290598581,0.0,0.0,0.0,0.0,0.6709401709401419,0.3290598290598581
79.917,0,0.0,0.0,0.0,0.0,0.6688034188033899,0.3311965811966101,0.0,0.0,0.0,0.0,0.0,0.0
79.917,1,0.0,0.0,0.0,0.0,0.6688034188033899,0.3311965811966101,0.0,0.0,0.0,0.0,0.6688034188033899,0.3311965811966101
80.0,0,0.0,0.0,0.0,0.0,0.6666666666666375,0.33333333333336246,0.0,0.0,0.0,0.0,0.0,0.0
80.0,1,0.0,0.0,0.0,0.0,0.6666666666666375,0.33333333333336246,0.0,0.0,0.0,0.0,0.6666666666666375,0.33333333333336246
80.083,0,0.0,0.0,0.0,0.0,0.6645299145298851,0.33547008547011486,0.0,0.0,0.0,0.0,0.0,0.0
80.083,1,0.0,0.0,0.0,0.0,0.6645299145298851,0.33547008547011486,0.0,0.0,0.0,0.0,0.6645299145298851,0.33547008547011486
80.167,0,0.0,0.0,0.0,0.0,0.6623931623931331,0.3376068376068669,0.0,0.0,0.0,0.0,0.0,0.0
80.167,1,0.0,0.0,0.0,0.0,0.6623931623931331,0.3376068376068669,0.0,0.0,0.0,0.0,0.6623931623931331,0.3376068376068669
80.25,0,0.0,0.0,0.0,0.0,0.660256410256381,0.3397435897436189,0.0,0.0,0.0,0.0,0.0,0.0
80.25,1,0.0,0.0,0.0,0.0,0.660256410256381,0.3397435897436189,0.0,0.0,0.0,0.0,0.660256410256381,0.3397435897436189
80.333,0,0.0,0.0,0.0,0.0,0.6581196581196287,0.34188034188037125,0.0,0.0,0.0,0.0,0.0,0.0
80.333,1,0.0,0.0,0.0,0.0,0.6581196581196287,0.34188034188037125,0.0,0.0,0.0,0.0,0.6581196581196287,0.34188034188037125
80.417,0,0.0,0.0,0.0,0.0,0.6559829059828763,0.34401709401712366,0.0,0.0,0.0,0.0,0.0,0.0
80.417,1,0.0,0.0,0.0,0.0,0.6559829059828763,0.34401709401712366,0.0,0.0,0.0,0.0,0.6559829059828763,0.34401709401712366
80.5,0,0.0,0.0,0.0,0.0,0.6538461538461243,0.3461538461538757,0.0,0.0,0.0,0.0,0.0,0.0
80.5,1,0.0,0.0,0.0,0.0,0.6538461538461243,0.3461538461538757,0.0,0.0,0.0,0.0,0.6538461538461243,0.3461538461538757
80.583,0,0.0,0.0,0.0,0.0,0.6517094017093723,0.3482905982906277,0.0,0.0,0.0,0.0,0.0,0.0
80.583,1,0.0,0.0,0.0,0.0,0.6517094017093723,0.3482905982906277,0.0,0.0,0.0,0.0,0.6517094017093723,0.3482905982906277
80.667,0,0.0,0.0,0.0,0.0,0.64957264957262,0.35042735042738005,0.0,0.0,0.0,0.0,0.0,0.0
80.667,1,0.0,0.0,0.0,0.0,0.64957264957262,0.35042735042738005,0.0,0.0,0.0,0.0,0.64957264957262,0.35042735042738005
80.75,0,0.0,0.0,0.0,0.0,0.6474358974358675,0.35256410256413245,0.0,0.0,0.0,0.0,0.0,0.0
80.75,1,0.0,0.0,0.0,0.0,0.6474358974358675,0.35256410256413245,0.0,0.0,0.0,0.0,0.6474358974358675,0.35256410256413245
80.833,0,0.0,0.0,0.0,0.0,0.6452991452991155,0.35470085470088447,0.0,0.0,0.0,0.0,0.0,0.0
80.833,1,0.0,0.0,0.0,0.0,0.6452991452991155,0.35470085470088447,0.0,0.0,0.0,0.0,0.6452991452991155,0.35470085470088447
80.917,0,0.0,0.0,0.0,0.0,0.6431623931623635,0.35683760683763643,0.0,0.0,0.0,0.0,0.0,0.0
80.917,1,0.0,0.0,0.0,0.0,0.6431623931623635,0.35683760683763643,0.0,0.0,0.0,0.0,0.6431623931623635,0.35683760683763643
81.0,0,0.0,0.0,0.0,0.0,0.6410256410256111,0.35897435897438884,0.0,0.0,0.0,0.0,0.0,0.0
81.0,1,0.0,0.0,0.0,0.0,0.6410256410256111,0.35897435897438884,0.0,0.0,0.0,0.0,0.6410256410256111,0.35897435897438884
81.083,0,0.0,0.0,0.0,0.0,0.6388888888888588,0.36111111111114125,0.0,0.0,0.0,0.0,0.0,0.0
81.083,1,0.0,0.0,0.0,0.0,0.6388888888888588,0.36111111111114125,0.0,0.0,0.0,0.0,0.6388888888888588,0.36111111111114125
81.167,0,0.0,0.0,0.0,0.0,0.6367521367521067,0.3632478632478932,0.0,0.0,0.0,0.0,0.0,0.0
81.167,1,0.0,0.0,0.0,0.0,0.6367521367521067,0.3632478632478932,0.0,0.0,0.0,0.0,0.6367521367521067,0.3632478632478932
81.25,0,0.0,0.0,0.0,0.0,0.6346153846153547,0.36538461538464523,0.0,0.0,0.0,0.0,0.0,0.0
81.25,1,0.0,0.0,0.0,0.0,0.6346153846153547,0.36538461538464523,0.0,0.0,0.0,0.0,0.6346153846153547,0.36538461538464523
81.333,0,0.0,0.0,0.0,0.0,0.6324786324786024,0.36752136752139763,0.0,0.0,0.0,0.0,0.0,0.0
81.333,1,0.0,0.0,0.0,0.0,0.6324786324786024,0.36752136752139763,0.0,0.0,0.0,0.0,0.6324786324786024,0.36752136752139763
81.417,0,0.0,0.0,0.0,0.0,0.6303418803418499,0.36965811965815,0.0,0.0,0.0,0.0,0.0,0.0
81.417,1,0.0,0.0,0.0,0.0,0.6303418803418499,0.36965811965815,0.0,0.0,0.0,0.0,0.6303418803418499,0.36965811965815
81.5,0,0.0,0.0,0.0,0.0,0.6282051282050979,0.371794871794902,0.0,0.0,0.0,0.0,0.0,0.0
81.5,1,0.0,0.0,0.0,0.0,0.6282051282050979,0.371794871794902,0.0,0.0,0.0,0.0,0.6282051282050979,0.371794871794902
81.583,0,0.0,0.0,0.0,0.0,0.626068376068346,0.373931623931654,0.0,0.0,0.0,0.0,0.0,0.0
81.583,1,0.0,0.0,0.0,0.0,0.626068376068346,0.373931623931654,0.0,0.0,0.0,0.0,0.626068376068346,0.373931623931654
81.667,0,0.0,0.0,0.0,0.0,0.6239316239315935,0.37606837606840643,0.0,0.0,0.0,0.0,0.0,0.0
81.667,1,0.0,0.0,0.0,0.0,0.6239316239315935,0.37606837606840643,0.0,0.0,0.0,0.0,0.6239316239315935,0.37606837606840643
81.75,0,0.0,0.0,0.0,0.0,0.6217948717948412,0.3782051282051588,0.0,0.0,0.0,0.0,0.0,0.0
81.75,1,0.0,0.0,0.0,0.0,0.6217948717948412,0.3782051282051588,0.0,0.0,0.0,0.0,0.6217948717948412,0.3782051282051588
81.833,0,0.0,0.0,0.0,0.0,0.6196581196580891,0.3803418803419108,0.0,0.0,0.0,0.0,0.0,0.0
81.833,1,0.0,0.0,0.0,0.0,0.6196581196580891,0.3803418803419108,0.0,0.0,0.0,0.0,0.6196581196580891,0.3803418803419108
81.917,0,0.0,0.0,0.0,0.0,0.6175213675213371,0.3824786324786628,0.0,0.0,0.0,0.0,0.0,0.0
81.917,1,0.0,0.0,0.0,0.0,0.6175213675213371,0.3824786324786628,0.0,0.0,0.0,0.0,0.6175213675213371,0.3824786324786628
82.0,0,0.0,0.0,0.0,0.0,0.6153846153845848,0.3846153846154152,0.0,0.0,0.0,0.0,0.0,0.0
82.0,1,0.0,0.0,0.0,0.0,0.6153846153845848,0.3846153846154152,0.0,0.0,0.0,0.0,0.6153846153845848,0.3846153846154152
82.083,0,0.0,0.0,0.0,0.0,0.6132478632478324,0.3867521367521676,0.0,0.0,0.0,0.0,0.0,0.0
82.083,1,0.0,0.0,0.0,0.0,0.6132478632478324,0.3867521367521676,0.0,0.0,0.0,0.0,0.6132478632478324,0.3867521367521676
82.167,0,0.0,0.0,0.0,0.0,0.6111111111110804,0.3888888888889196,0.0,0.0,0.0,0.0,0.0,0.0
82.167,1,0.0,0.0,0.0,0.0,0.6111111111110804,0.3888888888889196,0.0,0.0,0.0,0.0,0.6111111111110804,0.3888888888889196
82.25,0,0.0,0.0,0.0,0.0,0.6089743589743284,0.3910256410256716,0.0,0.0,0.0,0.0,0.0,0.0
82.25,1,0.0,0.0,0.0,0.0,0.6089743589743284,0.3910256410256716,0.0,0.0,0.0,0.0,0.6089743589743284,0.3910256410256716
82.333,0,0.0,0.0,0.0,0.0,0.6068376068375759,0.393162393162424,0.0,0.0,0.0,0.0,0.0,0.0
82.333,1,0.0,0.0,0.0,0.0,0.6068376068375759,0.393162393162424,0.0,0.0,0.0,0.0,0.6068376068375759,0.393162393162424
82.417,0,0.0,0.0,0.0,0.0,0.6047008547008236,0.39529914529917637,0.0,0.0,0.0,0.0,0.0,0.0
82.417,1,0.0,0.0,0.0,0.0,0.6047008547008236,0.39529914529917637,0.0,0.0,0.0,0.0,0.6047008547008236,0.39529914529917637
82.5,0,0.0,0.0,0.0,0.0,0.6025641025640716,0.3974358974359284,0.0,0.0,0.0,0.0,0.0,0.0
82.5,1,0.0,0.0,0.0,0.0,0.6025641025640716,0.3974358974359284,0.0,0.0,0.0,0.0,0.6025641025640716,0.3974358974359284
82.583,0,0.0,0.0,0.0,0.0,0.6004273504273195,0.3995726495726804,0.0,0.0,0.0,0.0,0.0,0.0
82.583,1,0.0,0.0,0.0,0.0,0.6004273504273195,0.3995726495726804,0.0,0.0,0.0,0.0,0.6004273504273195,0.3995726495726804
82.667,0,0.0,0.0,0.0,0.0,0.5982905982905672,0.4017094017094328,0.0,0.0,0.0,0.0,0.0,0.0
82.667,1,0.0,0.0,0.0,0.0,0.5982905982905672,0.4017094017094328,0.0,0.0,0.0,0.0,0.5982905982905672,0.4017094017094328
82.75,0,0.0,0.0,0.0,0.0,0.5961538461538148,0.40384615384618516,0.0,0.0,0.0,0.0,0.0,0.0
82.75,1,0.0,0.0,0.0,0.0,0.5961538461538148,0.40384615384618516,0.0,0.0,0.0,0.0,0.5961538461538148,0.40384615384618516
82.833,0,0.0,0.0,0.0,0.0,0.5940170940170628,0.4059829059829372,0.0,0.0,0.0,0.0,0.0,0.0
82.833,1,0.0,0.0,0.0,0.0,0.5940170940170628,0.4059829059829372,0.0,0.0,0.0,0.0,0.5940170940170628,0.4059829059829372
82.917,0,0.0,0.0,0.0,0.0,0.5918803418803108,0.4081196581196892,0.0,0.0,0.0,0.0,0.0,0.0
82.917,1,0.0,0.0,0.0,0.0,0.5918803418803108,0.4081196581196892,0.0,0.0,0.0,0.0,0.5918803418803108,0.4081196581196892
83.0,0,0.0,0.0,0.0,0.0,0.5897435897435583,0.4102564102564416,0.0,0.0,0.0,0.0,0.0,0.0
83.0,1,0.0,0.0,0.0,0.0,0.5897435897435583,0.4102564102564416,0.0,0.0,0.0,0.0,0.5897435897435583,0.4102564102564416
83.083,0,0.0,0.0,0.0,0.0,0.587606837606806,0.41239316239319396,0.0,0.0,0.0,0.0,0.0,0.0
83.083,1,0.0,0.0,0.0,0.0,0.587606837606806,0.41239316239319396,0.0,0.0,0.0,0.0,0.587606837606806,0.41239316239319396
83.167,0,0.0,0.0,0.0,0.0,0.585470085470054,0.414529914529946,0.0,0.0,0.0,0.0,0.0,0.0
83.167,1,0.0,0.0,0.0,0.0,0.585470085470054,0.414529914529946,0.0,0.0,0.0,0.0,0.585470085470054,0.414529914529946
83.25,0,0.0,0.0,0.0,0.0,0.583333333333302,0.416666666666698,0.0,0.0,0.0,0.0,0.0,0.0
83.25,1,0.0,0.0,0.0,0.0,0.583333333333302,0.416666666666698,0.0,0.0,0.0,0.0,0.583333333333302,0.416666666666698
83.333,0,0.0,0.0,0.0,0.0,0.5811965811965496,0.41880341880345034,0.0,0.0,0.0,0.0,0.0,0.0
83.333,1,0.0,0.0,0.0,0.0,0.5811965811965496,0.41880341880345034,0.0,0.0,0.0,0.0,0.5811965811965496,0.41880341880345034
83.417,0,0.0,0.0,0.0,0.0,0.5790598290597972,0.42094017094020275,0.0,0.0,0.0,0.0,0.0,0.0
83.417,1,0.0,0.0,0.0,0.0,0.5790598290597972,0.42094017094020275,0.0,0.0,0.0,0.0,0.5790598290597972,0.42094017094020275
83.5,0,0.0,0.0,0.0,0.0,0.5769230769230452,0.42307692307695477,0.0,0.0,0.0,0.0,0.0,0.0
83.5,1,0.0,0.0,0.0,0.0,0.5769230769230452,0.42307692307695477,0.0,0.0,0.0,0.0,0.5769230769230452,0.42307692307695477
83.583,0,0.0,0.0,0.0,0.0,0.5747863247862932,0.4252136752137068,0.0,0.0,0.0,0.0,0.0,0.0
83.583,1,0.0,0.0,0.0,0.0,0.5747863247862932,0.4252136752137068,0.0,0.0,0.0,0.0,0.5747863247862932,0.4252136752137068
83.667,0,0.0,0.0,0.0,0.0,0.5726495726495409,0.42735042735045914,0.0,0.0,0.0,0.0,0.0,0.0
83.667,1,0.0,0.0,0.0,0.0,0.5726495726495409,0.42735042735045914,0.0,0.0,0.0,0.0,0.5726495726495409,0.42735042735045914
83.75,0,0.0,0.0,0.0,0.0,0.5705128205127884,0.42948717948721155,0.0,0.0,0.0,0.0,0.0,0.0
83.75,1,0.0,0.0,0.0,0.0,0.5705128205127884,0.42948717948721155,0.0,0.0,0.0,0.0,0.5705128205127884,0.42948717948721155
83.833,0,0.0,0.0,0.0,0.0,0.5683760683760364,0.43162393162396356,0.0,0.0,0.0,0.0,0.0,0.0
83.833,1,0.0,0.0,0.0,0.0,0.5683760683760364,0.43162393162396356,0.0,0.0,0.0,0.0,0.5683760683760364,0.43162393162396356
83.917,0,0.0,0.0,0.0,0.0,0.5662393162392844,0.4337606837607156,0.0,0.0,0.0,0.0,0.0,0.0
83.917,1,0.0,0.0,0.0,0.0,0.5662393162392844,0.4337606837607156,0.0,0.0,0.0,0.0,0.5662393162392844,0.4337606837607156
84.0,0,0.0,0.0,0.0,0.0,0.564102564102532,0.43589743589746793,0.0,0.0,0.0,0.0,0.0,0.0
84.0,1,0.0,0.0,0.0,0.0,0.564102564102532,0.43589743589746793,0.0,0.0,0.0,0.0,0.564102564102532,0.43589743589746793
84.083,0,0.0,0.0,0.0,0.0,0.5619658119657797,0.43803418803422034,0.0,0.0,0.0,0.0,0.0,0.0
84.083,1,0.0,0.0,0.0,0.0,0.5619658119657797,0.43803418803422034,0.0,0.0,0.0,0.0,0.5619658119657797,0.43803418803422034
84.167,0,0.0,0.0,0.0,0.0,0.5598290598290276,0.44017094017097236,0.0,0.0,0.0,0.0,0.0,0.0
84.167,1,0.0,0.0,0.0,0.0,0.5598290598290276,0.44017094017097236,0.0,0.0,0.0,0.0,0.5598290598290276,0.44017094017097236
84.25,0,0.0,0.0,0.0,0.0,0.5576923076922756,0.4423076923077244,0.0,0.0,0.0,0.0,0.0,0.0
84.25,1,0.0,0.0,0.0,0.0,0.5576923076922756,0.4423076923077244,0.0,0.0,0.0,0.0,0.5576923076922756,0.4423076923077244
84.333,0,0.0,0.0,0.0,0.0,0.5555555555555233,0.4444444444444767,0.0,0.0,0.0,0.0,0.0,0.0
84.333,1,0.0,0.0,0.0,0.0,0.5555555555555233,0.4444444444444767,0.0,0.0,0.0,0.0,0.5555555555555233,0.4444444444444767
84.417,0,0.0,0.0,0.0,0.0,0.5534188034187708,0.44658119658122913,0.0,0.0,0.0,0.0,0.0,0.0
84.417,1,0.0,0.0,0.0,0.0,0.5534188034187708,0.44658119658122913,0.0,0.0,0.0,0.0,0.5534188034187708,0.44658119658122913
84.5,0,0.0,0.0,0.0,0.0,0.5512820512820188,0.44871794871798115,0.0,0.0,0.0,0.0,0.0,0.0
84.5,1,0.0,0.0,0.0,0.0,0.5512820512820188,0.44871794871798115,0.0,0.0,0.0,0.0,0.5512820512820188,0.44871794871798115
84.583,0,0.0,0.0,0.0,0.0,0.5491452991452668,0.45085470085473317,0.0,0.0,0.0,0.0,0.0,0.0
84.583,1,0.0,0.0,0.0,0.0,0.5491452991452668,0.45085470085473317,0.0,0.0,0.0,0.0,0.5491452991452668,0.45085470085473317
84.667,0,0.0,0.0,0.0,0.0,0.5470085470085144,0.4529914529914855,0.0,0.0,0.0,0.0,0.0,0.0
84.667,1,0.0,0.0,0.0,0.0,0.5470085470085144,0.4529914529914855,0.0,0.0,0.0,0.0,0.5470085470085144,0.4529914529914855
84.75,0,0.0,0.0,0.0,0.0,0.5448717948717621,0.45512820512823793,0.0,0.0,0.0,0.0,0.0,0.0
84.75,1,0.0,0.0,0.0,0.0,0.5448717948717621,0.45512820512823793,0.0,0.0,0.0,0.0,0.5448717948717621,0.45512820512823793
84.833,0,0.0,0.0,0.0,0.0,0.54273504273501,0.45726495726498995,0.0,0.0,0.0,0.0,0.0,0.0
84.833,1,0.0,0.0,0.0,0.0,0.54273504273501,0.45726495726498995,0.0,0.0,0.0,0.0,0.54273504273501,0.45726495726498995
84.917,0,0.0,0.0,0.0,0.0,0.540598290598258,0.45940170940174196,0.0,0.0,0.0,0.0,0.0,0.0
84.917,1,0.0,0.0,0.0,0.0,0.540598290598258,0.45940170940174196,0.0,0.0,0.0,0.0,0.540598290598258,0.45940170940174196
85.0,0,0.0,0.0,0.0,0.0,0.5384615384615057,0.4615384615384943,0.0,0.0,0.0,0.0,0.0,0.0
85.0,1,0.0,0.0,0.0,0.0,0.5384615384615057,0.4615384615384943,0.0,0.0,0.0,0.0,0.5384615384615057,0.4615384615384943
85.083,0,0.0,0.0,0.0,0.0,0.5363247863247532,0.4636752136752467,0.0,0.0,0.0,0.0,0.0,0.0
85.083,1,0.0,0.0,0.0,0.0,0.5363247863247532,0.4636752136752467,0.0,0.0,0.0,0.0,0.5363247863247532,0.4636752136752467
85.167,0,0.0,0.0,0.0,0.0,0.5341880341880012,0.4658119658119987,0.0,0.0,0.0,0.0,0.0,0.0
85.167,1,0.0,0.0,0.0,0.0,0.5341880341880012,0.4658119658119987,0.0,0.0,0.0,0.0,0.5341880341880012,0.4658119658119987
85.25,0,0.0,0.0,0.0,0.0,0.5320512820512492,0.4679487179487507,0.0,0.0,0.0,0.0,0.0,0.0
85.25,1,0.0,0.0,0.0,0.0,0.5320512820512492,0.4679487179487507,0.0,0.0,0.0,0.0,0.5320512820512492,0.4679487179487507
85.333,0,0.0,0.0,0.0,0.0,0.5299145299144968,0.4700854700855031,0.0,0.0,0.0,0.0,0.0,0.0
85.333,1,0.0,0.0,0.0,0.0,0.5299145299144968,0.4700854700855031,0.0,0.0,0.0,0.0,0.5299145299144968,0.4700854700855031
85.417,0,0.0,0.0,0.0,0.0,0.5277777777777445,0.47222222222225546,0.0,0.0,0.0,0.0,0.0,0.0
85.417,1,0.0,0.0,0.0,0.0,0.5277777777777445,0.47222222222225546,0.0,0.0,0.0,0.0,0.5277777777777445,0.47222222222225546
85.5,0,0.0,0.0,0.0,0.0,0.5256410256409925,0.4743589743590075,0.0,0.0,0.0,0.0,0.0,0.0
85.5,1,0.0,0.0,0.0,0.0,0.5256410256409925,0.4743589743590075,0.0,0.0,0.0,0.0,0.5256410256409925,0.4743589743590075
85.583,0,0.0,0.0,0.0,0.0,0.5235042735042404,0.4764957264957595,0.0,0.0,0.0,0.0,0.0,0.0
85.583,1,0.0,0.0,0.0,0.0,0.5235042735042404,0.4764957264957595,0.0,0.0,0.0,0.0,0.5235042735042404,0.4764957264957595
85.667,0,0.0,0.0,0.0,0.0,0.5213675213674881,0.4786324786325119,0.0,0.0,0.0,0.0,0.0,0.0
85.667,1,0.0,0.0,0.0,0.0,0.5213675213674881,0.4786324786325119,0.0,0.0,0.0,0.0,0.5213675213674881,0.4786324786325119
85.75,0,0.0,0.0,0.0,0.0,0.5192307692307357,0.48076923076926426,0.0,0.0,0.0,0.0,0.0,0.0
85.75,1,0.0,0.0,0.0,0.0,0.5192307692307357,0.48076923076926426,0.0,0.0,0.0,0.0,0.5192307692307357,0.48076923076926426
85.833,0,0.0,0.0,0.0,0.0,0.5170940170939837,0.4829059829060163,0.0,0.0,0.0,0.0,0.0,0.0
85.833,1,0.0,0.0,0.0,0.0,0.5170940170939837,0.4829059829060163,0.0,0.0,0.0,0.0,0.5170940170939837,0.4829059829060163
85.917,0,0.0,0.0,0.0,0.0,0.5149572649572317,0.4850427350427683,0.0,0.0,0.0,0.0,0.0,0.0
85.917,1,0.0,0.0,0.0,0.0,0.5149572649572317,0.4850427350427683,0.0,0.0,0.0,0.0,0.5149572649572317,0.4850427350427683
86.0,0,0.0,0.0,0.0,0.0,0.5128205128204792,0.4871794871795207,0.0,0.0,0.0,0.0,0.0,0.0
86.0,1,0.0,0.0,0.0,0.0,0.5128205128204792,0.4871794871795207,0.0,0.0,0.0,0.0,0.5128205128204792,0.4871794871795207
86.083,0,0.0,0.0,0.0,0.0,0.5106837606837269,0.48931623931627305,0.0,0.0,0.0,0.0,0.0,0.0
86.083,1,0.0,0.0,0.0,0.0,0.5106837606837269,0.48931623931627305,0.0,0.0,0.0,0.0,0.5106837606837269,0.48931623931627305
86.167,0,0.0,0.0,0.0,0.0,0.5085470085469749,0.49145299145302507,0.0,0.0,0.0,0.0,0.0,0.0
86.167,1,0.0,0.0,0.0,0.0,0.5085470085469749,0.49145299145302507,0.0,0.0,0.0,0.0,0.5085470085469749,0.49145299145302507
86.25,0,0.0,0.0,0.0,0.0,0.5064102564102229,0.4935897435897771,0.0,0.0,0.0,0.0,0.0,0.0
86.25,1,0.0,0.0,0.0,0.0,0.5064102564102229,0.4935897435897771,0.0,0.0,0.0,0.0,0.5064102564102229,0.4935897435897771
86.333,0,0.0,0.0,0.0,0.0,0.5042735042734705,0.4957264957265295,0.0,0.0,0.0,0.0,0.0,0.0
86.333,1,0.0,0.0,0.0,0.0,0.5042735042734705,0.4957264957265295,0.0,0.0,0.0,0.0,0.5042735042734705,0.4957264957265295
86.417,0,0.0,0.0,0.0,0.0,0.5021367521367182,0.49786324786328184,0.0,0.0,0.0,0.0,0.0,0.0
86.417,1,0.0,0.0,0.0,0.0,0.5021367521367182,0.49786324786328184,0.0,0.0,0.0,0.0,0.5021367521367182,0.49786324786328184
86.5,0,0.0,0.0,0.0,0.0,0.4999999999999661,0.5000000000000339,0.0,0.0,0.0,0.0,0.0,0.0
86.5,1,0.0,0.0,0.0,0.0,0.4999999999999661,0.5000000000000339,0.0,0.0,0.0,0.0,0.4999999999999661,0.5000000000000339
86.583,0,0.0,0.0,0.0,0.0,0.49786324786321406,0.5021367521367859,0.0,0.0,0.0,0.0,0.0,0.0
86.583,1,0.0,0.0,0.0,0.0,0.49786324786321406,0.5021367521367859,0.0,0.0,0.0,0.0,0.49786324786321406,0.5021367521367859
86.667,0,0.0,0.0,0.0,0.0,0.4957264957264617,0.5042735042735382,0.0,0.0,0.0,0.0,0.0,0.0
86.667,1,0.0,0.0,0.0,0.0,0.4957264957264617,0.5042735042735382,0.0,0.0,0.0,0.0,0.4957264957264617,0.5042735042735382
86.75,0,0.0,0.0,0.0,0.0,0.4935897435897093,0.5064102564102907,0.0,0.0,0.0,0.0,0.0,0.0
86.75,1,0.0,0.0,0.0,0.0,0.4935897435897093,0.5064102564102907,0.0,0.0,0.0,0.0,0.4935897435897093,0.5064102564102907
86.833,0,0.0,0.0,0.0,0.0,0.4914529914529573,0.5085470085470427,0.0,0.0,0.0,0.0,0.0,0.0
86.833,1,0.0,0.0,0.0,0.0,0.4914529914529573,0.5085470085470427,0.0,0.0,0.0,0.0,0.4914529914529573,0.5085470085470427
86.917,0,0.0,0.0,0.0,0.0,0.48931623931620527,0.5106837606837947,0.0,0.0,0.0,0.0,0.0,0.0
86.917,1,0.0,0.0,0.0,0.0,0.48931623931620527,0.5106837606837947,0.0,0.0,0.0,0.0,0.48931623931620527,0.5106837606837947
87.0,0,0.0,0.0,0.0,0.0,0.4871794871794529,0.5128205128205471,0.0,0.0,0.0,0.0,0.0,0.0
87.0,1,0.0,0.0,0.0,0.0,0.4871794871794529,0.5128205128205471,0.0,0.0,0.0,0.0,0.4871794871794529,0.5128205128205471
87.083,0,0.0,0.0,0.0,0.0,0.4850427350427005,0.5149572649572994,0.0,0.0,0.0,0.0,0.0,0.0
87.083,1,0.0,0.0,0.0,0.0,0.4850427350427005,0.5149572649572994,0.0,0.0,0.0,0.0,0.4850427350427005,0.5149572649572994
87.167,0,0.0,0.0,0.0,0.0,0.4829059829059485,0.5170940170940515,0.0,0.0,0.0,0.0,0.0,0.0
87.167,1,0.0,0.0,0.0,0.0,0.4829059829059485,0.5170940170940515,0.0,0.0,0.0,0.0,0.4829059829059485,0.5170940170940515
87.25,0,0.0,0.0,0.0,0.0,0.4807692307691965,0.5192307692308035,0.0,0.0,0.0,0.0,0.0,0.0
87.25,1,0.0,0.0,0.0,0.0,0.4807692307691965,0.5192307692308035,0.0,0.0,0.0,0.0,0.4807692307691965,0.5192307692308035
87.333,0,0.0,0.0,0.0,0.0,0.4786324786324441,0.5213675213675558,0.0,0.0,0.0,0.0,0.0,0.0
87.333,1,0.0,0.0,0.0,0.0,0.4786324786324441,0.5213675213675558,0.0,0.0,0.0,0.0,0.4786324786324441,0.5213675213675558
87.417,0,0.0,0.0,0.0,0.0,0.4764957264956917,0.5235042735043082,0.0,0.0,0.0,0.0,0.0,0.0
87.417,1,0.0,0.0,0.0,0.0,0.4764957264956917,0.5235042735043082,0.0,0.0,0.0,0.0,0.4764957264956917,0.5235042735043082
87.5,0,0.0,0.0,0.0,0.0,0.4743589743589397,0.5256410256410602,0.0,0.0,0.0,0.0,0.0,0.0
87.5,1,0.0,0.0,0.0,0.0,0.4743589743589397,0.5256410256410602,0.0,0.0,0.0,0.0,0.4743589743589397,0.5256410256410602
87.583,0,0.0,0.0,0.0,0.0,0.47222222222218774,0.5277777777778122,0.0,0.0,0.0,0.0,0.0,0.0
87.583,1,0.0,0.0,0.0,0.0,0.47222222222218774,0.5277777777778122,0.0,0.0,0.0,0.0,0.47222222222218774,0.5277777777778122
87.667,0,0.0,0.0,0.0,0.0,0.47008547008543533,0.5299145299145647,0.0,0.0,0.0,0.0,0.0,0.0
87.667,1,0.0,0.0,0.0,0.0,0.47008547008543533,0.5299145299145647,0.0,0.0,0.0,0.0,0.47008547008543533,0.5299145299145647
87.75,0,0.0,0.0,0.0,0.0,0.467948717948683,0.532051282051317,0.0,0.0,0.0,0.0,0.0,0.0
87.75,1,0.0,0.0,0.0,0.0,0.467948717948683,0.532051282051317,0.0,0.0,0.0,0.0,0.467948717948683,0.532051282051317
87.833,0,0.0,0.0,0.0,0.0,0.46581196581193096,0.534188034188069,0.0,0.0,0.0,0.0,0.0,0.0
87.833,1,0.0,0.0,0.0,0.0,0.46581196581193096,0.534188034188069,0.0,0.0,0.0,0.0,0.46581196581193096,0.534188034188069
87.917,0,0.0,0.0,0.0,0.0,0.46367521367517894,0.5363247863248211,0.0,0.0,0.0,0.0,0.0,0.0
87.917,1,0.0,0.0,0.0,0.0,0.46367521367517894,0.5363247863248211,0.0,0.0,0.0,0.0,0.46367521367517894,0.5363247863248211
88.0,0,0.0,0.0,0.0,0.0,0.46153846153842654,0.5384615384615734,0.0,0.0,0.0,0.0,0.0,0.0
88.0,1,0.0,0.0,0.0,0.0,0.46153846153842654,0.5384615384615734,0.0,0.0,0.0,0.0,0.46153846153842654,0.5384615384615734
88.083,0,0.0,0.0,0.0,0.0,0.4594017094016742,0.5405982905983258,0.0,0.0,0.0,0.0,0.0,0.0
88.083,1,0.0,0.0,0.0,0.0,0.4594017094016742,0.5405982905983258,0.0,0.0,0.0,0.0,0.4594017094016742,0.5405982905983258
88.167,0,0.0,0.0,0.0,0.0,0.45726495726492217,0.5427350427350778,0.0,0.0,0.0,0.0,0.0,0.0
88.167,1,0.0,0.0,0.0,0.0,0.45726495726492217,0.5427350427350778,0.0,0.0,0.0,0.0,0.45726495726492217,0.5427350427350778
88.25,0,0.0,0.0,0.0,0.0,0.45512820512817015,0.5448717948718298,0.0,0.0,0.0,0.0,0.0,0.0
88.25,1,0.0,0.0,0.0,0.0,0.45512820512817015,0.5448717948718298,0.0,0.0,0.0,0.0,0.45512820512817015,0.5448717948718298
88.333,0,0.0,0.0,0.0,0.0,0.45299145299141774,0.5470085470085823,0.0,0.0,0.0,0.0,0.0,0.0
88.333,1,0.0,0.0,0.0,0.0,0.45299145299141774,0.5470085470085823,0.0,0.0,0.0,0.0,0.45299145299141774,0.5470085470085823
88.417,0,0.0,0.0,0.0,0.0,0.4508547008546654,0.5491452991453346,0.0,0.0,0.0,0.0,0.0,0.0
88.417,1,0.0,0.0,0.0,0.0,0.4508547008546654,0.5491452991453346,0.0,0.0,0.0,0.0,0.4508547008546654,0.5491452991453346
88.5,0,0.0,0.0,0.0,0.0,0.4487179487179134,0.5512820512820866,0.0,0.0,0.0,0.0,0.0,0.0
88.5,1,0.0,0.0,0.0,0.0,0.4487179487179134,0.5512820512820866,0.0,0.0,0.0,0.0,0.4487179487179134,0.5512820512820866
88.583,0,0.0,0.0,0.0,0.0,0.44658119658116135,0.5534188034188386,0.0,0.0,0.0,0.0,0.0,0.0
88.583,1,0.0,0.0,0.0,0.0,0.44658119658116135,0.5534188034188386,0.0,0.0,0.0,0.0,0.44658119658116135,0.5534188034188386
88.667,0,0.0,0.0,0.0,0.0,0.44444444444440895,0.555555555555591,0.0,0.0,0.0,0.0,0.0,0.0
88.667,1,0.0,0.0,0.0,0.0,0.44444444444440895,0.555555555555591,0.0,0.0,0.0,0.0,0.44444444444440895,0.555555555555591
88.75,0,0.0,0.0,0.0,0.0,0.4423076923076566,0.5576923076923433,0.0,0.0,0.0,0.0,0.0,0.0
88.75,1,0.0,0.0,0.0,0.0,0.4423076923076566,0.5576923076923433,0.0,0.0,0.0,0.0,0.4423076923076566,0.5576923076923433
88.833,0,0.0,0.0,0.0,0.0,0.4401709401709046,0.5598290598290954,0.0,0.0,0.0,0.0,0.0,0.0
88.833,1,0.0,0.0,0.0,0.0,0.4401709401709046,0.5598290598290954,0.0,0.0,0.0,0.0,0.4401709401709046,0.5598290598290954
88.917,0,0.0,0.0,0.0,0.0,0.43803418803415256,0.5619658119658474,0.0,0.0,0.0,0.0,0.0,0.0
88.917,1,0.0,0.0,0.0,0.0,0.43803418803415256,0.5619658119658474,0.0,0.0,0.0,0.0,0.43803418803415256,0.5619658119658474
89.0,0,0.0,0.0,0.0,0.0,0.43589743589740015,0.5641025641025998,0.0,0.0,0.0,0.0,0.0,0.0
89.0,1,0.0,0.0,0.0,0.0,0.43589743589740015,0.5641025641025998,0.0,0.0,0.0,0.0,0.43589743589740015,0.5641025641025998
89.083,0,0.0,0.0,0.0,0.0,0.4337606837606478,0.5662393162393522,0.0,0.0,0.0,0.0,0.0,0.0
89.083,1,0.0,0.0,0.0,0.0,0.4337606837606478,0.5662393162393522,0.0,0.0,0.0,0.0,0.4337606837606478,0.5662393162393522
89.167,0,0.0,0.0,0.0,0.0,0.4316239316238958,0.5683760683761042,0.0,0.0,0.0,0.0,0.0,0.0
89.167,1,0.0,0.0,0.0,0.0,0.4316239316238958,0.5683760683761042,0.0,0.0,0.0,0.0,0.4316239316238958,0.5683760683761042
89.25,0,0.0,0.0,0.0,0.0,0.42948717948714377,0.5705128205128562,0.0,0.0,0.0,0.0,0.0,0.0
89.25,1,0.0,0.0,0.0,0.0,0.42948717948714377,0.5705128205128562,0.0,0.0,0.0,0.0,0.42948717948714377,0.5705128205128562
89.333,0,0.0,0.0,0.0,0.0,0.42735042735039136,0.5726495726496086,0.0,0.0,0.0,0.0,0.0,0.0
89.333,1,0.0,0.0,0.0,0.0,0.42735042735039136,0.5726495726496086,0.0,0.0,0.0,0.0,0.42735042735039136,0.5726495726496086
89.417,0,0.0,0.0,0.0,0.0,0.425213675213639,0.5747863247863609,0.0,0.0,0.0,0.0,0.0,0.0
89.417,1,0.0,0.0,0.0,0.0,0.425213675213639,0.5747863247863609,0.0,0.0,0.0,0.0,0.425213675213639,0.5747863247863609
89.5,0,0.0,0.0,0.0,0.0,0.423076923076887,0.576923076923113,0.0,0.0,0.0,0.0,0.0,0.0
89.5,1,0.0,0.0,0.0,0.0,0.423076923076887,0.576923076923113,0.0,0.0,0.0,0.0,0.423076923076887,0.576923076923113
89.583,0,0.0,0.0,0.0,0.0,0.420940170940135,0.579059829059865,0.0,0.0,0.0,0.0,0.0,0.0
89.583,1,0.0,0.0,0.0,0.0,0.420940170940135,0.579059829059865,0.0,0.0,0.0,0.0,0.420940170940135,0.579059829059865
89.667,0,0.0,0.0,0.0,0.0,0.4188034188033826,0.5811965811966173,0.0,0.0,0.0,0.0,0.0,0.0
89.667,1,0.0,0.0,0.0,0.0,0.4188034188033826,0.5811965811966173,0.0,0.0,0.0,0.0,0.4188034188033826,0.5811965811966173
89.75,0,0.0,0.0,0.0,0.0,0.4166666666666302,0.5833333333333698,0.0,0.0,0.0,0.0,0.0,0.0
89.75,1,0.0,0.0,0.0,0.0,0.4166666666666302,0.5833333333333698,0.0,0.0,0.0,0.0,0.4166666666666302,0.5833333333333698
89.833,0,0.0,0.0,0.0,0.0,0.4145299145298782,0.5854700854701218,0.0,0.0,0.0,0.0,0.0,0.0
89.833,1,0.0,0.0,0.0,0.0,0.4145299145298782,0.5854700854701218,0.0,0.0,0.0,0.0,0.4145299145298782,0.5854700854701218
89.917,0,0.0,0.0,0.0,0.0,0.4123931623931262,0.5876068376068738,0.0,0.0,0.0,0.0,0.0,0.0
89.917,1,0.0,0.0,0.0,0.0,0.4123931623931262,0.5876068376068738,0.0,0.0,0.0,0.0,0.4123931623931262,0.5876068376068738
90.0,0,0.0,0.0,0.0,0.0,0.4102564102563738,0.5897435897436262,0.0,0.0,0.0,0.0,0.0,0.0
90.0,1,0.0,0.0,0.0,0.0,0.4102564102563738,0.5897435897436262,0.0,0.0,0.0,0.0,0.4102564102563738,0.5897435897436262
90.083,0,0.0,0.0,0.0,0.0,0.4081196581196214,0.5918803418803785,0.0,0.0,0.0,0.0,0.0,0.0
90.083,1,0.0,0.0,0.0,0.0,0.4081196581196214,0.5918803418803785,0.0,0.0,0.0,0.0,0.4081196581196214,0.5918803418803785
90.167,0,0.0,0.0,0.0,0.0,0.4059829059828694,0.5940170940171305,0.0,0.0,0.0,0.0,0.0,0.0
90.167,1,0.0,0.0,0.0,0.0,0.4059829059828694,0.5940170940171305,0.0,0.0,0.0,0.0,0.4059829059828694,0.5940170940171305
90.25,0,0.0,0.0,0.0,0.0,0.4038461538461174,0.5961538461538826,0.0,0.0,0.0,0.0,0.0,0.0
90.25,1,0.0,0.0,0.0,0.0,0.4038461538461174,0.5961538461538826,0.0,0.0,0.0,0.0,0.4038461538461174,0.5961538461538826
90.333,0,0.0,0.0,0.0,0.0,0.40170940170936503,0.5982905982906349,0.0,0.0,0.0,0.0,0.0,0.0
90.333,1,0.0,0.0,0.0,0.0,0.40170940170936503,0.5982905982906349,0.0,0.0,0.0,0.0,0.40170940170936503,0.5982905982906349
90.417,0,0.0,0.0,0.0,0.0,0.3995726495726126,0.6004273504273874,0.0,0.0,0.0,0.0,0.0,0.0
90.417,1,0.0,0.0,0.0,0.0,0.3995726495726126,0.6004273504273874,0.0,0.0,0.0,0.0,0.3995726495726126,0.6004273504273874
90.5,0,0.0,0.0,0.0,0.0,0.3974358974358606,0.6025641025641394,0.0,0.0,0.0,0.0,0.0,0.0
90.5,1,0.0,0.0,0.0,0.0,0.3974358974358606,0.6025641025641394,0.0,0.0,0.0,0.0,0.3974358974358606,0.6025641025641394
90.583,0,0.0,0.0,0.0,0.0,0.3952991452991086,0.6047008547008914,0.0,0.0,0.0,0.0,0.0,0.0
90.583,1,0.0,0.0,0.0,0.0,0.3952991452991086,0.6047008547008914,0.0,0.0,0.0,0.0,0.3952991452991086,0.6047008547008914
90.667,0,0.0,0.0,0.0,0.0,0.39316239316235624,0.6068376068376438,0.0,0.0,0.0,0.0,0.0,0.0
90.667,1,0.0,0.0,0.0,0.0,0.39316239316235624,0.6068376068376438,0.0,0.0,0.0,0.0,0.39316239316235624,0.6068376068376438
90.75,0,0.0,0.0,0.0,0.0,0.39102564102560383,0.6089743589743961,0.0,0.0,0.0,0.0,0.0,0.0
90.75,1,0.0,0.0,0.0,0.0,0.39102564102560383,0.6089743589743961,0.0,0.0,0.0,0.0,0.39102564102560383,0.6089743589743961
90.833,0,0.0,0.0,0.0,0.0,0.3888888888888518,0.6111111111111481,0.0,0.0,0.0,0.0,0.0,0.0
90.833,1,0.0,0.0,0.0,0.0,0.3888888888888518,0.6111111111111481,0.0,0.0,0.0,0.0,0.3888888888888518,0.6111111111111481
90.917,0,0.0,0.0,0.0,0.0,0.3867521367520998,0.6132478632479001,0.0,0.0,0.0,0.0,0.0,0.0
90.917,1,0.0,0.0,0.0,0.0,0.3867521367520998,0.6132478632479001,0.0,0.0,0.0,0.0,0.3867521367520998,0.6132478632479001
91.0,0,0.0,0.0,0.0,0.0,0.38461538461534744,0.6153846153846525,0.0,0.0,0.0,0.0,0.0,0.0
91.0,1,0.0,0.0,0.0,0.0,0.38461538461534744,0.6153846153846525,0.0,0.0,0.0,0.0,0.38461538461534744,0.6153846153846525
91.083,0,0.0,0.0,0.0,0.0,0.38247863247859504,0.617521367521405,0.0,0.0,0.0,0.0,0.0,0.0
91.083,1,0.0,0.0,0.0,0.0,0.38247863247859504,0.617521367521405,0.0,0.0,0.0,0.0,0.38247863247859504,0.617521367521405
91.167,0,0.0,0.0,0.0,0.0,0.380341880341843,0.6196581196581569,0.0,0.0,0.0,0.0,0.0,0.0
91.167,1,0.0,0.0,0.0,0.0,0.380341880341843,0.6196581196581569,0.0,0.0,0.0,0.0,0.380341880341843,0.6196581196581569
91.25,0,0.0,0.0,0.0,0.0,0.378205128205091,0.6217948717949089,0.0,0.0,0.0,0.0,0.0,0.0
91.25,1,0.0,0.0,0.0,0.0,0.378205128205091,0.6217948717949089,0.0,0.0,0.0,0.0,0.378205128205091,0.6217948717949089
91.333,0,0.0,0.0,0.0,0.0,0.37606837606833865,0.6239316239316613,0.0,0.0,0.0,0.0,0.0,0.0
91.333,1,0.0,0.0,0.0,0.0,0.37606837606833865,0.6239316239316613,0.0,0.0,0.0,0.0,0.37606837606833865,0.6239316239316613
91.417,0,0.0,0.0,0.0,0.0,0.37393162393158624,0.6260683760684137,0.0,0.0,0.0,0.0,0.0,0.0
91.417,1,0.0,0.0,0.0,0.0,0.37393162393158624,0.6260683760684137,0.0,0.0,0.0,0.0,0.37393162393158624,0.6260683760684137
91.5,0,0.0,0.0,0.0,0.0,0.3717948717948342,0.6282051282051657,0.0,0.0,0.0,0.0,0.0,0.0
91.5,1,0.0,0.0,0.0,0.0,0.3717948717948342,0.6282051282051657,0.0,0.0,0.0,0.0,0.3717948717948342,0.6282051282051657
91.583,0,0.0,0.0,0.0,0.0,0.36965811965808226,0.6303418803419177,0.0,0.0,0.0,0.0,0.0,0.0
91.583,1,0.0,0.0,0.0,0.0,0.36965811965808226,0.6303418803419177,0.0,0.0,0.0,0.0,0.36965811965808226,0.6303418803419177
91.667,0,0.0,0.0,0.0,0.0,0.36752136752132986,0.6324786324786701,0.0,0.0,0.0,0.0,0.0,0.0
91.667,1,0.0,0.0,0.0,0.0,0.36752136752132986,0.6324786324786701,0.0,0.0,0.0,0.0,0.36752136752132986,0.6324786324786701
91.75,0,0.0,0.0,0.0,0.0,0.36538461538457745,0.6346153846154224,0.0,0.0,0.0,0.0,0.0,0.0
91.75,1,0.0,0.0,0.0,0.0,0.36538461538457745,0.6346153846154224,0.0,0.0,0.0,0.0,0.36538461538457745,0.6346153846154224
91.833,0,0.0,0.0,0.0,0.0,0.3632478632478255,0.6367521367521745,0.0,0.0,0.0,0.0,0.0,0.0
91.833,1,0.0,0.0,0.0,0.0,0.3632478632478255,0.6367521367521745,0.0,0.0,0.0,0.0,0.3632478632478255,0.6367521367521745
91.917,0,0.0,0.0,0.0,0.0,0.36111111111107347,0.6388888888889265,0.0,0.0,0.0,0.0,0.0,0.0
91.917,1,0.0,0.0,0.0,0.0,0.36111111111107347,0.6388888888889265,0.0,0.0,0.0,0.0,0.36111111111107347,0.6388888888889265
92.0,0,0.0,0.0,0.0,0.0,0.35897435897432106,0.6410256410256789,0.0,0.0,0.0,0.0,0.0,0.0
92.0,1,0.0,0.0,0.0,0.0,0.35897435897432106,0.6410256410256789,0.0,0.0,0.0,0.0,0.35897435897432106,0.6410256410256789
92.083,0,0.0,0.0,0.0,0.0,0.3568376068375687,0.6431623931624313,0.0,0.0,0.0,0.0,0.0,0.0
92.083,1,0.0,0.0,0.0,0.0,0.3568376068375687,0.6431623931624313,0.0,0.0,0.0,0.0,0.3568376068375687,0.6431623931624313
92.167,0,0.0,0.0,0.0,0.0,0.3547008547008167,0.6452991452991833,0.0,0.0,0.0,0.0,0.0,0.0
92.167,1,0.0,0.0,0.0,0.0,0.3547008547008167,0.6452991452991833,0.0,0.0,0.0,0.0,0.3547008547008167,0.6452991452991833
92.25,0,0.0,0.0,0.0,0.0,0.3525641025640647,0.6474358974359353,0.0,0.0,0.0,0.0,0.0,0.0
92.25,1,0.0,0.0,0.0,0.0,0.3525641025640647,0.6474358974359353,0.0,0.0,0.0,0.0,0.3525641025640647,0.6474358974359353
92.333,0,0.0,0.0,0.0,0.0,0.35042735042731227,0.6495726495726877,0.0,0.0,0.0,0.0,0.0,0.0
92.333,1,0.0,0.0,0.0,0.0,0.35042735042731227,0.6495726495726877,0.0,0.0,0.0,0.0,0.35042735042731227,0.6495726495726877
92.417,0,0.0,0.0,0.0,0.0,0.3482905982905599,0.65170940170944,0.0,0.0,0.0,0.0,0.0,0.0
92.417,1,0.0,0.0,0.0,0.0,0.3482905982905599,0.65170940170944,0.0,0.0,0.0,0.0,0.3482905982905599,0.65170940170944
92.5,0,0.0,0.0,0.0,0.0,0.3461538461538079,0.653846153846192,0.0,0.0,0.0,0.0,0.0,0.0
92.5,1,0.0,0.0,0.0,0.0,0.3461538461538079,0.653846153846192,0.0,0.0,0.0,0.0,0.3461538461538079,0.653846153846192
92.583,0,0.0,0.0,0.0,0.0,0.3440170940170559,0.6559829059829441,0.0,0.0,0.0,0.0,0.0,0.0
92.583,1,0.0,0.0,0.0,0.0,0.3440170940170559,0.6559829059829441,0.0,0.0,0.0,0.0,0.3440170940170559,0.6559829059829441
92.667,0,0.0,0.0,0.0,0.0,0.3418803418803035,0.6581196581196965,0.0,0.0,0.0,0.0,0.0,0.0
92.667,1,0.0,0.0,0.0,0.0,0.3418803418803035,0.6581196581196965,0.0,0.0,0.0,0.0,0.3418803418803035,0.6581196581196965
92.75,0,0.0,0.0,0.0,0.0,0.3397435897435511,0.6602564102564489,0.0,0.0,0.0,0.0,0.0,0.0
92.75,1,0.0,0.0,0.0,0.0,0.3397435897435511,0.6602564102564489,0.0,0.0,0.0,0.0,0.3397435897435511,0.6602564102564489
92.833,0,0.0,0.0,0.0,0.0,0.3376068376067991,0.6623931623932009,0.0,0.0,0.0,0.0,0.0,0.0
92.833,1,0.0,0.0,0.0,0.0,0.3376068376067991,0.6623931623932009,0.0,0.0,0.0,0.0,0.3376068376067991,0.6623931623932009
92.917,0,0.0,0.0,0.0,0.0,0.3354700854700471,0.6645299145299529,0.0,0.0,0.0,0.0,0.0,0.0
92.917,1,0.0,0.0,0.0,0.0,0.3354700854700471,0.6645299145299529,0.0,0.0,0.0,0.0,0.3354700854700471,0.6645299145299529
93.0,0,0.0,0.0,0.0,0.0,0.3333333333332947,0.6666666666667053,0.0,0.0,0.0,0.0,0.0,0.0
93.0,1,0.0,0.0,0.0,0.0,0.3333333333332947,0.6666666666667053,0.0,0.0,0.0,0.0,0.3333333333332947,0.6666666666667053
93.083,0,0.0,0.0,0.0,0.0,0.33119658119654233,0.6688034188034576,0.0,0.0,0.0,0.0,0.0,0.0
93.083,1,0.0,0.0,0.0,0.0,0.33119658119654233,0.6688034188034576,0.0,0.0,0.0,0.0,0.33119658119654233,0.6688034188034576
93.167,0,0.0,0.0,0.0,0.0,0.3290598290597903,0.6709401709402096,0.0,0.0,0.0,0.0,0.0,0.0
93.167,1,0.0,0.0,0.0,0.0,0.3290598290597903,0.6709401709402096,0.0,0.0,0.0,0.0,0.3290598290597903,0.6709401709402096
93.25,0,0.0,0.0,0.0,0.0,0.3269230769230383,0.6730769230769617,0.0,0.0,0.0,0.0,0.0,0.0
93.25,1,0.0,0.0,0.0,0.0,0.3269230769230383,0.6730769230769617,0.0,0.0,0.0,0.0,0.3269230769230383,0.6730769230769617
93.333,0,0.0,0.0,0.0,0.0,0.3247863247862859,0.675213675213714,0.0,0.0,0.0,0.0,0.0,0.0
93.333,1,0.0,0.0,0.0,0.0,0.3247863247862859,0.675213675213714,0.0,0.0,0.0,0.0,0.3247863247862859,0.675213675213714
93.417,0,0.0,0.0,0.0,0.0,0.32264957264953353,0.6773504273504665,0.0,0.0,0.0,0.0,0.0,0.0
93.417,1,0.0,0.0,0.0,0.0,0.32264957264953353,0.6773504273504665,0.0,0.0,0.0,0.0,0.32264957264953353,0.6773504273504665
93.5,0,0.0,0.0,0.0,0.0,0.3205128205127815,0.6794871794872185,0.0,0.0,0.0,0.0,0.0,0.0
93.5,1,0.0,0.0,0.0,0.0,0.3205128205127815,0.6794871794872185,0.0,0.0,0.0,0.0,0.3205128205127815,0.6794871794872185
93.583,0,0.0,0.0,0.0,0.0,0.3183760683760295,0.6816239316239705,0.0,0.0,0.0,0.0,0.0,0.0
93.583,1,0.0,0.0,0.0,0.0,0.3183760683760295,0.6816239316239705,0.0,0.0,0.0,0.0,0.3183760683760295,0.6816239316239705
93.667,0,0.0,0.0,0.0,0.0,0.3162393162392771,0.6837606837607229,0.0,0.0,0.0,0.0,0.0,0.0
93.667,1,0.0,0.0,0.0,0.0,0.3162393162392771,0.6837606837607229,0.0,0.0,0.0,0.0,0.3162393162392771,0.6837606837607229
93.75,0,0.0,0.0,0.0,0.0,0.31410256410252474,0.6858974358974752,0.0,0.0,0.0,0.0,0.0,0.0
93.75,1,0.0,0.0,0.0,0.0,0.31410256410252474,0.6858974358974752,0.0,0.0,0.0,0.0,0.31410256410252474,0.6858974358974752
93.833,0,0.0,0.0,0.0,0.0,0.3119658119657727,0.6880341880342272,0.0,0.0,0.0,0.0,0.0,0.0
93.833,1,0.0,0.0,0.0,0.0,0.3119658119657727,0.6880341880342272,0.0,0.0,0.0,0.0,0.3119658119657727,0.6880341880342272
93.917,0,0.0,0.0,0.0,0.0,0.3098290598290207,0.6901709401709792,0.0,0.0,0.0,0.0,0.0,0.0
93.917,1,0.0,0.0,0.0,0.0,0.3098290598290207,0.6901709401709792,0.0,0.0,0.0,0.0,0.3098290598290207,0.6901709401709792
94.0,0,0.0,0.0,0.0,0.0,0.30769230769226835,0.6923076923077316,0.0,0.0,0.0,0.0,0.0,0.0
94.0,1,0.0,0.0,0.0,0.0,0.30769230769226835,0.6923076923077316,0.0,0.0,0.0,0.0,0.30769230769226835,0.6923076923077316
94.083,0,0.0,0.0,0.0,0.0,0.30555555555551595,0.694444444444484,0.0,0.0,0.0,0.0,0.0,0.0
94.083,1,0.0,0.0,0.0,0.0,0.30555555555551595,0.694444444444484,0.0,0.0,0.0,0.0,0.30555555555551595,0.694444444444484
94.167,0,0.0,0.0,0.0,0.0,0.3034188034187639,0.6965811965812361,0.0,0.0,0.0,0.0,0.0,0.0
94.167,1,0.0,0.0,0.0,0.0,0.3034188034187639,0.6965811965812361,0.0,0.0,0.0,0.0,0.3034188034187639,0.6965811965812361
94.25,0,0.0,0.0,0.0,0.0,0.3012820512820119,0.6987179487179881,0.0,0.0,0.0,0.0,0.0,0.0
94.25,1,0.0,0.0,0.0,0.0,0.3012820512820119,0.6987179487179881,0.0,0.0,0.0,0.0,0.3012820512820119,0.6987179487179881
94.333,0,0.0,0.0,0.0,0.0,0.29914529914525956,0.7008547008547404,0.0,0.0,0.0,0.0,0.0,0.0
94.333,1,0.0,0.0,0.0,0.0,0.29914529914525956,0.7008547008547404,0.0,0.0,0.0,0.0,0.29914529914525956,0.7008547008547404
94.417,0,0.0,0.0,0.0,0.0,0.29700854700850715,0.7029914529914928,0.0,0.0,0.0,0.0,0.0,0.0
94.417,1,0.0,0.0,0.0,0.0,0.29700854700850715,0.7029914529914928,0.0,0.0,0.0,0.0,0.29700854700850715,0.7029914529914928
94.5,0,0.0,0.0,0.0,0.0,0.29487179487175513,0.7051282051282448,0.0,0.0,0.0,0.0,0.0,0.0
94.5,1,0.0,0.0,0.0,0.0,0.29487179487175513,0.7051282051282448,0.0,0.0,0.0,0.0,0.29487179487175513,0.7051282051282448
94.583,0,0.0,0.0,0.0,0.0,0.2927350427350031,0.7072649572649968,0.0,0.0,0.0,0.0,0.0,0.0
94.583,1,0.0,0.0,0.0,0.0,0.2927350427350031,0.7072649572649968,0.0,0.0,0.0,0.0,0.2927350427350031,0.7072649572649968
94.667,0,0.0,0.0,0.0,0.0,0.29059829059825076,0.7094017094017492,0.0,0.0,0.0,0.0,0.0,0.0
94.667,1,0.0,0.0,0.0,0.0,0.29059829059825076,0.7094017094017492,0.0,0.0,0.0,0.0,0.29059829059825076,0.7094017094017492
94.75,0,0.0,0.0,0.0,0.0,0.28846153846149836,0.7115384615385016,0.0,0.0,0.0,0.0,0.0,0.0
94.75,1,0.0,0.0,0.0,0.0,0.28846153846149836,0.7115384615385016,0.0,0.0,0.0,0.0,0.28846153846149836,0.7115384615385016
94.833,0,0.0,0.0,0.0,0.0,0.28632478632474634,0.7136752136752537,0.0,0.0,0.0,0.0,0.0,0.0
94.833,1,0.0,0.0,0.0,0.0,0.28632478632474634,0.7136752136752537,0.0,0.0,0.0,0.0,0.28632478632474634,0.7136752136752537
94.917,0,0.0,0.0,0.0,0.0,0.2841880341879943,0.7158119658120057,0.0,0.0,0.0,0.0,0.0,0.0
94.917,1,0.0,0.0,0.0,0.0,0.2841880341879943,0.7158119658120057,0.0,0.0,0.0,0.0,0.2841880341879943,0.7158119658120057
95.0,0,0.0,0.0,0.0,0.0,0.28205128205124197,0.717948717948758,0.0,0.0,0.0,0.0,0.0,0.0
95.0,1,0.0,0.0,0.0,0.0,0.28205128205124197,0.717948717948758,0.0,0.0,0.0,0.0,0.28205128205124197,0.717948717948758
95.083,0,0.0,0.0,0.0,0.0,0.27991452991448956,0.7200854700855104,0.0,0.0,0.0,0.0,0.0,0.0
95.083,1,0.0,0.0,0.0,0.0,0.27991452991448956,0.7200854700855104,0.0,0.0,0.0,0.0,0.27991452991448956,0.7200854700855104
95.167,0,0.0,0.0,0.0,0.0,0.27777777777773754,0.7222222222222624,0.0,0.0,0.0,0.0,0.0,0.0
95.167,1,0.0,0.0,0.0,0.0,0.27777777777773754,0.7222222222222624,0.0,0.0,0.0,0.0,0.27777777777773754,0.7222222222222624
95.25,0,0.0,0.0,0.0,0.0,0.2756410256409855,0.7243589743590144,0.0,0.0,0.0,0.0,0.0,0.0
95.25,1,0.0,0.0,0.0,0.0,0.2756410256409855,0.7243589743590144,0.0,0.0,0.0,0.0,0.2756410256409855,0.7243589743590144
95.333,0,0.0,0.0,0.0,0.0,0.2735042735042332,0.7264957264957668,0.0,0.0,0.0,0.0,0.0,0.0
95.333,1,0.0,0.0,0.0,0.0,0.2735042735042332,0.7264957264957668,0.0,0.0,0.0,0.0,0.2735042735042332,0.7264957264957668
95.417,0,0.0,0.0,0.0,0.0,0.27136752136748077,0.7286324786325191,0.0,0.0,0.0,0.0,0.0,0.0
95.417,1,0.0,0.0,0.0,0.0,0.27136752136748077,0.7286324786325191,0.0,0.0,0.0,0.0,0.27136752136748077,0.7286324786325191
95.5,0,0.0,0.0,0.0,0.0,0.26923076923072875,0.7307692307692711,0.0,0.0,0.0,0.0,0.0,0.0
95.5,1,0.0,0.0,0.0,0.0,0.26923076923072875,0.7307692307692711,0.0,0.0,0.0,0.0,0.26923076923072875,0.7307692307692711
95.583,0,0.0,0.0,0.0,0.0,0.26709401709397673,0.7329059829060232,0.0,0.0,0.0,0.0,0.0,0.0
95.583,1,0.0,0.0,0.0,0.0,0.26709401709397673,0.7329059829060232,0.0,0.0,0.0,0.0,0.26709401709397673,0.7329059829060232
95.667,0,0.0,0.0,0.0,0.0,0.2649572649572244,0.7350427350427756,0.0,0.0,0.0,0.0,0.0,0.0
95.667,1,0.0,0.0,0.0,0.0,0.2649572649572244,0.7350427350427756,0.0,0.0,0.0,0.0,0.2649572649572244,0.7350427350427756
95.75,0,0.0,0.0,0.0,0.0,0.262820512820472,0.737179487179528,0.0,0.0,0.0,0.0,0.0,0.0
95.75,1,0.0,0.0,0.0,0.0,0.262820512820472,0.737179487179528,0.0,0.0,0.0,0.0,0.262820512820472,0.737179487179528
95.833,0,0.0,0.0,0.0,0.0,0.26068376068372,0.73931623931628,0.0,0.0,0.0,0.0,0.0,0.0
95.833,1,0.0,0.0,0.0,0.0,0.26068376068372,0.73931623931628,0.0,0.0,0.0,0.0,0.26068376068372,0.73931623931628
95.917,0,0.0,0.0,0.0,0.0,0.258547008546968,0.741452991453032,0.0,0.0,0.0,0.0,0.0,0.0
95.917,1,0.0,0.0,0.0,0.0,0.258547008546968,0.741452991453032,0.0,0.0,0.0,0.0,0.258547008546968,0.741452991453032
96.0,0,0.0,0.0,0.0,0.0,0.2564102564102156,0.7435897435897844,0.0,0.0,0.0,0.0,0.0,0.0
96.0,1,0.0,0.0,0.0,0.0,0.2564102564102156,0.7435897435897844,0.0,0.0,0.0,0.0,0.2564102564102156,0.7435897435897844
96.083,0,0.0,0.0,0.0,0.0,0.25427350427346324,0.7457264957265367,0.0,0.0,0.0,0.0,0.0,0.0
96.083,1,0.0,0.0,0.0,0.0,0.25427350427346324,0.7457264957265367,0.0,0.0,0.0,0.0,0.25427350427346324,0.7457264957265367
96.167,0,0.0,0.0,0.0,0.0,0.2521367521367112,0.7478632478632887,0.0,0.0,0.0,0.0,0.0,0.0
96.167,1,0.0,0.0,0.0,0.0,0.2521367521367112,0.7478632478632887,0.0,0.0,0.0,0.0,0.2521367521367112,0.7478632478632887
96.25,0,0.0,0.0,0.0,0.0,0.24999999999995917,0.7500000000000407,0.0,0.0,0.0,0.0,0.0,0.0
96.25,1,0.0,0.0,0.0,0.0,0.24999999999995917,0.7500000000000407,0.0,0.0,0.0,0.0,0.24999999999995917,0.7500000000000407
96.333,0,0.0,0.0,0.0,0.0,0.2478632478632068,0.7521367521367932,0.0,0.0,0.0,0.0,0.0,0.0
96.333,1,0.0,0.0,0.0,0.0,0.2478632478632068,0.7521367521367932,0.0,0.0,0.0,0.0,0.2478632478632068,0.7521367521367932
96.417,0,0.0,0.0,0.0,0.0,0.2457264957264544,0.7542735042735456,0.0,0.0,0.0,0.0,0.0,0.0
96.417,1,0.0,0.0,0.0,0.0,0.2457264957264544,0.7542735042735456,0.0,0.0,0.0,0.0,0.2457264957264544,0.7542735042735456
96.5,0,0.0,0.0,0.0,0.0,0.2435897435897024,0.7564102564102976,0.0,0.0,0.0,0.0,0.0,0.0
96.5,1,0.0,0.0,0.0,0.0,0.2435897435897024,0.7564102564102976,0.0,0.0,0.0,0.0,0.2435897435897024,0.7564102564102976
96.583,0,0.0,0.0,0.0,0.0,0.24145299145295038,0.7585470085470496,0.0,0.0,0.0,0.0,0.0,0.0
96.583,1,0.0,0.0,0.0,0.0,0.24145299145295038,0.7585470085470496,0.0,0.0,0.0,0.0,0.24145299145295038,0.7585470085470496
96.667,0,0.0,0.0,0.0,0.0,0.239316239316198,0.760683760683802,0.0,0.0,0.0,0.0,0.0,0.0
96.667,1,0.0,0.0,0.0,0.0,0.239316239316198,0.760683760683802,0.0,0.0,0.0,0.0,0.239316239316198,0.760683760683802
96.75,0,0.0,0.0,0.0,0.0,0.23717948717944562,0.7628205128205543,0.0,0.0,0.0,0.0,0.0,0.0
96.75,1,0.0,0.0,0.0,0.0,0.23717948717944562,0.7628205128205543,0.0,0.0,0.0,0.0,0.23717948717944562,0.7628205128205543
96.833,0,0.0,0.0,0.0,0.0,0.23504273504269363,0.7649572649573063,0.0,0.0,0.0,0.0,0.0,0.0
96.833,1,0.0,0.0,0.0,0.0,0.23504273504269363,0.7649572649573063,0.0,0.0,0.0,0.0,0.23504273504269363,0.7649572649573063
96.917,0,0.0,0.0,0.0,0.0,0.2329059829059416,0.7670940170940583,0.0,0.0,0.0,0.0,0.0,0.0
96.917,1,0.0,0.0,0.0,0.0,0.2329059829059416,0.7670940170940583,0.0,0.0,0.0,0.0,0.2329059829059416,0.7670940170940583
97.0,0,0.0,0.0,0.0,0.0,0.23076923076918923,0.7692307692308108,0.0,0.0,0.0,0.0,0.0,0.0
97.0,1,0.0,0.0,0.0,0.0,0.23076923076918923,0.7692307692308108,0.0,0.0,0.0,0.0,0.23076923076918923,0.7692307692308108
97.083,0,0.0,0.0,0.0,0.0,0.22863247863243685,0.7713675213675631,0.0,0.0,0.0,0.0,0.0,0.0
97.083,1,0.0,0.0,0.0,0.0,0.22863247863243685,0.7713675213675631,0.0,0.0,0.0,0.0,0.22863247863243685,0.7713675213675631
97.167,0,0.0,0.0,0.0,0.0,0.22649572649568483,0.7735042735043152,0.0,0.0,0.0,0.0,0.0,0.0
97.167,1,0.0,0.0,0.0,0.0,0.22649572649568483,0.7735042735043152,0.0,0.0,0.0,0.0,0.22649572649568483,0.7735042735043152
97.25,0,0.0,0.0,0.0,0.0,0.22435897435893282,0.7756410256410672,0.0,0.0,0.0,0.0,0.0,0.0
97.25,1,0.0,0.0,0.0,0.0,0.22435897435893282,0.7756410256410672,0.0,0.0,0.0,0.0,0.22435897435893282,0.7756410256410672
97.333,0,0.0,0.0,0.0,0.0,0.22222222222218044,0.7777777777778195,0.0,0.0,0.0,0.0,0.0,0.0
97.333,1,0.0,0.0,0.0,0.0,0.22222222222218044,0.7777777777778195,0.0,0.0,0.0,0.0,0.22222222222218044,0.7777777777778195
97.417,0,0.0,0.0,0.0,0.0,0.22008547008542806,0.7799145299145719,0.0,0.0,0.0,0.0,0.0,0.0
97.417,1,0.0,0.0,0.0,0.0,0.22008547008542806,0.7799145299145719,0.0,0.0,0.0,0.0,0.22008547008542806,0.7799145299145719
97.5,0,0.0,0.0,0.0,0.0,0.21794871794867604,0.7820512820513239,0.0,0.0,0.0,0.0,0.0,0.0
97.5,1,0.0,0.0,0.0,0.0,0.21794871794867604,0.7820512820513239,0.0,0.0,0.0,0.0,0.21794871794867604,0.7820512820513239
97.583,0,0.0,0.0,0.0,0.0,0.21581196581192402,0.7841880341880759,0.0,0.0,0.0,0.0,0.0,0.0
97.583,1,0.0,0.0,0.0,0.0,0.21581196581192402,0.7841880341880759,0.0,0.0,0.0,0.0,0.21581196581192402,0.7841880341880759
97.667,0,0.0,0.0,0.0,0.0,0.21367521367517164,0.7863247863248283,0.0,0.0,0.0,0.0,0.0,0.0
97.667,1,0.0,0.0,0.0,0.0,0.21367521367517164,0.7863247863248283,0.0,0.0,0.0,0.0,0.21367521367517164,0.7863247863248283
97.75,0,0.0,0.0,0.0,0.0,0.21153846153841926,0.7884615384615807,0.0,0.0,0.0,0.0,0.0,0.0
97.75,1,0.0,0.0,0.0,0.0,0.21153846153841926,0.7884615384615807,0.0,0.0,0.0,0.0,0.21153846153841926,0.7884615384615807
97.833,0,0.0,0.0,0.0,0.0,0.20940170940166725,0.7905982905983328,0.0,0.0,0.0,0.0,0.0,0.0
97.833,1,0.0,0.0,0.0,0.0,0.20940170940166725,0.7905982905983328,0.0,0.0,0.0,0.0,0.20940170940166725,0.7905982905983328
97.917,0,0.0,0.0,0.0,0.0,0.20726495726491523,0.7927350427350848,0.0,0.0,0.0,0.0,0.0,0.0
97.917,1,0.0,0.0,0.0,0.0,0.20726495726491523,0.7927350427350848,0.0,0.0,0.0,0.0,0.20726495726491523,0.7927350427350848
98.0,0,0.0,0.0,0.0,0.0,0.20512820512816285,0.7948717948718371,0.0,0.0,0.0,0.0,0.0,0.0
98.0,1,0.0,0.0,0.0,0.0,0.20512820512816285,0.7948717948718371,0.0,0.0,0.0,0.0,0.20512820512816285,0.7948717948718371
98.083,0,0.0,0.0,0.0,0.0,0.20299145299141047,0.7970085470085895,0.0,0.0,0.0,0.0,0.0,0.0
98.083,1,0.0,0.0,0.0,0.0,0.20299145299141047,0.7970085470085895,0.0,0.0,0.0,0.0,0.20299145299141047,0.7970085470085895
98.167,0,0.0,0.0,0.0,0.0,0.20085470085465845,0.7991452991453415,0.0,0.0,0.0,0.0,0.0,0.0
98.167,1,0.0,0.0,0.0,0.0,0.20085470085465845,0.7991452991453415,0.0,0.0,0.0,0.0,0.20085470085465845,0.7991452991453415
98.25,0,0.0,0.0,0.0,0.0,0.19871794871790643,0.8012820512820935,0.0,0.0,0.0,0.0,0.0,0.0
98.25,1,0.0,0.0,0.0,0.0,0.19871794871790643,0.8012820512820935,0.0,0.0,0.0,0.0,0.19871794871790643,0.8012820512820935
98.333,0,0.0,0.0,0.0,0.0,0.19658119658115406,0.8034188034188459,0.0,0.0,0.0,0.0,0.0,0.0
98.333,1,0.0,0.0,0.0,0.0,0.19658119658115406,0.8034188034188459,0.0,0.0,0.0,0.0,0.19658119658115406,0.8034188034188459
98.417,0,0.0,0.0,0.0,0.0,0.19444444444440168,0.8055555555555983,0.0,0.0,0.0,0.0,0.0,0.0
98.417,1,0.0,0.0,0.0,0.0,0.19444444444440168,0.8055555555555983,0.0,0.0,0.0,0.0,0.19444444444440168,0.8055555555555983
98.5,0,0.0,0.0,0.0,0.0,0.19230769230764966,0.8076923076923503,0.0,0.0,0.0,0.0,0.0,0.0
98.5,1,0.0,0.0,0.0,0.0,0.19230769230764966,0.8076923076923503,0.0,0.0,0.0,0.0,0.19230769230764966,0.8076923076923503
98.583,0,0.0,0.0,0.0,0.0,0.19017094017089764,0.8098290598291024,0.0,0.0,0.0,0.0,0.0,0.0
98.583,1,0.0,0.0,0.0,0.0,0.19017094017089764,0.8098290598291024,0.0,0.0,0.0,0.0,0.19017094017089764,0.8098290598291024
98.667,0,0.0,0.0,0.0,0.0,0.18803418803414526,0.8119658119658547,0.0,0.0,0.0,0.0,0.0,0.0
98.667,1,0.0,0.0,0.0,0.0,0.18803418803414526,0.8119658119658547,0.0,0.0,0.0,0.0,0.18803418803414526,0.8119658119658547
98.75,0,0.0,0.0,0.0,0.0,0.18589743589739288,0.8141025641026071,0.0,0.0,0.0,0.0,0.0,0.0
98.75,1,0.0,0.0,0.0,0.0,0.18589743589739288,0.8141025641026071,0.0,0.0,0.0,0.0,0.18589743589739288,0.8141025641026071
98.833,0,0.0,0.0,0.0,0.0,0.1837606837606409,0.8162393162393591,0.0,0.0,0.0,0.0,0.0,0.0
98.833,1,0.0,0.0,0.0,0.0,0.1837606837606409,0.8162393162393591,0.0,0.0,0.0,0.0,0.1837606837606409,0.8162393162393591
98.917,0,0.0,0.0,0.0,0.0,0.18162393162388887,0.8183760683761111,0.0,0.0,0.0,0.0,0.0,0.0
98.917,1,0.0,0.0,0.0,0.0,0.18162393162388887,0.8183760683761111,0.0,0.0,0.0,0.0,0.18162393162388887,0.8183760683761111
99.0,0,0.0,0.0,0.0,0.0,0.1794871794871365,0.8205128205128634,0.0,0.0,0.0,0.0,0.0,0.0
99.0,1,0.0,0.0,0.0,0.0,0.1794871794871365,0.8205128205128634,0.0,0.0,0.0,0.0,0.1794871794871365,0.8205128205128634
99.083,0,0.0,0.0,0.0,0.0,0.17735042735038412,0.8226495726496159,0.0,0.0,0.0,0.0,0.0,0.0
99.083,1,0.0,0.0,0.0,0.0,0.17735042735038412,0.8226495726496159,0.0,0.0,0.0,0.0,0.17735042735038412,0.8226495726496159
99.167,0,0.0,0.0,0.0,0.0,0.1752136752136321,0.8247863247863679,0.0,0.0,0.0,0.0,0.0,0.0
99.167,1,0.0,0.0,0.0,0.0,0.1752136752136321,0.8247863247863679,0.0,0.0,0.0,0.0,0.1752136752136321,0.8247863247863679
99.25,0,0.0,0.0,0.0,0.0,0.17307692307688008,0.8269230769231198,0.0,0.0,0.0,0.0,0.0,0.0
99.25,1,0.0,0.0,0.0,0.0,0.17307692307688008,0.8269230769231198,0.0,0.0,0.0,0.0,0.17307692307688008,0.8269230769231198
99.333,0,0.0,0.0,0.0,0.0,0.1709401709401277,0.8290598290598723,0.0,0.0,0.0,0.0,0.0,0.0
99.333,1,0.0,0.0,0.0,0.0,0.1709401709401277,0.8290598290598723,0.0,0.0,0.0,0.0,0.1709401709401277,0.8290598290598723
99.417,0,0.0,0.0,0.0,0.0,0.16880341880337532,0.8311965811966247,0.0,0.0,0.0,0.0,0.0,0.0
99.417,1,0.0,0.0,0.0,0.0,0.16880341880337532,0.8311965811966247,0.0,0.0,0.0,0.0,0.16880341880337532,0.8311965811966247
99.5,0,0.0,0.0,0.0,0.0,0.1666666666666233,0.8333333333333767,0.0,0.0,0.0,0.0,0.0,0.0
99.5,1,0.0,0.0,0.0,0.0,0.1666666666666233,0.8333333333333767,0.0,0.0,0.0,0.0,0.1666666666666233,0.8333333333333767
99.583,0,0.0,0.0,0.0,0.0,0.16452991452987129,0.8354700854701287,0.0,0.0,0.0,0.0,0.0,0.0
99.583,1,0.0,0.0,0.0,0.0,0.16452991452987129,0.8354700854701287,0.0,0.0,0.0,0.0,0.16452991452987129,0.8354700854701287
99.667,0,0.0,0.0,0.0,0.0,0.1623931623931189,0.837606837606881,0.0,0.0,0.0,0.0,0.0,0.0
99.667,1,0.0,0.0,0.0,0.0,0.1623931623931189,0.837606837606881,0.0,0.0,0.0,0.0,0.1623931623931189,0.837606837606881
99.75,0,0.0,0.0,0.0,0.0,0.16025641025636653,0.8397435897436334,0.0,0.0,0.0,0.0,0.0,0.0
99.75,1,0.0,0.0,0.0,0.0,0.16025641025636653,0.8397435897436334,0.0,0.0,0.0,0.0,0.16025641025636653,0.8397435897436334
99.833,0,0.0,0.0,0.0,0.0,0.1581196581196145,0.8418803418803854,0.0,0.0,0.0,0.0,0.0,0.0
99.833,1,0.0,0.0,0.0,0.0,0.1581196581196145,0.8418803418803854,0.0,0.0,0.0,0.0,0.1581196581196145,0.8418803418803854
99.917,0,0.0,0.0,0.0,0.0,0.1559829059828625,0.8440170940171374,0.0,0.0,0.0,0.0,0.0,0.0
99.917,1,0.0,0.0,0.0,0.0,0.1559829059828625,0.8440170940171374,0.0,0.0,0.0,0.0,0.1559829059828625,0.8440170940171374
100.0,0,0.0,0.0,0.0,0.0,0.1538461538461101,0.8461538461538899,0.0,0.0,0.0,0.0,0.0,0.0
100.0,1,0.0,0.0,0.0,0.0,0.1538461538461101,0.8461538461538899,0.0,0.0,0.0,0.0,0.1538461538461101,0.8461538461538899
100.083,0,0.0,0.0,0.0,0.0,0.15170940170935773,0.8482905982906422,0.0,0.0,0.0,0.0,0.0,0.0
100.083,1,0.0,0.0,0.0,0.0,0.15170940170935773,0.8482905982906422,0.0,0.0,0.0,0.0,0.15170940170935773,0.8482905982906422
100.167,0,0.0,0.0,0.0,0.0,0.14957264957260571,0.8504273504273943,0.0,0.0,0.0,0.0,0.0,0.0
100.167,1,0.0,0.0,0.0,0.0,0.14957264957260571,0.8504273504273943,0.0,0.0,0.0,0.0,0.14957264957260571,0.8504273504273943
100.25,0,0.0,0.0,0.0,0.0,0.1474358974358537,0.8525641025641463,0.0,0.0,0.0,0.0,0.0,0.0
100.25,1,0.0,0.0,0.0,0.0,0.1474358974358537,0.8525641025641463,0.0,0.0,0.0,0.0,0.1474358974358537,0.8525641025641463
100.333,0,0.0,0.0,0.0,0.0,0.14529914529910132,0.8547008547008986,0.0,0.0,0.0,0.0,0.0,0.0
100.333,1,0.0,0.0,0.0,0.0,0.14529914529910132,0.8547008547008986,0.0,0.0,0.0,0.0,0.14529914529910132,0.8547008547008986
100.417,0,0.0,0.0,0.0,0.0,0.14316239316234894,0.856837606837651,0.0,0.0,0.0,0.0,0.0,0.0
100.417,1,0.0,0.0,0.0,0.0,0.14316239316234894,0.856837606837651,0.0,0.0,0.0,0.0,0.14316239316234894,0.856837606837651
100.5,0,0.0,0.0,0.0,0.0,0.14102564102559692,0.858974358974403,0.0,0.0,0.0,0.0,0.0,0.0
100.5,1,0.0,0.0,0.0,0.0,0.14102564102559692,0.858974358974403,0.0,0.0,0.0,0.0,0.14102564102559692,0.858974358974403
100.583,0,0.0,0.0,0.0,0.0,0.1388888888888449,0.861111111111155,0.0,0.0,0.0,0.0,0.0,0.0
100.583,1,0.0,0.0,0.0,0.0,0.1388888888888449,0.861111111111155,0.0,0.0,0.0,0.0,0.1388888888888449,0.861111111111155
100.667,0,0.0,0.0,0.0,0.0,0.13675213675209252,0.8632478632479075,0.0,0.0,0.0,0.0,0.0,0.0
100.667,1,0.0,0.0,0.0,0.0,0.13675213675209252,0.8632478632479075,0.0,0.0,0.0,0.0,0.13675213675209252,0.8632478632479075
100.75,0,0.0,0.0,0.0,0.0,0.13461538461534014,0.8653846153846598,0.0,0.0,0.0,0.0,0.0,0.0
100.75,1,0.0,0.0,0.0,0.0,0.13461538461534014,0.8653846153846598,0.0,0.0,0.0,0.0,0.13461538461534014,0.8653846153846598
100.833,0,0.0,0.0,0.0,0.0,0.13247863247858815,0.8675213675214118,0.0,0.0,0.0,0.0,0.0,0.0
100.833,1,0.0,0.0,0.0,0.0,0.13247863247858815,0.8675213675214118,0.0,0.0,0.0,0.0,0.13247863247858815,0.8675213675214118
100.917,0,0.0,0.0,0.0,0.0,0.13034188034183614,0.8696581196581639,0.0,0.0,0.0,0.0,0.0,0.0
100.917,1,0.0,0.0,0.0,0.0,0.13034188034183614,0.8696581196581639,0.0,0.0,0.0,0.0,0.13034188034183614,0.8696581196581639
