group,age,cycle,cumulative_incidence
NHB female,40.0,0,0.4769553605494086
NHB female,40.083333333333336,1,0.4769553605494086
NHB female,40.166666666666664,2,0.4769553605494086
NHB female,40.25,3,0.4769553605494086
NHB female,40.333333333333336,4,0.4769553605494086
NHB female,40.416666666666664,5,0.4769553605494086
NHB female,40.5,6,0.4769553605494086
NHB female,40.583333333333336,7,0.4848912628767646
NHB female,40.666666666666664,8,0.4848912628767646
NHB female,40.75,9,0.4848912628767646
NHB female,40.833333333333336,10,0.4848912628767646
NHB female,40.916666666666664,11,0.4848912628767646
NHB female,41.0,12,0.4848912628767646
NHB female,41.083333333333336,13,0.5058374666157955
NHB female,41.166666666666664,14,0.5108737123235406
NHB female,41.25,15,0.5123235406333461
NHB female,41.333333333333336,16,0.5136970621900038
NHB female,41.416666666666664,17,0.5148798168637925
NHB female,41.5,18,0.5164822586798932
NHB female,41.583333333333336,19,0.5181610072491416
NHB female,41.666666666666664,20,0.5195726821823732
NHB female,41.75,21,0.5211751239984739
NHB female,41.833333333333336,22,0.522472338801984
NHB female,41.916666666666664,23,0.5240366272415109
NHB female,42.0,24,0.525333842045021
NHB female,42.083333333333336,25,0.5279282716520413
NHB female,42.166666666666664,26,0.529530713468142
NHB female,42.25,27,0.5380770698206792
NHB female,42.333333333333336,28,0.5395650515070584
NHB female,42.416666666666664,29,0.5415108737123235
NHB female,42.5,30,0.5479969477298741
NHB female,42.583333333333336,31,0.5563143838229684
NHB female,42.666666666666664,32,0.5578023655093476
NHB female,42.75,33,0.5593285005723007
NHB female,42.833333333333336,34,0.5607783288821061
NHB female,42.916666666666664,35,0.5619992369324686
NHB female,43.0,36,0.5631056848531095
NHB female,43.083333333333336,37,0.5715757344524991
NHB female,43.166666666666664,38,0.5734452499046165
NHB female,43.25,39,0.575123998473865
NHB female,43.333333333333336,40,0.576421213277375
NHB female,43.416666666666664,41,0.5785959557420832
NHB female,43.5,42,0.5799313239221671
NHB female,43.583333333333336,43,0.5818771461274322
NHB female,43.666666666666664,44,0.5862266310568486
NHB female,43.75,45,0.5875619992369324
NHB female,43.833333333333336,46,0.5887447539107211
NHB female,43.916666666666664,47,0.5900038153376573
NHB female,44.0,48,0.5913391835177413
NHB female,44.083333333333336,49,0.59252193819153
NHB female,44.166666666666664,50,0.5933613124761541
NHB female,44.25,51,0.5944677603967952
NHB female,44.333333333333336,52,0.5955742083174361
NHB female,44.416666666666664,53,0.5967569629912247
NHB female,44.5,54,0.5979397176650133
NHB female,44.583333333333336,55,0.5992750858450973
NHB female,44.666666666666664,56,0.6026707363601679
NHB female,44.75,57,0.603739030904235
NHB female,44.833333333333336,58,0.6046928653185807
NHB female,44.916666666666664,59,0.6055322396032049
NHB female,45.0,60,0.6065623807706982
NHB female,45.083333333333336,61,0.6081648225867989
NHB female,45.166666666666664,62,0.6099580312857688
NHB female,45.25,63,0.6119801602441816
NHB female,45.333333333333336,64,0.6133155284242655
NHB female,45.416666666666664,65,0.614765356734071
NHB female,45.5,66,0.6163296451735979
NHB female,45.583333333333336,67,0.620717283479588
NHB female,45.666666666666664,68,0.6220526516596718
NHB female,45.75,69,0.6233880198397558
NHB female,45.833333333333336,70,0.6246470812666921
NHB female,45.916666666666664,71,0.6260587561999237
NHB female,46.0,72,0.6274322777565815
NHB female,46.083333333333336,73,0.6285387256772225
NHB female,46.166666666666664,74,0.6298740938573064
NHB female,46.25,75,0.6307897748950783
NHB female,46.333333333333336,76,0.6320488363220145
NHB female,46.416666666666664,77,0.6332315909958032
NHB female,46.5,78,0.6352155665776421
NHB female,46.583333333333336,79,0.6362838611217093
NHB female,46.666666666666664,80,0.6375810759252194
NHB female,46.75,81,0.638992750858451
NHB female,46.833333333333336,82,0.6402899656619611
NHB female,46.916666666666664,83,0.6417397939717665
NHB female,47.0,84,0.643189622281572
NHB female,47.083333333333336,85,0.6467760396795116
NHB female,47.166666666666664,86,0.6483021747424647
NHB female,47.25,87,0.6492178557802365
NHB female,47.333333333333336,88,0.6500953834414346
NHB female,47.416666666666664,89,0.6514689049980923
NHB female,47.5,90,0.6527279664250286
NHB female,47.583333333333336,91,0.6538344143456696
NHB female,47.666666666666664,92,0.6553987027851965
NHB female,47.75,93,0.6570774513544448
NHB female,47.833333333333336,94,0.658145745898512
NHB female,47.916666666666664,95,0.65902327355971
NHB female,48.0,96,0.660587561999237
NHB female,48.083333333333336,97,0.6613124761541397
NHB female,48.166666666666664,98,0.6621518504387638
NHB female,48.25,99,0.663449065242274
NHB female,48.333333333333336,100,0.6642884395268981
NHB female,48.416666666666664,101,0.6648988935520793
NHB female,48.5,102,0.6654330408241129
NHB female,48.583333333333336,103,0.6662342617321633
NHB female,48.666666666666664,104,0.6671117893933614
NHB female,48.75,105,0.6677603967951163
NHB female,48.833333333333336,106,0.6685997710797406
NHB female,48.916666666666664,107,0.6693628386112171
NHB female,49.0,108,0.670278519648989
NHB female,49.083333333333336,109,0.6711942006867608
NHB female,49.166666666666664,110,0.6747424647081267
NHB female,49.25,111,0.6756199923693247
NHB female,49.333333333333336,112,0.6767645936665395
NHB female,49.416666666666664,113,0.677756581457459
NHB female,49.5,114,0.679282716520412
NHB female,49.583333333333336,115,0.6803128576879054
NHB female,49.666666666666664,116,0.6812666921022511
NHB female,49.75,117,0.6821442197634491
NHB female,49.833333333333336,118,0.6831743609309424
NHB female,49.916666666666664,119,0.6844715757344525
NHB female,50.0,120,0.685692483784815
NHB female,50.083333333333336,121,0.6867226249523083
NHB female,50.166666666666664,122,0.6875238458603586
NHB female,50.25,123,0.6888592140404426
NHB female,50.333333333333336,124,0.6899275085845097
NHB female,50.416666666666664,125,0.6913773368943151
NHB female,50.5,126,0.6922548645555132
NHB female,50.583333333333336,127,0.6937428462418924
NHB female,50.666666666666664,128,0.694925600915681
NHB female,50.75,129,0.696032048836322
NHB female,50.833333333333336,130,0.6967188096146509
NHB female,50.916666666666664,131,0.6976344906524228
NHB female,51.0,132,0.6984738649370469
NHB female,51.083333333333336,133,0.6992750858450973
NHB female,51.166666666666664,134,0.7006104540251812
NHB female,51.25,135,0.7015642884395269
NHB female,51.333333333333336,136,0.702861503243037
NHB female,51.416666666666664,137,0.7037390309042351
NHB female,51.5,138,0.704616558565433
NHB female,51.583333333333336,139,0.7057993132392216
NHB female,51.666666666666664,140,0.7066768409004197
NHB female,51.75,141,0.7078595955742083
NHB female,51.833333333333336,142,0.7107592521938192
NHB female,51.916666666666664,143,0.7114078595955742
NHB female,52.0,144,0.7124380007630675
NHB female,52.083333333333336,145,0.7129721480351011
NHB female,52.166666666666664,146,0.71365890881343
NHB female,52.25,147,0.7142693628386112
NHB female,52.333333333333336,148,0.7152613506295307
NHB female,52.416666666666664,149,0.716291491797024
NHB female,52.5,150,0.7170927127050744
NHB female,52.583333333333336,151,0.7174360930942388
NHB female,52.666666666666664,152,0.7179320869896986
NHB female,52.75,153,0.7188096146508967
NHB female,52.833333333333336,154,0.7194963754292255
NHB female,52.916666666666664,155,0.7201068294544067
NHB female,53.0,156,0.7204120564669974
NHB female,53.083333333333336,157,0.7215948111407859
NHB female,53.166666666666664,158,0.7241892407478062
NHB female,53.25,159,0.7251049217855781
NHB female,53.333333333333336,160,0.7259442960702022
NHB female,53.416666666666664,161,0.7271270507439909
NHB female,53.5,162,0.7280808851583365
NHB female,53.583333333333336,163,0.7291110263258298
NHB female,53.666666666666664,164,0.7300267073636016
NHB female,53.75,165,0.7312476154139641
NHB female,53.833333333333336,166,0.7319725295688668
NHB female,53.916666666666664,167,0.7327737504769172
NHB female,54.0,168,0.7335749713849675
NHB female,54.083333333333336,169,0.7344524990461656
NHB female,54.166666666666664,170,0.7351774132010683
NHB female,54.25,171,0.7382296833269745
NHB female,54.333333333333336,172,0.7393742846241892
NHB female,54.416666666666664,173,0.7404425791682564
NHB female,54.5,174,0.7414345669591759
NHB female,54.583333333333336,175,0.7423884013735216
NHB female,54.666666666666664,176,0.7434185425410149
NHB female,54.75,177,0.7442197634490653
NHB female,54.833333333333336,178,0.7448302174742465
NHB female,54.916666666666664,179,0.7457840518885921
NHB female,55.0,180,0.7467378863029378
NHB female,55.083333333333336,181,0.7496375429225487
NHB female,55.166666666666664,182,0.7505532239603205
NHB female,55.25,183,0.7516978252575353
NHB female,55.333333333333336,184,0.7526898130484548
NHB female,55.416666666666664,185,0.7535291873330789
NHB female,55.5,186,0.7543685616177032
NHB female,55.583333333333336,187,0.755284242655475
NHB female,55.666666666666664,188,0.7562380770698207
NHB female,55.75,189,0.7570392979778711
NHB female,55.833333333333336,190,0.758145745898512
NHB female,55.916666666666664,191,0.7592140404425791
NHB female,56.0,192,0.7602060282334987
NHB female,56.08333333333333,193,0.7608927890118276
NHB female,56.16666666666667,194,0.7613506295307134
NHB female,56.25,195,0.7620755436856161
NHB female,56.33333333333333,196,0.7626859977107974
NHB female,56.41666666666667,197,0.7630675314765357
NHB female,56.5,198,0.7638687523845861
NHB female,56.58333333333333,199,0.7642884395268982
NHB female,56.66666666666667,200,0.764746280045784
NHB female,56.75,201,0.7653185806943914
NHB female,56.83333333333333,202,0.7676077832888211
NHB female,56.91666666666667,203,0.7681419305608547
NHB female,57.0,204,0.7685997710797405
NHB female,57.08333333333333,205,0.7691339183517741
NHB female,57.16666666666667,206,0.7695154521175124
NHB female,57.25,207,0.7701259061426936
NHB female,57.33333333333333,208,0.7709652804273178
NHB female,57.41666666666667,209,0.7717283479587943
NHB female,57.5,210,0.7723388019839755
NHB female,57.58333333333333,211,0.7730637161388783
NHB female,57.66666666666667,212,0.7738267836703548
NHB female,57.75,213,0.7748187714612743
NHB female,57.83333333333333,214,0.7758107592521938
NHB female,57.91666666666667,215,0.7783670354826402
NHB female,58.0,216,0.7789393361312477
NHB female,58.08333333333333,217,0.7795497901564289
NHB female,58.16666666666667,218,0.7804273178176269
NHB female,58.25,219,0.7812285387256772
NHB female,58.33333333333333,220,0.781724532621137
NHB female,58.41666666666667,221,0.7824112933994658
NHB female,58.5,222,0.783021747424647
NHB female,58.58333333333333,223,0.7838992750858451
NHB female,58.66666666666667,224,0.7848531095001907
NHB female,58.75,225,0.7855017169019458
NHB female,58.83333333333333,226,0.7861503243037009
NHB female,58.91666666666667,227,0.7868752384586036
NHB female,59.0,228,0.7874856924837849
NHB female,59.08333333333333,229,0.7880961465089661
NHB female,59.16666666666667,230,0.7891644410530332
NHB female,59.25,231,0.789851201831362
NHB female,59.33333333333333,232,0.7908050362457077
NHB female,59.41666666666667,233,0.7924837848149561
NHB female,59.5,234,0.7931323922167112
NHB female,59.58333333333333,235,0.7937809996184663
NHB female,59.66666666666667,236,0.794505913773369
NHB female,59.75,237,0.7951926745516978
NHB female,59.83333333333333,238,0.7959175887066006
NHB female,59.91666666666667,239,0.7963754292254864
NHB female,60.0,240,0.7967569629912247
NHB female,60.08333333333333,241,0.7971003433803892
NHB female,60.16666666666667,242,0.7974437237695536
NHB female,60.25,243,0.7979778710415871
NHB female,60.33333333333333,244,0.7983594048073255
NHB female,60.41666666666667,245,0.7987027851964899
NHB female,60.5,246,0.7990461655856543
NHB female,60.58333333333333,247,0.799351392598245
NHB female,60.66666666666667,248,0.7998473864937047
NHB female,60.75,249,0.8001907668828692
NHB female,60.83333333333333,250,0.8004578405188859
NHB female,60.91666666666667,251,0.8009919877909195
NHB female,61.0,252,0.8024036627241511
NHB female,61.08333333333333,253,0.8030904235024799
NHB female,61.16666666666667,254,0.8037771842808088
NHB female,61.25,255,0.8045784051888593
NHB female,61.33333333333333,256,0.8052651659671881
NHB female,61.41666666666667,257,0.8061045402518123
NHB female,61.5,258,0.8068294544067149
NHB female,61.58333333333333,259,0.8074399084318962
NHB female,61.66666666666667,260,0.8082411293399466
NHB female,61.75,261,0.808813429988554
NHB female,61.83333333333333,262,0.8093475772605876
NHB female,61.91666666666667,263,0.8097291110263258
NHB female,62.0,264,0.8101106447920641
NHB female,62.08333333333333,265,0.8106066386875238
NHB female,62.16666666666667,266,0.811217092712705
NHB female,62.25,267,0.8118657001144601
NHB female,62.33333333333333,268,0.8125906142693629
NHB female,62.41666666666667,269,0.8135062953071347
NHB female,62.5,270,0.8141549027088897
NHB female,62.58333333333333,271,0.8148798168637924
NHB female,62.66666666666667,272,0.8155665776421214
NHB female,62.75,273,0.8170927127050744
NHB female,62.83333333333333,274,0.8175123998473864
NHB female,62.91666666666667,275,0.81804654711942
NHB female,63.0,276,0.8188477680274704
NHB female,63.08333333333333,277,0.8195345288057994
NHB female,63.16666666666667,278,0.8200305227012591
NHB female,63.25,279,0.8203357497138497
NHB female,63.33333333333333,280,0.8210225104921786
NHB female,63.41666666666667,281,0.8217092712705074
NHB female,63.5,282,0.8224341854254101
NHB female,63.58333333333333,283,0.8229301793208699
NHB female,63.66666666666667,284,0.8232354063334605
NHB female,63.75,285,0.8235406333460511
NHB female,63.83333333333333,286,0.8243800076306753
NHB female,63.91666666666667,287,0.8249523082792827
NHB female,64.0,288,0.826440289965662
NHB female,64.08333333333333,289,0.8268981304845479
NHB female,64.16666666666667,290,0.8272415108737123
NHB female,64.25,291,0.8274704311331553
NHB female,64.33333333333333,292,0.8277756581457459
NHB female,64.41666666666667,293,0.8281571919114842
NHB female,64.5,294,0.8285005723006486
NHB female,64.58333333333333,295,0.8286913391835178
NHB female,64.66666666666667,296,0.8288821060663869
NHB female,64.75,297,0.8291110263258298
NHB female,64.83333333333333,298,0.8292254864555513
NHB female,64.91666666666667,299,0.8295688668447158
NHB female,65.0,300,0.8296833269744373
NHB female,65.08333333333333,301,0.8302174742464709
NHB female,65.16666666666667,302,0.8308660816482258
NHB female,65.25,303,0.8314765356734071
NHB female,65.33333333333333,304,0.8329263639832125
NHB female,65.41666666666667,305,0.833269744372377
NHB female,65.5,306,0.8336131247615414
NHB female,65.58333333333333,307,0.8338038916444105
NHB female,65.66666666666667,308,0.8342235787867226
NHB female,65.75,309,0.8347195726821823
NHB female,65.83333333333333,310,0.8351774132010683
NHB female,65.91666666666667,311,0.835673407096528
NHB female,66.0,312,0.8359404807325448
NHB female,66.08333333333333,313,0.8364364746280046
NHB female,66.16666666666667,314,0.8376573826783671
NHB female,66.25,315,0.8382296833269745
NHB female,66.33333333333333,316,0.8388019839755818
NHB female,66.41666666666667,317,0.8390690576115987
NHB female,66.5,318,0.8395268981304845
NHB female,66.58333333333333,319,0.840747806180847
NHB female,66.66666666666667,320,0.8421213277375048
NHB female,66.75,321,0.8424647081266692
NHB female,66.83333333333333,322,0.8426936283861122
NHB female,66.91666666666667,323,0.8431896222815719
NHB female,67.0,324,0.8433422357878673
NHB female,67.08333333333333,325,0.8439145364364746
NHB female,67.16666666666667,326,0.8443723769553606
NHB female,67.25,327,0.8449065242273941
NHB female,67.33333333333333,328,0.8453262113697062
NHB female,67.41666666666667,329,0.8459366653948874
NHB female,67.5,330,0.8465089660434949
NHB female,67.58333333333333,331,0.8467760396795116
NHB female,67.66666666666667,332,0.8470812666921023
NHB female,67.75,333,0.8475391072109881
NHB female,67.83333333333333,334,0.847806180847005
NHB female,67.91666666666667,335,0.8481114078595956
NHB female,68.0,336,0.8487981686379245
NHB female,68.08333333333333,337,0.8489889355207936
NHB female,68.16666666666667,338,0.8498283098054178
NHB female,68.25,339,0.8502479969477299
NHB female,68.33333333333333,340,0.8505150705837466
NHB female,68.41666666666667,341,0.850667684090042
NHB female,68.5,342,0.8508584509729111
NHB female,68.58333333333333,343,0.8510110644792064
NHB female,68.66666666666667,344,0.8512018313620755
NHB female,68.75,345,0.8514689049980924
NHB female,68.83333333333333,346,0.8516215185043876
NHB female,68.91666666666667,347,0.851774132010683
NHB female,69.0,348,0.8518504387638306
NHB female,69.08333333333333,349,0.8523464326592903
NHB female,69.16666666666667,350,0.8528042731781763
NHB female,69.25,351,0.8529950400610454
NHB female,69.33333333333333,352,0.8535673407096528
NHB female,69.41666666666667,353,0.8539870278519649
NHB female,69.5,354,0.8544830217474246
NHB female,69.58333333333333,355,0.8549027088897367
NHB female,69.66666666666667,356,0.8552079359023274
NHB female,69.75,357,0.8557039297977871
NHB female,69.83333333333333,358,0.8559328500572301
NHB female,69.91666666666667,359,0.8561617703166731
NHB female,70.0,360,0.8564669973292637
NHB female,70.08333333333333,361,0.856810377718428
NHB female,70.16666666666667,362,0.8573063716138878
NHB female,70.25,363,0.8575734452499046
NHB female,70.33333333333333,364,0.8578405188859214
NHB female,70.41666666666667,365,0.8585654330408241
NHB female,70.5,366,0.8586798931705456
NHB female,70.58333333333333,367,0.8588325066768409
NHB female,70.66666666666667,368,0.8591377336894315
NHB female,70.75,369,0.8596718809614651
NHB female,70.83333333333333,370,0.8599008012209081
NHB female,70.91666666666667,371,0.8601678748569248
NHB female,71.0,372,0.8603204883632202
NHB female,71.08333333333333,373,0.8607401755055323
NHB female,71.16666666666667,374,0.8611217092712705
NHB female,71.25,375,0.8613124761541396
NHB female,71.33333333333333,376,0.861884776802747
NHB female,71.41666666666667,377,0.8626096909576497
NHB female,71.5,378,0.8631056848531095
NHB female,71.58333333333333,379,0.8634490652422739
NHB female,71.66666666666667,380,0.8637161388782907
NHB female,71.75,381,0.8637924456314384
NHB female,71.83333333333333,382,0.8642121327737505
NHB female,71.91666666666667,383,0.8643647462800458
NHB female,72.0,384,0.864746280045784
NHB female,72.08333333333334,385,0.8648607401755055
NHB female,72.16666666666666,386,0.864975200305227
NHB female,72.25,387,0.8650515070583746
NHB female,72.33333333333334,388,0.8651278138115224
NHB female,72.41666666666666,389,0.8652804273178176
NHB female,72.5,390,0.8655475009538344
NHB female,72.58333333333334,391,0.8656238077069821
NHB female,72.66666666666666,392,0.8657764212132774
NHB female,72.75,393,0.8659290347195727
NHB female,72.83333333333334,394,0.8661198016024418
NHB female,72.91666666666666,395,0.8661961083555895
NHB female,73.0,396,0.8663868752384586
NHB female,73.08333333333334,397,0.8667302556276231
NHB female,73.16666666666666,398,0.8671499427699352
NHB female,73.25,399,0.867378863029378
NHB female,73.33333333333334,400,0.8677603967951164
NHB female,73.41666666666666,401,0.8679130103014117
NHB female,73.5,402,0.8681419305608546
NHB female,73.58333333333334,403,0.8683708508202976
NHB female,73.66666666666666,404,0.8685997710797405
NHB female,73.75,405,0.8689049980923311
NHB female,73.83333333333334,406,0.869400991987791
NHB female,73.91666666666666,407,0.8697062190003816
NHB female,74.0,408,0.8700877527661198
NHB female,74.08333333333334,409,0.870278519648989
NHB female,74.16666666666666,410,0.8711178939336132
NHB female,74.25,411,0.8712323540633347
NHB female,74.33333333333334,412,0.8716520412056467
NHB female,74.41666666666666,413,0.8718809614650896
NHB female,74.5,414,0.8721480351011065
NHB female,74.58333333333334,415,0.8724151087371232
NHB female,74.66666666666666,416,0.8725677222434185
NHB female,74.75,417,0.8726058756199924
NHB female,74.83333333333334,418,0.8728347958794354
NHB female,74.91666666666666,419,0.8731018695154521
NHB female,75.0,420,0.8731781762685997
NHB female,75.08333333333334,421,0.8734452499046166
NHB female,75.16666666666666,422,0.8737123235406333
NHB female,75.25,423,0.8738267836703548
NHB female,75.33333333333334,424,0.8740938573063716
NHB female,75.41666666666666,425,0.8743990843189622
NHB female,75.5,426,0.8746280045784052
NHB female,75.58333333333334,427,0.8749332315909958
NHB female,75.66666666666666,428,0.8752766119801603
NHB female,75.75,429,0.875543685616177
NHB female,75.83333333333334,430,0.8756962991224724
NHB female,75.91666666666666,431,0.8760778328882106
NHB female,76.0,432,0.8763830599008012
NHB female,76.08333333333334,433,0.8764975200305227
NHB female,76.16666666666666,434,0.876650133536818
NHB female,76.25,435,0.876650133536818
NHB female,76.33333333333334,436,0.8767264402899657
NHB female,76.41666666666666,437,0.876879053796261
NHB female,76.5,438,0.8769935139259825
NHB female,76.58333333333334,439,0.8769935139259825
NHB female,76.66666666666666,440,0.8770316673025563
NHB female,76.75,441,0.8770316673025563
NHB female,76.83333333333334,442,0.8771461274322777
NHB female,76.91666666666666,443,0.8772605875619992
NHB female,77.0,444,0.8774132010682946
NHB female,77.08333333333334,445,0.8776039679511637
NHB female,77.16666666666666,446,0.8777947348340328
NHB female,77.25,447,0.8779091949637543
NHB female,77.33333333333334,448,0.8780618084700496
NHB female,77.41666666666666,449,0.8782525753529188
NHB female,77.5,450,0.8787485692483785
NHB female,77.58333333333334,451,0.8789774895078214
NHB female,77.66666666666666,452,0.8790919496375429
NHB female,77.75,453,0.8791682563906906
NHB female,77.83333333333334,454,0.8792064097672644
NHB female,77.91666666666666,455,0.8794353300267074
NHB female,78.0,456,0.8795879435330026
NHB female,78.08333333333334,457,0.8797024036627241
NHB female,78.16666666666666,458,0.879969477298741
NHB female,78.25,459,0.8801602441816101
NHB female,78.33333333333334,460,0.8804273178176268
NHB female,78.41666666666666,461,0.880618084700496
NHB female,78.5,462,0.880847004959939
NHB female,78.58333333333334,463,0.8810759252193819
NHB female,78.66666666666666,464,0.8813429988553987
NHB female,78.75,465,0.8816100724914155
NHB female,78.83333333333334,466,0.8817245326211369
NHB female,78.91666666666666,467,0.8820297596337275
NHB female,79.0,468,0.8822205265165968
NHB female,79.08333333333334,469,0.8826783670354826
NHB female,79.16666666666666,470,0.8827928271652041
NHB female,79.25,471,0.8829454406714994
NHB female,79.33333333333334,472,0.88325066768409
NHB female,79.41666666666666,473,0.8834414345669592
NHB female,79.5,474,0.883708508202976
NHB female,79.58333333333334,475,0.8837466615795498
NHB female,79.66666666666666,476,0.883937428462419
NHB female,79.75,477,0.8840900419687142
NHB female,79.83333333333334,478,0.8842808088515833
NHB female,79.91666666666666,479,0.8844715757344525
NHB female,80.0,480,0.884586035864174
NHB female,80.08333333333334,481,0.8846623426173217
NHB female,80.16666666666666,482,0.8847004959938954
NHB female,80.25,483,0.8847768027470431
NHB female,80.33333333333334,484,0.8848531095001908
NHB female,80.41666666666666,485,0.8848912628767646
NHB female,80.5,486,0.8850057230064861
NHB female,80.58333333333334,487,0.8850438763830599
NHB female,80.66666666666666,488,0.8850438763830599
NHB female,80.75,489,0.8850820297596337
NHB female,80.83333333333334,490,0.8853872567722243
NHB female,80.91666666666666,491,0.8855017169019458
NHB female,81.0,492,0.8856161770316673
NHB female,81.08333333333334,493,0.8856543304082412
NHB female,81.16666666666666,494,0.8859595574208318
NHB female,81.25,495,0.886112170927127
NHB female,81.33333333333334,496,0.8863029378099961
NHB female,81.41666666666666,497,0.8863792445631439
NHB female,81.5,498,0.8865318580694391
NHB female,81.58333333333334,499,0.886570011446013
NHB female,81.66666666666666,500,0.886798931705456
NHB female,81.75,501,0.8868752384586036
NHB female,81.83333333333334,502,0.8869515452117512
NHB female,81.91666666666666,503,0.8871423120946204
NHB female,82.0,504,0.8872949256009157
NHB female,82.08333333333334,505,0.887676459366654
NHB female,82.16666666666666,506,0.8877527661198016
NHB female,82.25,507,0.8879435330026707
NHB female,82.33333333333334,508,0.8881342998855398
NHB female,82.41666666666666,509,0.8883632201449828
NHB female,82.5,510,0.8885158336512782
NHB female,82.58333333333334,511,0.8885539870278519
NHB female,82.66666666666666,512,0.8885921404044258
NHB female,82.75,513,0.8885921404044258
NHB female,82.83333333333334,514,0.8888210606638688
NHB female,82.91666666666666,515,0.8888592140404425
NHB female,83.0,516,0.8890118275467379
NHB female,83.08333333333334,517,0.8890881342998855
NHB female,83.16666666666666,518,0.8893170545593285
NHB female,83.25,519,0.88943151468905
NHB female,83.33333333333334,520,0.8895841281953453
NHB female,83.41666666666666,521,0.8896985883250668
NHB female,83.5,522,0.8897367417016406
NHB female,83.58333333333334,523,0.8900038153376574
NHB female,83.66666666666666,524,0.8902708889736741
NHB female,83.75,525,0.8903471957268219
NHB female,83.83333333333334,526,0.8905761159862647
NHB female,83.91666666666666,527,0.8908050362457077
NHB female,84.0,528,0.8908813429988554
NHB female,84.08333333333334,529,0.8909194963754292
NHB female,84.16666666666666,530,0.8909576497520031
NHB female,84.25,531,0.8909576497520031
NHB female,84.33333333333334,532,0.8909958031285768
NHB female,84.41666666666666,533,0.8910339565051507
NHB female,84.5,534,0.8910721098817246
NHB female,84.58333333333334,535,0.8911102632582983
NHB female,84.66666666666666,536,0.891186570011446
NHB female,84.75,537,0.8912247233880198
NHB female,84.83333333333334,538,0.8912247233880198
NHB female,84.91666666666666,539,0.8912247233880198
NHB female,85.0,540,0.8912247233880198
NHB female,85.08333333333334,541,0.8912247233880198
NHB female,85.16666666666666,542,0.8912628767645937
NHB female,85.25,543,0.891415490270889
NHB female,85.33333333333334,544,0.8914917970240366
NHB female,85.41666666666666,545,0.8915299504006104
NHB female,85.5,546,0.8915299504006104
NHB female,85.58333333333334,547,0.8916444105303319
NHB female,85.66666666666666,548,0.8918351774132011
NHB female,85.75,549,0.8919496375429226
NHB female,85.83333333333334,550,0.8920259442960702
NHB female,85.91666666666666,551,0.8921404044257917
NHB female,86.0,552,0.892293017932087
NHB female,86.08333333333334,553,0.8923311713086608
NHB female,86.16666666666666,554,0.8923693246852347
NHB female,86.25,555,0.8924456314383823
NHB female,86.33333333333334,556,0.8925219381915299
NHB female,86.41666666666666,557,0.8927508584509729
NHB female,86.5,558,0.8927890118275468
NHB female,86.58333333333334,559,0.892941625333842
NHB female,86.66666666666666,560,0.8929797787104159
NHB female,86.75,561,0.8930560854635635
NHB female,86.83333333333334,562,0.8930560854635635
NHB female,86.91666666666666,563,0.8931323922167111
NHB female,87.0,564,0.8932468523464326
NHB female,87.08333333333334,565,0.893399465852728
NHB female,87.16666666666666,566,0.893399465852728
NHB female,87.25,567,0.8934757726058756
NHB female,87.33333333333334,568,0.8935520793590233
NHB female,87.41666666666666,569,0.8937428462418924
NHB female,87.5,570,0.8940099198779092
NHB female,87.58333333333334,571,0.8941625333842045
NHB female,87.66666666666666,572,0.8942006867607784
NHB female,87.75,573,0.8942388401373521
NHB female,87.83333333333334,574,0.8943533002670736
NHB female,87.91666666666666,575,0.8944677603967951
NHB female,88.0,576,0.8945440671499427
NHB female,88.08333333333334,577,0.8945822205265166
NHB female,88.16666666666666,578,0.8945822205265166
NHB female,88.25,579,0.894734834032812
NHB female,88.33333333333334,580,0.894734834032812
NHB female,88.41666666666666,581,0.8947729874093857
NHB female,88.5,582,0.8947729874093857
NHB female,88.58333333333334,583,0.8947729874093857
NHB female,88.66666666666666,584,0.8948111407859596
NHB female,88.75,585,0.8948492941625333
NHB female,88.83333333333334,586,0.8948492941625333
NHB female,88.91666666666666,587,0.8948874475391072
NHB female,89.0,588,0.8949637542922548
NHB female,89.08333333333334,589,0.8950782144219763
NHB female,89.16666666666666,590,0.8951926745516978
NHB female,89.25,591,0.8952308279282717
NHB female,89.33333333333334,592,0.8953071346814193
NHB female,89.41666666666666,593,0.8955360549408623
NHB female,89.5,594,0.8956123616940099
NHB female,89.58333333333334,595,0.8957268218237314
NHB female,89.66666666666666,596,0.895803128576879
NHB female,89.75,597,0.895803128576879
NHB female,89.83333333333334,598,0.8959175887066005
NHB female,89.91666666666666,599,0.8959938954597482
NHB female,90.0,600,0.896032048836322
NHB female,90.08333333333334,601,0.8961083555894697
NHB female,90.16666666666666,602,0.8961846623426173
NHB female,90.25,603,0.896260969095765
NHB female,90.33333333333334,604,0.8962991224723388
NHB female,90.41666666666666,605,0.8963372758489127
NHB female,90.5,606,0.8964135826020603
NHB female,90.58333333333334,607,0.8965280427317818
NHB female,90.66666666666666,608,0.8965661961083556
NHB female,90.75,609,0.8966043494849294
NHB female,90.83333333333334,610,0.8966425028615033
NHB female,90.91666666666666,611,0.896680656238077
NHB female,91.0,612,0.8967569629912248
NHB female,91.08333333333334,613,0.8968332697443724
NHB female,91.16666666666666,614,0.8970240366272415
NHB female,91.25,615,0.8970621900038154
NHB female,91.33333333333334,616,0.8972148035101106
NHB female,91.41666666666666,617,0.8972911102632583
NHB female,91.5,618,0.897367417016406
NHB female,91.58333333333334,619,0.897367417016406
NHB female,91.66666666666666,620,0.8974437237695536
NHB female,91.75,621,0.8975200305227012
NHB female,91.83333333333334,622,0.8975581838992751
NHB female,91.91666666666666,623,0.8976344906524227
NHB female,92.0,624,0.8976344906524227
NHB female,92.08333333333334,625,0.8976344906524227
NHB female,92.16666666666666,626,0.8976344906524227
NHB female,92.25,627,0.8976344906524227
NHB female,92.33333333333334,628,0.8976344906524227
NHB female,92.41666666666666,629,0.8976726440289966
NHB female,92.5,630,0.8976726440289966
NHB female,92.58333333333334,631,0.8976726440289966
NHB female,92.66666666666666,632,0.8976726440289966
NHB female,92.75,633,0.8976726440289966
NHB female,92.83333333333334,634,0.8977107974055704
NHB female,92.91666666666666,635,0.8977107974055704
NHB female,93.0,636,0.8977107974055704
NHB female,93.08333333333334,637,0.8977489507821442
NHB female,93.16666666666666,638,0.8977489507821442
NHB female,93.25,639,0.8977871041587181
NHB female,93.33333333333334,640,0.8979015642884395
NHB female,93.41666666666666,641,0.8979397176650133
NHB female,93.5,642,0.8979778710415872
NHB female,93.58333333333334,643,0.8979778710415872
NHB female,93.66666666666666,644,0.8979778710415872
NHB female,93.75,645,0.898016024418161
NHB female,93.83333333333334,646,0.8980541777947348
NHB female,93.91666666666666,647,0.8980541777947348
NHB female,94.0,648,0.8980541777947348
NHB female,94.08333333333334,649,0.8980923311713087
NHB female,94.16666666666666,650,0.8981686379244563
NHB female,94.25,651,0.898244944677604
NHB female,94.33333333333334,652,0.8984357115604731
NHB female,94.41666666666666,653,0.8985120183136207
NHB female,94.5,654,0.8985120183136207
NHB female,94.58333333333334,655,0.8985501716901946
NHB female,94.66666666666666,656,0.8985883250667684
NHB female,94.75,657,0.8985883250667684
NHB female,94.83333333333334,658,0.8985883250667684
NHB female,94.91666666666666,659,0.8985883250667684
NHB female,95.0,660,0.8986646318199161
NHB female,95.08333333333334,661,0.8987409385730637
NHB female,95.16666666666666,662,0.8988172453262113
NHB female,95.25,663,0.8989698588325067
NHB female,95.33333333333334,664,0.8990080122090806
NHB female,95.41666666666666,665,0.8990080122090806
NHB female,95.5,666,0.8990080122090806
NHB female,95.58333333333334,667,0.8990080122090806
NHB female,95.66666666666666,668,0.8990080122090806
NHB female,95.75,669,0.8990080122090806
NHB female,95.83333333333334,670,0.8990080122090806
NHB female,95.91666666666666,671,0.8990080122090806
NHB female,96.0,672,0.8990080122090806
NHB female,96.08333333333334,673,0.8990080122090806
NHB female,96.16666666666666,674,0.8990080122090806
NHB female,96.25,675,0.8990080122090806
NHB female,96.33333333333334,676,0.8990461655856543
NHB female,96.41666666666666,677,0.8990843189622282
NHB female,96.5,678,0.8991224723388019
NHB female,96.58333333333334,679,0.8991224723388019
NHB female,96.66666666666666,680,0.8991224723388019
NHB female,96.75,681,0.8991224723388019
NHB female,96.83333333333334,682,0.8991224723388019
NHB female,96.91666666666666,683,0.8991224723388019
NHB female,97.0,684,0.8991224723388019
NHB female,97.08333333333334,685,0.8991224723388019
NHB female,97.16666666666666,686,0.8991224723388019
NHB female,97.25,687,0.8991606257153758
NHB female,97.33333333333334,688,0.8991606257153758
NHB female,97.41666666666666,689,0.8993132392216712
NHB female,97.5,690,0.8993132392216712
NHB female,97.58333333333334,691,0.8993513925982449
NHB female,97.66666666666666,692,0.8993895459748188
NHB female,97.75,693,0.8994276993513926
NHB female,97.83333333333334,694,0.8994276993513926
NHB female,97.91666666666666,695,0.8994276993513926
NHB female,98.0,696,0.8994276993513926
NHB female,98.08333333333334,697,0.8994276993513926
NHB female,98.16666666666666,698,0.8994658527279664
NHB female,98.25,699,0.8994658527279664
NHB female,98.33333333333334,700,0.8995040061045403
NHB female,98.41666666666666,701,0.8995040061045403
NHB female,98.5,702,0.8995040061045403
NHB female,98.58333333333334,703,0.8995040061045403
NHB female,98.66666666666666,704,0.899542159481114
NHB female,98.75,705,0.8995803128576879
NHB female,98.83333333333334,706,0.8995803128576879
NHB female,98.91666666666666,707,0.8995803128576879
NHB female,99.0,708,0.8995803128576879
NHB female,99.08333333333334,709,0.8995803128576879
NHB female,99.16666666666666,710,0.8995803128576879
NHB female,99.25,711,0.8995803128576879
NHB female,99.33333333333334,712,0.8995803128576879
NHB female,99.41666666666666,713,0.8995803128576879
NHB female,99.5,714,0.8995803128576879
NHB female,99.58333333333334,715,0.8995803128576879
NHB female,99.66666666666666,716,0.8995803128576879
NHB female,99.75,717,0.8996184662342618
NHB female,99.83333333333334,718,0.8996184662342618
NHB female,99.91666666666666,719,0.8996184662342618
NHB female,100.0,720,0.8996566196108355
NHB female,100.08333333333334,721,0.8996566196108355
NHB female,100.16666666666666,722,0.8996566196108355
NHB female,100.25,723,0.8996566196108355
NHB female,100.33333333333334,724,0.8996566196108355
NHB female,100.41666666666666,725,0.8996566196108355
NHB male,40.0,0,0.6362757461118117
NHB male,40.083333333333336,1,0.6362757461118117
NHB male,40.166666666666664,2,0.6362757461118117
NHB male,40.25,3,0.6362757461118117
NHB male,40.333333333333336,4,0.6362757461118117
NHB male,40.416666666666664,5,0.6362757461118117
NHB male,40.5,6,0.6362757461118117
NHB male,40.583333333333336,7,0.6362757461118117
NHB male,40.666666666666664,8,0.6362757461118117
NHB male,40.75,9,0.6362757461118117
NHB male,40.833333333333336,10,0.6362757461118117
NHB male,40.916666666666664,11,0.6362757461118117
NHB male,41.0,12,0.6362757461118117
NHB male,41.083333333333336,13,0.6556116015132408
NHB male,41.166666666666664,14,0.6570407734342161
NHB male,41.25,15,0.6584699453551912
NHB male,41.333333333333336,16,0.6596469104665826
NHB male,41.416666666666664,17,0.6611181168558218
NHB male,41.5,18,0.6626313577133249
NHB male,41.583333333333336,19,0.6640605296343002
NHB male,41.666666666666664,20,0.6685582177385456
NHB male,41.75,21,0.6699033207229929
NHB male,41.833333333333336,22,0.6711643547709122
NHB male,41.916666666666664,23,0.6723833543505675
NHB male,42.0,24,0.6796553173602354
NHB male,42.083333333333336,25,0.6824716267339218
NHB male,42.166666666666664,26,0.6836485918453131
NHB male,42.25,27,0.6880622110130307
NHB male,42.333333333333336,28,0.6894493484657419
NHB male,42.416666666666664,29,0.6908785203867172
NHB male,42.5,30,0.6923497267759563
NHB male,42.583333333333336,31,0.6944514501891551
NHB male,42.666666666666664,32,0.6989911727616646
NHB male,42.75,33,0.700042034468264
NHB male,42.833333333333336,34,0.7015132408575031
NHB male,42.916666666666664,35,0.7028583438419505
NHB male,43.0,36,0.7042034468263977
NHB male,43.083333333333336,37,0.7057166876839008
NHB male,43.166666666666664,38,0.7074821353509878
NHB male,43.25,39,0.709037410676755
NHB male,43.333333333333336,40,0.7105086170659941
NHB male,43.416666666666664,41,0.7117276166456494
NHB male,43.5,42,0.7127784783522488
NHB male,43.583333333333336,43,0.7140395124001682
NHB male,43.666666666666664,44,0.7154266498528794
NHB male,43.75,45,0.7170239596469105
NHB male,43.833333333333336,46,0.7184951660361496
NHB male,43.916666666666664,47,0.7200924758301808
NHB male,44.0,48,0.7216477511559479
NHB male,44.083333333333336,49,0.7224464060529634
NHB male,44.166666666666664,50,0.7234131988230349
NHB male,44.25,51,0.7242959226565784
NHB male,44.333333333333336,52,0.7253047498949138
NHB male,44.416666666666664,53,0.7262715426649853
NHB male,44.5,54,0.7271122320302649
NHB male,44.583333333333336,55,0.7279529213955444
NHB male,44.666666666666664,56,0.7291298865069357
NHB male,44.75,57,0.7299705758722153
NHB male,44.833333333333336,58,0.7308953341740227
NHB male,44.916666666666664,59,0.7316099201345103
NHB male,45.0,60,0.7325346784363178
NHB male,45.083333333333336,61,0.733963850357293
NHB male,45.166666666666664,62,0.7352669188734763
NHB male,45.25,63,0.7365699873896595
NHB male,45.333333333333336,64,0.737452711223203
NHB male,45.416666666666664,65,0.7385035729298024
NHB male,45.5,66,0.7395544346364018
NHB male,45.583333333333336,67,0.7404791929382093
NHB male,45.666666666666664,68,0.7415300546448087
NHB male,45.75,69,0.742791088692728
NHB male,45.833333333333336,70,0.7442622950819672
NHB male,45.916666666666664,71,0.7457335014712064
NHB male,46.0,72,0.7470786044556537
NHB male,46.083333333333336,73,0.748255569567045
NHB male,46.166666666666664,74,0.7496006725514922
NHB male,46.25,75,0.7508196721311475
NHB male,46.333333333333336,76,0.7519966372425388
NHB male,46.416666666666664,77,0.7533417402269861
NHB male,46.5,78,0.7547288776796973
NHB male,46.583333333333336,79,0.7557377049180328
NHB male,46.666666666666664,80,0.7567885666246322
NHB male,46.75,81,0.7578394283312316
NHB male,46.833333333333336,82,0.758890290037831
NHB male,46.916666666666664,83,0.7599831862126945
NHB male,47.0,84,0.7611181168558218
NHB male,47.083333333333336,85,0.7619167717528373
NHB male,47.166666666666664,86,0.7630937368642287
NHB male,47.25,87,0.7637662883564523
NHB male,47.333333333333336,88,0.7649432534678436
NHB male,47.416666666666664,89,0.7656998738965952
NHB male,47.5,90,0.7669188734762505
NHB male,47.583333333333336,91,0.767801597309794
NHB male,47.666666666666664,92,0.7689365279529214
NHB male,47.75,93,0.7700294241277847
NHB male,47.833333333333336,94,0.7712063892391762
NHB male,47.916666666666664,95,0.7723413198823035
NHB male,48.0,96,0.7738965952080706
NHB male,48.083333333333336,97,0.7747372845733501
NHB male,48.166666666666664,98,0.7755779739386297
NHB male,48.25,99,0.7761244220260614
NHB male,48.333333333333336,100,0.7768390079865489
NHB male,48.416666666666664,101,0.7774695250105086
NHB male,48.5,102,0.7781841109709963
NHB male,48.583333333333336,103,0.7788566624632198
NHB male,48.666666666666664,104,0.7794451450189155
NHB male,48.75,105,0.7802437999159311
NHB male,48.833333333333336,106,0.7807061790668348
NHB male,48.916666666666664,107,0.7813787305590584
NHB male,49.0,108,0.782261454392602
NHB male,49.083333333333336,109,0.7835224884405212
NHB male,49.166666666666664,110,0.7843211433375368
NHB male,49.25,111,0.7851618327028164
NHB male,49.333333333333336,112,0.7859184531315679
NHB male,49.416666666666664,113,0.7868852459016393
NHB male,49.5,114,0.787473728457335
NHB male,49.583333333333336,115,0.7886086591004624
NHB male,49.666666666666664,116,0.7895334174022699
NHB male,49.75,117,0.7904161412358134
NHB male,49.833333333333336,118,0.791088692728037
NHB male,49.916666666666664,119,0.7918453131567885
NHB male,50.0,120,0.792770071458596
NHB male,50.083333333333336,121,0.7936107608238756
NHB male,50.166666666666664,122,0.7943673812526272
NHB male,50.25,123,0.7950819672131147
NHB male,50.333333333333336,124,0.7957965531736023
NHB male,50.416666666666664,125,0.7966372425388819
NHB male,50.5,126,0.7975620008406894
NHB male,50.583333333333336,127,0.7984867591424969
NHB male,50.666666666666664,128,0.800084068936528
NHB male,50.75,129,0.8012610340479193
NHB male,50.833333333333336,130,0.8023118957545187
NHB male,50.916666666666664,131,0.8027742749054224
NHB male,51.0,132,0.8040353089533417
NHB male,51.083333333333336,133,0.8046237915090374
NHB male,51.166666666666664,134,0.8055485498108449
NHB male,51.25,135,0.8062211013030686
NHB male,51.333333333333336,136,0.807103825136612
NHB male,51.416666666666664,137,0.8081967213114755
NHB male,51.5,138,0.8086591004623791
NHB male,51.583333333333336,139,0.8094997898276587
NHB male,51.666666666666664,140,0.8103825136612022
NHB male,51.75,141,0.8110130306851618
NHB male,51.833333333333336,142,0.8121059268600253
NHB male,51.916666666666664,143,0.8130306851618327
NHB male,52.0,144,0.8140395124001681
NHB male,52.083333333333336,145,0.8147540983606557
NHB male,52.166666666666664,146,0.8151324085750316
NHB male,52.25,147,0.8155107187894073
NHB male,52.333333333333336,148,0.815931063472047
NHB male,52.416666666666664,149,0.8163514081546869
NHB male,52.5,150,0.8166876839007986
NHB male,52.583333333333336,151,0.8171500630517023
NHB male,52.666666666666664,152,0.817822614543926
NHB male,52.75,153,0.8181588902900379
NHB male,52.833333333333336,154,0.8187473728457335
NHB male,52.916666666666664,155,0.8191677175283733
NHB male,53.0,156,0.819672131147541
NHB male,53.083333333333336,157,0.8205968894493485
NHB male,53.166666666666664,158,0.821395544346364
NHB male,53.25,159,0.8235813366960908
NHB male,53.333333333333336,160,0.8258932324506095
NHB male,53.416666666666664,161,0.8266078184110971
NHB male,53.5,162,0.8276586801176965
NHB male,53.583333333333336,163,0.8282051282051283
NHB male,53.666666666666664,164,0.8299705758722152
NHB male,53.75,165,0.830348886086591
NHB male,53.833333333333336,166,0.8308953341740227
NHB male,53.916666666666664,167,0.8318621269440941
NHB male,54.0,168,0.8324926439680538
NHB male,54.083333333333336,169,0.8329970575872215
NHB male,54.166666666666664,170,0.8347204707860446
NHB male,54.25,171,0.8355191256830601
NHB male,54.333333333333336,172,0.8363177805800757
NHB male,54.416666666666664,173,0.8368642286675073
NHB male,54.5,174,0.8373686422866751
NHB male,54.583333333333336,175,0.8380832282471626
NHB male,54.666666666666664,176,0.8386296763345944
NHB male,54.75,177,0.8392181588902901
NHB male,54.833333333333336,178,0.8397225725094578
NHB male,54.916666666666664,179,0.8406052963430013
NHB male,55.0,180,0.8414880201765448
NHB male,55.083333333333336,181,0.8421185372005044
NHB male,55.166666666666664,182,0.8427490542244641
NHB male,55.25,183,0.8435897435897436
NHB male,55.333333333333336,184,0.8443463640184952
NHB male,55.416666666666664,185,0.8448087431693989
NHB male,55.5,186,0.8454392601933586
NHB male,55.583333333333336,187,0.8460277427490542
NHB male,55.666666666666664,188,0.8467002942412778
NHB male,55.75,189,0.8470786044556536
NHB male,55.833333333333336,190,0.8477091214796133
NHB male,55.916666666666664,191,0.8492223623371165
NHB male,56.0,192,0.8497267759562842
NHB male,56.08333333333333,193,0.8501891551071878
NHB male,56.16666666666667,194,0.8506515342580916
NHB male,56.25,195,0.8511979823455234
NHB male,56.33333333333333,196,0.8514922236233712
NHB male,56.41666666666667,197,0.8521227406473308
NHB male,56.5,198,0.8524590163934426
NHB male,56.58333333333333,199,0.8527952921395544
NHB male,56.66666666666667,200,0.8530474989491383
NHB male,56.75,201,0.8534678436317781
NHB male,56.83333333333333,202,0.853635981504834
NHB male,56.91666666666667,203,0.8541403951240016
NHB male,57.0,204,0.8543926019335856
NHB male,57.08333333333333,205,0.8548129466162253
NHB male,57.16666666666667,206,0.8551492223623371
NHB male,57.25,207,0.855485498108449
NHB male,57.33333333333333,208,0.8560319461958806
NHB male,57.41666666666667,209,0.8563682219419925
NHB male,57.5,210,0.8568306010928962
NHB male,57.58333333333333,211,0.857250945775536
NHB male,57.66666666666667,212,0.8580075662042875
NHB male,57.75,213,0.8585119798234553
NHB male,57.83333333333333,214,0.858890290037831
NHB male,57.91666666666667,215,0.8595628415300547
NHB male,58.0,216,0.8603194619588063
NHB male,58.08333333333333,217,0.8610340479192938
NHB male,58.16666666666667,218,0.8615804960067255
NHB male,58.25,219,0.8620849096258932
NHB male,58.33333333333333,220,0.862589323245061
NHB male,58.41666666666667,221,0.8633039092055486
NHB male,58.5,222,0.8638503572929802
NHB male,58.58333333333333,223,0.864186633039092
NHB male,58.66666666666667,224,0.8649012189995796
NHB male,58.75,225,0.8654056326187474
NHB male,58.83333333333333,226,0.8659100462379151
NHB male,58.91666666666667,227,0.8664985287936108
NHB male,59.0,228,0.8670449768810424
NHB male,59.08333333333333,229,0.8673392181588903
NHB male,59.16666666666667,230,0.867843631778058
NHB male,59.25,231,0.8684741488020177
NHB male,59.33333333333333,232,0.8688524590163934
NHB male,59.41666666666667,233,0.8692728036990333
NHB male,59.5,234,0.8697772173182009
NHB male,59.58333333333333,235,0.8704077343421606
NHB male,59.66666666666667,236,0.8709962168978562
NHB male,59.75,237,0.87145859604876
NHB male,59.83333333333333,238,0.8719209751996637
NHB male,59.91666666666667,239,0.8722572509457756
NHB male,60.0,240,0.8726355611601513
NHB male,60.08333333333333,241,0.8729718369062631
NHB male,60.16666666666667,242,0.873308112652375
NHB male,60.25,243,0.8735603194619588
NHB male,60.33333333333333,244,0.8738125262715427
NHB male,60.41666666666667,245,0.8741067675493905
NHB male,60.5,246,0.8742749054224465
NHB male,60.58333333333333,247,0.8744850777637663
NHB male,60.66666666666667,248,0.8745271122320303
NHB male,60.75,249,0.8748213535098781
NHB male,60.83333333333333,250,0.8752416981925178
NHB male,60.91666666666667,251,0.8753257671290459
NHB male,61.0,252,0.8757040773434216
NHB male,61.08333333333333,253,0.8763766288356453
NHB male,61.16666666666667,254,0.876754939050021
NHB male,61.25,255,0.8770071458596049
NHB male,61.33333333333333,256,0.8774274905422447
NHB male,61.41666666666667,257,0.8778058007566204
NHB male,61.5,258,0.8781841109709962
NHB male,61.58333333333333,259,0.8785203867171081
NHB male,61.66666666666667,260,0.8790248003362757
NHB male,61.75,261,0.8795292139554435
NHB male,61.83333333333333,262,0.8798234552332913
NHB male,61.91666666666667,263,0.8799495586380832
NHB male,62.0,264,0.880285834384195
NHB male,62.08333333333333,265,0.8806641445985708
NHB male,62.16666666666667,266,0.8809163514081547
NHB male,62.25,267,0.8813366960907945
NHB male,62.33333333333333,268,0.8815889029003783
NHB male,62.41666666666667,269,0.8817990752416982
NHB male,62.5,270,0.88213535098781
NHB male,62.58333333333333,271,0.882261454392602
NHB male,62.66666666666667,272,0.8825977301387138
NHB male,62.75,273,0.8831021437578814
NHB male,62.83333333333333,274,0.8834384195039933
NHB male,62.91666666666667,275,0.8837326607818411
NHB male,63.0,276,0.8844472467423287
NHB male,63.08333333333333,277,0.8847835224884405
NHB male,63.16666666666667,278,0.8851618327028163
NHB male,63.25,279,0.8855401429171921
NHB male,63.33333333333333,280,0.8858343841950399
NHB male,63.41666666666667,281,0.8862126944094157
NHB male,63.5,282,0.8865489701555276
NHB male,63.58333333333333,283,0.8868011769651114
NHB male,63.66666666666667,284,0.8868852459016393
NHB male,63.75,285,0.887473728457335
NHB male,63.83333333333333,286,0.8878940731399748
NHB male,63.91666666666667,287,0.8882723833543505
NHB male,64.0,288,0.8885245901639345
NHB male,64.08333333333333,289,0.8885245901639345
NHB male,64.16666666666667,290,0.8887347625052543
NHB male,64.25,291,0.8888188314417823
NHB male,64.33333333333333,292,0.8889449348465742
NHB male,64.41666666666667,293,0.88932324506095
NHB male,64.5,294,0.8894493484657419
NHB male,64.58333333333333,295,0.8894913829340059
NHB male,64.66666666666667,296,0.8895754518705339
NHB male,64.75,297,0.8897015552753258
NHB male,64.83333333333333,298,0.8897856242118537
NHB male,64.91666666666667,299,0.8899117276166456
NHB male,65.0,300,0.8900378310214376
NHB male,65.08333333333333,301,0.8902900378310215
NHB male,65.16666666666667,302,0.8906683480453972
NHB male,65.25,303,0.890962589323245
NHB male,65.33333333333333,304,0.8912568306010928
NHB male,65.41666666666667,305,0.8915931063472047
NHB male,65.5,306,0.8920134510298444
NHB male,65.58333333333333,307,0.8921395544346364
NHB male,65.66666666666667,308,0.8924337957124843
NHB male,65.75,309,0.8925178646490122
NHB male,65.83333333333333,310,0.8927280369903321
NHB male,65.91666666666667,311,0.8929382093316519
NHB male,66.0,312,0.8930643127364439
NHB male,66.08333333333333,313,0.8932324506094997
NHB male,66.16666666666667,314,0.8934005884825557
NHB male,66.25,315,0.8937788986969315
NHB male,66.33333333333333,316,0.8940311055065153
NHB male,66.41666666666667,317,0.8943253467843632
NHB male,66.5,318,0.8944514501891551
NHB male,66.58333333333333,319,0.8947456914670029
NHB male,66.66666666666667,320,0.8949558638083228
NHB male,66.75,321,0.8951240016813787
NHB male,66.83333333333333,322,0.8955023118957545
NHB male,66.91666666666667,323,0.8957124842370744
NHB male,67.0,324,0.8960907944514502
NHB male,67.08333333333333,325,0.896258932324506
NHB male,67.16666666666667,326,0.8963850357292981
NHB male,67.25,327,0.8965952080706179
NHB male,67.33333333333333,328,0.8967213114754098
NHB male,67.41666666666667,329,0.8970575872215216
NHB male,67.5,330,0.8973097940311056
NHB male,67.58333333333333,331,0.8975620008406894
NHB male,67.66666666666667,332,0.8977721731820092
NHB male,67.75,333,0.8978982765868012
NHB male,67.83333333333333,334,0.898276586801177
NHB male,67.91666666666667,335,0.8984447246742329
NHB male,68.0,336,0.8986128625472888
NHB male,68.08333333333333,337,0.8986969314838167
NHB male,68.16666666666667,338,0.8987389659520807
NHB male,68.25,339,0.8987810004203447
NHB male,68.33333333333333,340,0.8989491382934006
NHB male,68.41666666666667,341,0.8990332072299285
NHB male,68.5,342,0.8991172761664565
NHB male,68.58333333333333,343,0.8991172761664565
NHB male,68.66666666666667,344,0.8992433795712484
NHB male,68.75,345,0.8993694829760404
NHB male,68.83333333333333,346,0.8994535519125683
NHB male,68.91666666666667,347,0.8995376208490963
NHB male,69.0,348,0.8997057587221522
NHB male,69.08333333333333,349,0.8998738965952081
NHB male,69.16666666666667,350,0.9002101723413198
NHB male,69.25,351,0.9002942412778479
NHB male,69.33333333333333,352,0.9007145859604876
NHB male,69.41666666666667,353,0.9008827238335435
NHB male,69.5,354,0.9010928961748634
NHB male,69.58333333333333,355,0.9011769651113913
NHB male,69.66666666666667,356,0.9013871374527113
NHB male,69.75,357,0.9015973097940311
NHB male,69.83333333333333,358,0.901765447667087
NHB male,69.91666666666667,359,0.9021017234131988
NHB male,70.0,360,0.9021437578814628
NHB male,70.08333333333333,361,0.9022698612862547
NHB male,70.16666666666667,362,0.9025220680958386
NHB male,70.25,363,0.9027322404371585
NHB male,70.33333333333333,364,0.9029424127784783
NHB male,70.41666666666667,365,0.9030685161832703
NHB male,70.5,366,0.9033627574611182
NHB male,70.58333333333333,367,0.903656998738966
NHB male,70.66666666666667,368,0.9038251366120219
NHB male,70.75,369,0.9039092055485498
NHB male,70.83333333333333,370,0.9040773434216057
NHB male,70.91666666666667,371,0.9042454812946616
NHB male,71.0,372,0.9043295502311895
NHB male,71.08333333333333,373,0.9044976881042455
NHB male,71.16666666666667,374,0.9046658259773014
NHB male,71.25,375,0.9047919293820933
NHB male,71.33333333333333,376,0.9049180327868852
NHB male,71.41666666666667,377,0.9050441361916772
NHB male,71.5,378,0.9051702395964691
NHB male,71.58333333333333,379,0.905254308532997
NHB male,71.66666666666667,380,0.905380411937789
NHB male,71.75,381,0.9055065153425809
NHB male,71.83333333333333,382,0.9056326187473729
NHB male,71.91666666666667,383,0.9058007566204288
NHB male,72.0,384,0.9060949978982766
NHB male,72.08333333333334,385,0.9062211013030685
NHB male,72.16666666666666,386,0.9062631357713324
NHB male,72.25,387,0.9063051702395964
NHB male,72.33333333333334,388,0.9063051702395964
NHB male,72.41666666666666,389,0.9063472047078605
NHB male,72.5,390,0.9063892391761245
NHB male,72.58333333333334,391,0.9064312736443884
NHB male,72.66666666666666,392,0.9064733081126524
NHB male,72.75,393,0.9065153425809164
NHB male,72.83333333333334,394,0.9065573770491804
NHB male,72.91666666666666,395,0.9065994115174443
NHB male,73.0,396,0.9065994115174443
NHB male,73.08333333333334,397,0.9068516183270282
NHB male,73.16666666666666,398,0.907103825136612
NHB male,73.25,399,0.907271963009668
NHB male,73.33333333333334,400,0.907313997477932
NHB male,73.41666666666666,401,0.9074821353509878
NHB male,73.5,402,0.9076082387557798
NHB male,73.58333333333334,403,0.9077343421605717
NHB male,73.66666666666666,404,0.9079024800336276
NHB male,73.75,405,0.9080285834384195
NHB male,73.83333333333334,406,0.9081967213114754
NHB male,73.91666666666666,407,0.9083228247162674
NHB male,74.0,408,0.9083648591845314
NHB male,74.08333333333334,409,0.9083648591845314
NHB male,74.16666666666666,410,0.9085329970575872
NHB male,74.25,411,0.9086591004623792
NHB male,74.33333333333334,412,0.9087852038671711
NHB male,74.41666666666666,413,0.9089953762084909
NHB male,74.5,414,0.9090374106767549
NHB male,74.58333333333334,415,0.9092475830180748
NHB male,74.66666666666666,416,0.9092475830180748
NHB male,74.75,417,0.9093736864228668
NHB male,74.83333333333334,418,0.9094157208911308
NHB male,74.91666666666666,419,0.9094997898276587
NHB male,75.0,420,0.9096258932324506
NHB male,75.08333333333334,421,0.9097940311055065
NHB male,75.16666666666666,422,0.9098781000420345
NHB male,75.25,423,0.9098781000420345
NHB male,75.33333333333334,424,0.9099621689785624
NHB male,75.41666666666666,425,0.9100042034468264
NHB male,75.5,426,0.9101723413198823
NHB male,75.58333333333334,427,0.9102143757881462
NHB male,75.66666666666666,428,0.9102984447246742
NHB male,75.75,429,0.9103404791929383
NHB male,75.83333333333334,430,0.9104245481294662
NHB male,75.91666666666666,431,0.9104665825977302
NHB male,76.0,432,0.9105086170659941
NHB male,76.08333333333334,433,0.9105506515342581
NHB male,76.16666666666666,434,0.9105506515342581
NHB male,76.25,435,0.9106347204707861
NHB male,76.33333333333334,436,0.910760823875578
NHB male,76.41666666666666,437,0.910802858343842
NHB male,76.5,438,0.9108448928121059
NHB male,76.58333333333334,439,0.9108448928121059
NHB male,76.66666666666666,440,0.9108869272803699
NHB male,76.75,441,0.9108869272803699
NHB male,76.83333333333334,442,0.9108869272803699
NHB male,76.91666666666666,443,0.9110130306851618
NHB male,77.0,444,0.9110550651534258
NHB male,77.08333333333334,445,0.9111811685582177
NHB male,77.16666666666666,446,0.9113072719630096
NHB male,77.25,447,0.9113913408995377
NHB male,77.33333333333334,448,0.9114754098360656
NHB male,77.41666666666666,449,0.9115174443043296
NHB male,77.5,450,0.9116015132408575
NHB male,77.58333333333334,451,0.9116015132408575
NHB male,77.66666666666666,452,0.9117276166456494
NHB male,77.75,453,0.9118537200504414
NHB male,77.83333333333334,454,0.9118537200504414
NHB male,77.91666666666666,455,0.9119798234552333
NHB male,78.0,456,0.9120218579234972
NHB male,78.08333333333334,457,0.9120638923917612
NHB male,78.16666666666666,458,0.9122740647330811
NHB male,78.25,459,0.9122740647330811
NHB male,78.33333333333334,460,0.9123160992013452
NHB male,78.41666666666666,461,0.912484237074401
NHB male,78.5,462,0.912484237074401
NHB male,78.58333333333334,463,0.912568306010929
NHB male,78.66666666666666,464,0.912568306010929
NHB male,78.75,465,0.9126944094157209
NHB male,78.83333333333334,466,0.9126944094157209
NHB male,78.91666666666666,467,0.9127364438839849
NHB male,79.0,468,0.9127784783522488
NHB male,79.08333333333334,469,0.9128205128205128
NHB male,79.16666666666666,470,0.9128625472887768
NHB male,79.25,471,0.9128625472887768
NHB male,79.33333333333334,472,0.9129886506935687
NHB male,79.41666666666666,473,0.9130727196300967
NHB male,79.5,474,0.9131147540983606
NHB male,79.58333333333334,475,0.9131988230348886
NHB male,79.66666666666666,476,0.9133249264396806
NHB male,79.75,477,0.9133669609079446
NHB male,79.83333333333334,478,0.9133669609079446
NHB male,79.91666666666666,479,0.9135771332492644
NHB male,80.0,480,0.9136612021857924
NHB male,80.08333333333334,481,0.9137452711223203
NHB male,80.16666666666666,482,0.9137873055905843
NHB male,80.25,483,0.9138293400588483
NHB male,80.33333333333334,484,0.9138293400588483
NHB male,80.41666666666666,485,0.9138293400588483
NHB male,80.5,486,0.9138293400588483
NHB male,80.58333333333334,487,0.9138293400588483
NHB male,80.66666666666666,488,0.9138293400588483
NHB male,80.75,489,0.9138293400588483
NHB male,80.83333333333334,490,0.9138293400588483
NHB male,80.91666666666666,491,0.9138293400588483
NHB male,81.0,492,0.9138293400588483
NHB male,81.08333333333334,493,0.9138293400588483
NHB male,81.16666666666666,494,0.9139974779319041
NHB male,81.25,495,0.9140815468684321
NHB male,81.33333333333334,496,0.914207650273224
NHB male,81.41666666666666,497,0.914207650273224
NHB male,81.5,498,0.914207650273224
NHB male,81.58333333333334,499,0.914207650273224
NHB male,81.66666666666666,500,0.914291719209752
NHB male,81.75,501,0.914291719209752
NHB male,81.83333333333334,502,0.914291719209752
NHB male,81.91666666666666,503,0.914333753678016
NHB male,82.0,504,0.91437578814628
NHB male,82.08333333333334,505,0.914417822614544
NHB male,82.16666666666666,506,0.9144598570828079
NHB male,82.25,507,0.9144598570828079
NHB male,82.33333333333334,508,0.9144598570828079
NHB male,82.41666666666666,509,0.9145018915510719
NHB male,82.5,510,0.9145018915510719
NHB male,82.58333333333334,511,0.9145018915510719
NHB male,82.66666666666666,512,0.9145439260193359
NHB male,82.75,513,0.9145859604875999
NHB male,82.83333333333334,514,0.9146279949558638
NHB male,82.91666666666666,515,0.9147961328289197
NHB male,83.0,516,0.9147961328289197
NHB male,83.08333333333334,517,0.9148381672971837
NHB male,83.16666666666666,518,0.9148381672971837
NHB male,83.25,519,0.9148802017654477
NHB male,83.33333333333334,520,0.9149222362337116
NHB male,83.41666666666666,521,0.9149642707019756
NHB male,83.5,522,0.9150483396385036
NHB male,83.58333333333334,523,0.9151744430432955
NHB male,83.66666666666666,524,0.9152585119798234
NHB male,83.75,525,0.9153005464480874
NHB male,83.83333333333334,526,0.9153005464480874
NHB male,83.91666666666666,527,0.9153425809163515
NHB male,84.0,528,0.9153425809163515
NHB male,84.08333333333334,529,0.9153425809163515
NHB male,84.16666666666666,530,0.9153425809163515
NHB male,84.25,531,0.9153425809163515
NHB male,84.33333333333334,532,0.9153425809163515
NHB male,84.41666666666666,533,0.9153425809163515
NHB male,84.5,534,0.9153425809163515
NHB male,84.58333333333334,535,0.9153846153846154
NHB male,84.66666666666666,536,0.9153846153846154
NHB male,84.75,537,0.9153846153846154
NHB male,84.83333333333334,538,0.9153846153846154
NHB male,84.91666666666666,539,0.9153846153846154
NHB male,85.0,540,0.9153846153846154
NHB male,85.08333333333334,541,0.9153846153846154
NHB male,85.16666666666666,542,0.9153846153846154
NHB male,85.25,543,0.9154266498528794
NHB male,85.33333333333334,544,0.9154266498528794
NHB male,85.41666666666666,545,0.9154266498528794
NHB male,85.5,546,0.9154686843211434
NHB male,85.58333333333334,547,0.9154686843211434
NHB male,85.66666666666666,548,0.9155107187894073
NHB male,85.75,549,0.9156368221941993
NHB male,85.83333333333334,550,0.9156368221941993
NHB male,85.91666666666666,551,0.9156368221941993
NHB male,86.0,552,0.9157208911307272
NHB male,86.08333333333334,553,0.9158049600672552
NHB male,86.16666666666666,554,0.9158049600672552
NHB male,86.25,555,0.9158469945355191
NHB male,86.33333333333334,556,0.9158469945355191
NHB male,86.41666666666666,557,0.9159310634720471
NHB male,86.5,558,0.9159310634720471
NHB male,86.58333333333334,559,0.9159310634720471
NHB male,86.66666666666666,560,0.9159310634720471
NHB male,86.75,561,0.916015132408575
NHB male,86.83333333333334,562,0.916015132408575
NHB male,86.91666666666666,563,0.916057166876839
NHB male,87.0,564,0.916099201345103
NHB male,87.08333333333334,565,0.916099201345103
NHB male,87.16666666666666,566,0.916099201345103
NHB male,87.25,567,0.916099201345103
NHB male,87.33333333333334,568,0.916099201345103
NHB male,87.41666666666666,569,0.9161412358133669
NHB male,87.5,570,0.9162253047498949
NHB male,87.58333333333334,571,0.9162253047498949
NHB male,87.66666666666666,572,0.9162673392181588
NHB male,87.75,573,0.9162673392181588
NHB male,87.83333333333334,574,0.9162673392181588
NHB male,87.91666666666666,575,0.9162673392181588
NHB male,88.0,576,0.9162673392181588
NHB male,88.08333333333334,577,0.9163093736864228
NHB male,88.16666666666666,578,0.9163093736864228
NHB male,88.25,579,0.9163093736864228
NHB male,88.33333333333334,580,0.9163514081546869
NHB male,88.41666666666666,581,0.9163514081546869
NHB male,88.5,582,0.9163514081546869
NHB male,88.58333333333334,583,0.9163514081546869
NHB male,88.66666666666666,584,0.9163514081546869
NHB male,88.75,585,0.9163514081546869
NHB male,88.83333333333334,586,0.9163514081546869
NHB male,88.91666666666666,587,0.9163514081546869
NHB male,89.0,588,0.9163514081546869
NHB male,89.08333333333334,589,0.9163934426229509
NHB male,89.16666666666666,590,0.9164354770912148
NHB male,89.25,591,0.9164354770912148
NHB male,89.33333333333334,592,0.9164354770912148
NHB male,89.41666666666666,593,0.9164354770912148
NHB male,89.5,594,0.9164354770912148
NHB male,89.58333333333334,595,0.9164775115594788
NHB male,89.66666666666666,596,0.9165615804960068
NHB male,89.75,597,0.9165615804960068
NHB male,89.83333333333334,598,0.9165615804960068
NHB male,89.91666666666666,599,0.9165615804960068
NHB male,90.0,600,0.9165615804960068
NHB male,90.08333333333334,601,0.9166036149642707
NHB male,90.16666666666666,602,0.9166036149642707
NHB male,90.25,603,0.9166456494325347
NHB male,90.33333333333334,604,0.9166876839007987
NHB male,90.41666666666666,605,0.9166876839007987
NHB male,90.5,606,0.9167297183690626
NHB male,90.58333333333334,607,0.9167297183690626
NHB male,90.66666666666666,608,0.9167717528373266
NHB male,90.75,609,0.9167717528373266
NHB male,90.83333333333334,610,0.9167717528373266
NHB male,90.91666666666666,611,0.9168137873055906
NHB male,91.0,612,0.9168558217738546
NHB male,91.08333333333334,613,0.9169398907103825
NHB male,91.16666666666666,614,0.9169398907103825
NHB male,91.25,615,0.9169819251786465
NHB male,91.33333333333334,616,0.9169819251786465
NHB male,91.41666666666666,617,0.9169819251786465
NHB male,91.5,618,0.9170239596469104
NHB male,91.58333333333334,619,0.9170239596469104
NHB male,91.66666666666666,620,0.9170239596469104
NHB male,91.75,621,0.9170239596469104
NHB male,91.83333333333334,622,0.9170239596469104
NHB male,91.91666666666666,623,0.9170239596469104
NHB male,92.0,624,0.9170239596469104
NHB male,92.08333333333334,625,0.9170239596469104
NHB male,92.16666666666666,626,0.9170239596469104
NHB male,92.25,627,0.9170239596469104
NHB male,92.33333333333334,628,0.9170239596469104
NHB male,92.41666666666666,629,0.9170239596469104
NHB male,92.5,630,0.9170239596469104
NHB male,92.58333333333334,631,0.9170239596469104
NHB male,92.66666666666666,632,0.9170239596469104
NHB male,92.75,633,0.9170239596469104
NHB male,92.83333333333334,634,0.9170239596469104
NHB male,92.91666666666666,635,0.9170239596469104
NHB male,93.0,636,0.9170239596469104
NHB male,93.08333333333334,637,0.9170659941151744
NHB male,93.16666666666666,638,0.9170659941151744
NHB male,93.25,639,0.9170659941151744
NHB male,93.33333333333334,640,0.9170659941151744
NHB male,93.41666666666666,641,0.9170659941151744
NHB male,93.5,642,0.9170659941151744
NHB male,93.58333333333334,643,0.9170659941151744
NHB male,93.66666666666666,644,0.9170659941151744
NHB male,93.75,645,0.9170659941151744
NHB male,93.83333333333334,646,0.9170659941151744
NHB male,93.91666666666666,647,0.9171080285834384
NHB male,94.0,648,0.9171080285834384
NHB male,94.08333333333334,649,0.9171080285834384
NHB male,94.16666666666666,650,0.9171500630517024
NHB male,94.25,651,0.9171500630517024
NHB male,94.33333333333334,652,0.9171920975199663
NHB male,94.41666666666666,653,0.9171920975199663
NHB male,94.5,654,0.9172341319882303
NHB male,94.58333333333334,655,0.9172341319882303
NHB male,94.66666666666666,656,0.9172761664564943
NHB male,94.75,657,0.9172761664564943
NHB male,94.83333333333334,658,0.9172761664564943
NHB male,94.91666666666666,659,0.9172761664564943
NHB male,95.0,660,0.9172761664564943
NHB male,95.08333333333334,661,0.9172761664564943
NHB male,95.16666666666666,662,0.9172761664564943
NHB male,95.25,663,0.9173182009247584
NHB male,95.33333333333334,664,0.9173182009247584
NHB male,95.41666666666666,665,0.9173182009247584
NHB male,95.5,666,0.9173182009247584
NHB male,95.58333333333334,667,0.9173182009247584
NHB male,95.66666666666666,668,0.9173182009247584
NHB male,95.75,669,0.9173182009247584
NHB male,95.83333333333334,670,0.9173182009247584
NHB male,95.91666666666666,671,0.9173182009247584
NHB male,96.0,672,0.9173182009247584
NHB male,96.08333333333334,673,0.9173182009247584
NHB male,96.16666666666666,674,0.9173182009247584
NHB male,96.25,675,0.9173182009247584
NHB male,96.33333333333334,676,0.9173182009247584
NHB male,96.41666666666666,677,0.9173182009247584
NHB male,96.5,678,0.9173182009247584
NHB male,96.58333333333334,679,0.9173182009247584
NHB male,96.66666666666666,680,0.9173182009247584
NHB male,96.75,681,0.9173182009247584
NHB male,96.83333333333334,682,0.9173182009247584
NHB male,96.91666666666666,683,0.9173182009247584
NHB male,97.0,684,0.9173182009247584
NHB male,97.08333333333334,685,0.9173182009247584
NHB male,97.16666666666666,686,0.9173182009247584
NHB male,97.25,687,0.9173182009247584
NHB male,97.33333333333334,688,0.9173182009247584
NHB male,97.41666666666666,689,0.9173182009247584
NHB male,97.5,690,0.9173182009247584
NHB male,97.58333333333334,691,0.9173182009247584
NHB male,97.66666666666666,692,0.9173182009247584
NHB male,97.75,693,0.9173182009247584
NHB male,97.83333333333334,694,0.9173182009247584
NHB male,97.91666666666666,695,0.9173182009247584
NHB male,98.0,696,0.9173182009247584
NHB male,98.08333333333334,697,0.9173182009247584
NHB male,98.16666666666666,698,0.9173182009247584
NHB male,98.25,699,0.9173182009247584
NHB male,98.33333333333334,700,0.9173182009247584
NHB male,98.41666666666666,701,0.9173182009247584
NHB male,98.5,702,0.9173182009247584
NHB male,98.58333333333334,703,0.9173182009247584
NHB male,98.66666666666666,704,0.9173182009247584
NHB male,98.75,705,0.9173182009247584
NHB male,98.83333333333334,706,0.9173182009247584
NHB male,98.91666666666666,707,0.9173182009247584
NHB male,99.0,708,0.9173182009247584
NHB male,99.08333333333334,709,0.9173182009247584
NHB male,99.16666666666666,710,0.9173182009247584
NHB male,99.25,711,0.9173182009247584
NHB male,99.33333333333334,712,0.9173182009247584
NHB male,99.41666666666666,713,0.9173182009247584
NHB male,99.5,714,0.9173182009247584
NHB male,99.58333333333334,715,0.9173182009247584
NHB male,99.66666666666666,716,0.9173602353930222
NHB male,99.75,717,0.9173602353930222
NHB male,99.83333333333334,718,0.9173602353930222
NHB male,99.91666666666666,719,0.9173602353930222
NHB male,100.0,720,0.9173602353930222
NHB male,100.08333333333334,721,0.9173602353930222
NHB male,100.16666666666666,722,0.9173602353930222
NHB male,100.25,723,0.9173602353930222
NHB male,100.33333333333334,724,0.9173602353930222
NHB male,100.41666666666666,725,0.9173602353930222
NHW female,40.0,0,0.39994500314267756
NHW female,40.083333333333336,1,0.39994500314267756
NHW female,40.166666666666664,2,0.39994500314267756
NHW female,40.25,3,0.39994500314267756
NHW female,40.333333333333336,4,0.39994500314267756
NHW female,40.416666666666664,5,0.39994500314267756
NHW female,40.5,6,0.39994500314267756
NHW female,40.583333333333336,7,0.40803739786297927
NHW female,40.666666666666664,8,0.40803739786297927
NHW female,40.75,9,0.40803739786297927
NHW female,40.833333333333336,10,0.40803739786297927
NHW female,40.916666666666664,11,0.40803739786297927
NHW female,41.0,12,0.40803739786297927
NHW female,41.083333333333336,13,0.4314503456945317
NHW female,41.166666666666664,14,0.43569296040226274
NHW female,41.25,15,0.43710716530483973
NHW female,41.333333333333336,16,0.43844280326838464
NHW female,41.416666666666664,17,0.4398570081709617
NHW female,41.5,18,0.44127121307353867
NHW female,41.583333333333336,19,0.44292111879321183
NHW female,41.666666666666664,20,0.44484600879949715
NHW female,41.75,21,0.4466137649277184
NHW female,41.833333333333336,22,0.44873507228158394
NHW female,41.916666666666664,23,0.4501492771841609
NHW female,42.0,24,0.4514456316781898
NHW female,42.083333333333336,25,0.4543133249528598
NHW female,42.166666666666664,26,0.45678818353236955
NHW female,42.25,27,0.4663340666247643
NHW female,42.333333333333336,28,0.4679446888749214
NHW female,42.416666666666664,29,0.4694374607165305
NHW female,42.5,30,0.47364079195474545
NHW female,42.583333333333336,31,0.48228315524827153
NHW female,42.666666666666664,32,0.48432589566310497
NHW female,42.75,33,0.4861329352608422
NHW female,42.833333333333336,34,0.4878221244500314
NHW female,42.916666666666664,35,0.48958988057825265
NHW female,43.0,36,0.4912005028284098
NHW female,43.083333333333336,37,0.5006678189817725
NHW female,43.166666666666664,38,0.5027498428661219
NHW female,43.25,39,0.504281898177247
NHW female,43.333333333333336,40,0.5057746700188561
NHW female,43.416666666666664,41,0.5074638592080453
NHW female,43.5,42,0.5094673161533627
NHW female,43.583333333333336,43,0.5111957888120678
NHW female,43.666666666666664,44,0.5152027027027027
NHW female,43.75,45,0.5177954116907605
NHW female,43.833333333333336,46,0.5189739157762414
NHW female,43.916666666666664,47,0.5210166561910748
NHW female,44.0,48,0.5225487115021998
NHW female,44.083333333333336,49,0.5237664990571967
NHW female,44.166666666666664,50,0.5252199874292898
NHW female,44.25,51,0.5261235072281584
NHW female,44.333333333333336,52,0.527027027027027
NHW female,44.416666666666664,53,0.5281269641734758
NHW female,44.5,54,0.5293054682589566
NHW female,44.583333333333336,55,0.5303661219358894
NHW female,44.666666666666664,56,0.5333909490886235
NHW female,44.75,57,0.5346480201131364
NHW female,44.833333333333336,58,0.5357086737900691
NHW female,44.916666666666664,59,0.5365729101194218
NHW female,45.0,60,0.5374371464487744
NHW female,45.083333333333336,61,0.5390870521684475
NHW female,45.166666666666664,62,0.5407762413576367
NHW female,45.25,63,0.5423475801382778
NHW female,45.333333333333336,64,0.544076052796983
NHW female,45.416666666666664,65,0.545411690760528
NHW female,45.5,66,0.5474151477058454
NHW female,45.583333333333336,67,0.5517363293526084
NHW female,45.666666666666664,68,0.5533862350722816
NHW female,45.75,69,0.5546040226272785
NHW female,45.833333333333336,70,0.5556646763042112
NHW female,45.916666666666664,71,0.5571181646763043
NHW female,46.0,72,0.5582966687617851
NHW female,46.083333333333336,73,0.5596323067253299
NHW female,46.166666666666664,74,0.5614393463230672
NHW female,46.25,75,0.5628142677561282
NHW female,46.333333333333336,76,0.5641106222501572
NHW female,46.416666666666664,77,0.5651319924575738
NHW female,46.5,78,0.5669390320553112
NHW female,46.583333333333336,79,0.568196103079824
NHW female,46.666666666666664,80,0.569571024512885
NHW female,46.75,81,0.5711816467630421
NHW female,46.833333333333336,82,0.5725958516656191
NHW female,46.916666666666664,83,0.5740100565681961
NHW female,47.0,84,0.5755028284098052
NHW female,47.083333333333336,85,0.5792347580138277
NHW female,47.166666666666664,86,0.5807668133249528
NHW female,47.25,87,0.5822988686360779
NHW female,47.333333333333336,88,0.583791640477687
NHW female,47.416666666666664,89,0.5854415461973601
NHW female,47.5,90,0.5867379006913891
NHW female,47.583333333333336,91,0.5880735386549341
NHW female,47.666666666666664,92,0.5892913262099309
NHW female,47.75,93,0.590901948460088
NHW female,47.833333333333336,94,0.5923554368321811
NHW female,47.916666666666664,95,0.5935732243871779
NHW female,48.0,96,0.5945553111250785
NHW female,48.083333333333336,97,0.5953409805153991
NHW female,48.166666666666664,98,0.5962445003142678
NHW female,48.25,99,0.5971087366436204
NHW female,48.333333333333336,100,0.5982872407291012
NHW female,48.416666666666664,101,0.5992693274670019
NHW female,48.5,102,0.6003299811439347
NHW female,48.583333333333336,103,0.6010370835952231
NHW female,48.666666666666664,104,0.6018620364550598
NHW female,48.75,105,0.6026477058453803
NHW female,48.833333333333336,106,0.603669076052797
NHW female,48.916666666666664,107,0.6044547454431175
NHW female,49.0,108,0.6053975487115022
NHW female,49.083333333333336,109,0.6070081709616594
NHW female,49.166666666666664,110,0.6101115650534256
NHW female,49.25,111,0.6118007542426147
NHW female,49.333333333333336,112,0.6134113764927719
NHW female,49.416666666666664,113,0.6147470144563167
NHW female,49.5,114,0.6160040854808296
NHW female,49.583333333333336,115,0.6170647391577624
NHW female,49.666666666666664,116,0.6188717787554997
NHW female,49.75,117,0.6201288497800126
NHW female,49.833333333333336,118,0.6211895034569453
NHW female,49.916666666666664,119,0.6228786926461345
NHW female,50.0,120,0.6242536140791954
NHW female,50.083333333333336,121,0.6256678189817725
NHW female,50.166666666666664,122,0.6269641734758014
NHW female,50.25,123,0.6281033940917662
NHW female,50.333333333333336,124,0.629242614707731
NHW female,50.416666666666664,125,0.6304211187932118
NHW female,50.5,126,0.6315603394091767
NHW female,50.583333333333336,127,0.6327781269641735
NHW female,50.666666666666664,128,0.6340351979886863
NHW female,50.75,129,0.6355672532998115
NHW female,50.833333333333336,130,0.6367064739157763
NHW female,50.916666666666664,131,0.6379635449402892
NHW female,51.0,132,0.63914204902577
NHW female,51.083333333333336,133,0.640595537397863
NHW female,51.166666666666664,134,0.6415776241357637
NHW female,51.25,135,0.6427954116907605
NHW female,51.333333333333336,136,0.6440917661847895
NHW female,51.416666666666664,137,0.6454274041483343
NHW female,51.5,138,0.6464880578252671
NHW female,51.583333333333336,139,0.64774512884978
NHW female,51.666666666666664,140,0.6488450659962288
NHW female,51.75,141,0.6500235700817096
NHW female,51.833333333333336,142,0.653401948460088
NHW female,51.916666666666664,143,0.6544233186675047
NHW female,52.0,144,0.6554054054054054
NHW female,52.083333333333336,145,0.6559553739786298
NHW female,52.166666666666664,146,0.6566624764299183
NHW female,52.25,147,0.657565996228787
NHW female,52.333333333333336,148,0.6587052168447517
NHW female,52.416666666666664,149,0.659176618478944
NHW female,52.5,150,0.6600015713387807
NHW female,52.583333333333336,151,0.660512256442489
NHW female,52.666666666666664,152,0.6612586423632936
NHW female,52.75,153,0.6621621621621622
NHW female,52.833333333333336,154,0.6627514142049026
NHW female,52.916666666666664,155,0.6635370835952231
NHW female,53.0,156,0.6642049025769956
NHW female,53.083333333333336,157,0.6651869893148963
NHW female,53.166666666666664,158,0.6679761156505343
NHW female,53.25,159,0.6691153362664991
NHW female,53.333333333333336,160,0.6700581395348837
NHW female,53.416666666666664,161,0.6712759270898806
NHW female,53.5,162,0.6723758642363293
NHW female,53.583333333333336,163,0.6734365179132621
NHW female,53.666666666666664,164,0.674654305468259
NHW female,53.75,165,0.6754399748585795
NHW female,53.833333333333336,166,0.6763827781269641
NHW female,53.916666666666664,167,0.6771684475172848
NHW female,54.0,168,0.6779148334380892
NHW female,54.083333333333336,169,0.6794076052796983
NHW female,54.166666666666664,170,0.6801932746700189
NHW female,54.25,171,0.6840037712130735
NHW female,54.333333333333336,172,0.6853001257071024
NHW female,54.416666666666664,173,0.6865571967316153
NHW female,54.5,174,0.6877357008170961
NHW female,54.583333333333336,175,0.6887570710245129
NHW female,54.666666666666664,176,0.6896605908233815
NHW female,54.75,177,0.6909176618478944
NHW female,54.833333333333336,178,0.6921354494028913
NHW female,54.916666666666664,179,0.6928032683846638
NHW female,55.0,180,0.6940210559396606
NHW female,55.083333333333336,181,0.6964566310496543
NHW female,55.166666666666664,182,0.6972815839094909
NHW female,55.25,183,0.6980672532998115
NHW female,55.333333333333336,184,0.6991671904462602
NHW female,55.416666666666664,185,0.6999135763670647
NHW female,55.5,186,0.7009742300439975
NHW female,55.583333333333336,187,0.7021134506599623
NHW female,55.666666666666664,188,0.7029776869893148
NHW female,55.75,189,0.7038812067881836
NHW female,55.833333333333336,190,0.7047847265870522
NHW female,55.916666666666664,191,0.705923947203017
NHW female,56.0,192,0.7073381521055939
NHW female,56.08333333333333,193,0.7077702702702703
NHW female,56.16666666666667,194,0.7085952231301068
NHW female,56.25,195,0.7093023255813954
NHW female,56.33333333333333,196,0.7098915776241358
NHW female,56.41666666666667,197,0.7102844123192961
NHW female,56.5,198,0.7106379635449402
NHW female,56.58333333333333,199,0.7111879321181647
NHW female,56.66666666666667,200,0.711541483343809
NHW female,56.75,201,0.7120914519170333
NHW female,56.83333333333333,202,0.714487743557511
NHW female,56.91666666666667,203,0.7150377121307354
NHW female,57.0,204,0.7157840980515399
NHW female,57.08333333333333,205,0.7169233186675047
NHW female,57.16666666666667,206,0.7177875549968573
NHW female,57.25,207,0.718612507856694
NHW female,57.33333333333333,208,0.7196731615336267
NHW female,57.41666666666667,209,0.7204195474544312
NHW female,57.5,210,0.72151948460088
NHW female,57.58333333333333,211,0.7223837209302325
NHW female,57.66666666666667,212,0.7230908233815211
NHW female,57.75,213,0.7236800754242615
NHW female,57.83333333333333,214,0.7245835952231301
NHW female,57.91666666666667,215,0.7271370207416719
NHW female,58.0,216,0.7277262727844123
NHW female,58.08333333333333,217,0.7283940917661847
NHW female,58.16666666666667,218,0.7292583280955374
NHW female,58.25,219,0.7304761156505343
NHW female,58.33333333333333,220,0.7313010685103708
NHW female,58.41666666666667,221,0.7323617221873036
NHW female,58.5,222,0.7332259585166562
NHW female,58.58333333333333,223,0.7340509113764928
NHW female,58.66666666666667,224,0.7346008799497171
NHW female,58.75,225,0.735700817096166
NHW female,58.83333333333333,226,0.7369578881206789
NHW female,58.91666666666667,227,0.7380971087366436
NHW female,59.0,228,0.7391970458830924
NHW female,59.08333333333333,229,0.7402184160905091
NHW female,59.16666666666667,230,0.7410826524198617
NHW female,59.25,231,0.7423004399748586
NHW female,59.33333333333333,232,0.7436753614079196
NHW female,59.41666666666667,233,0.7451681332495286
NHW female,59.5,234,0.7460323695788812
NHW female,59.58333333333333,235,0.7469358893777498
NHW female,59.66666666666667,236,0.7478786926461345
NHW female,59.75,237,0.748507228158391
NHW female,59.83333333333333,238,0.7491750471401634
NHW female,59.91666666666667,239,0.750039283469516
NHW female,60.0,240,0.7511785040854808
NHW female,60.08333333333333,241,0.751374921433061
NHW female,60.16666666666667,242,0.7517284726587052
NHW female,60.25,243,0.7520820238843494
NHW female,60.33333333333333,244,0.7523962916404777
NHW female,60.41666666666667,245,0.752828409805154
NHW female,60.5,246,0.7532998114393463
NHW female,60.58333333333333,247,0.7536926461345066
NHW female,60.66666666666667,248,0.7539283469516027
NHW female,60.75,249,0.754281898177247
NHW female,60.83333333333333,250,0.7546354494028913
NHW female,60.91666666666667,251,0.7551461345065996
NHW female,61.0,252,0.7569531741043369
NHW female,61.08333333333333,253,0.7574638592080453
NHW female,61.16666666666667,254,0.7582495285983658
NHW female,61.25,255,0.7590744814582024
NHW female,61.33333333333333,256,0.7597423004399748
NHW female,61.41666666666667,257,0.7606065367693274
NHW female,61.5,258,0.7612350722815839
NHW female,61.58333333333333,259,0.7617064739157763
NHW female,61.66666666666667,260,0.7624921433060968
NHW female,61.75,261,0.7632385292269013
NHW female,61.83333333333333,262,0.7639456316781899
NHW female,61.91666666666667,263,0.7645348837209303
NHW female,62.0,264,0.7653598365807668
NHW female,62.08333333333333,265,0.7663026398491515
NHW female,62.16666666666667,266,0.7671668761785041
NHW female,62.25,267,0.7679132620993087
NHW female,62.33333333333333,268,0.7687774984286612
NHW female,62.41666666666667,269,0.7694060339409177
NHW female,62.5,270,0.769916719044626
NHW female,62.58333333333333,271,0.7708202388434947
NHW female,62.66666666666667,272,0.7718416090509114
NHW female,62.75,273,0.7736486486486487
NHW female,62.83333333333333,274,0.774198617221873
NHW female,62.91666666666667,275,0.7746307353865494
NHW female,63.0,276,0.7753378378378378
NHW female,63.08333333333333,277,0.7762413576367064
NHW female,63.16666666666667,278,0.777027027027027
NHW female,63.25,279,0.7774591451917033
NHW female,63.33333333333333,280,0.7781269641734758
NHW female,63.41666666666667,281,0.7788733500942804
NHW female,63.5,282,0.7796983029541169
NHW female,63.58333333333333,283,0.7805625392834695
NHW female,63.66666666666667,284,0.7815446260213702
NHW female,63.75,285,0.7824481458202388
NHW female,63.83333333333333,286,0.7830766813324953
NHW female,63.91666666666667,287,0.7838230672532999
NHW female,64.0,288,0.7865729101194218
NHW female,64.08333333333333,289,0.7869264613450659
NHW female,64.16666666666667,290,0.7873978629792583
NHW female,64.25,291,0.7879478315524827
NHW female,64.33333333333333,292,0.7882620993086109
NHW female,64.41666666666667,293,0.7886156505342552
NHW female,64.5,294,0.7889299182903834
NHW female,64.58333333333333,295,0.7890870521684475
NHW female,64.66666666666667,296,0.7894798868636078
NHW female,64.75,297,0.789833438089252
NHW female,64.83333333333333,298,0.7900691389063482
NHW female,64.91666666666667,299,0.7903048397234443
NHW female,65.0,300,0.7906976744186046
NHW female,65.08333333333333,301,0.7913262099308611
NHW female,65.16666666666667,302,0.7921118793211817
NHW female,65.25,303,0.792740414833438
NHW female,65.33333333333333,304,0.7943903205531112
NHW female,65.41666666666667,305,0.7948224387177876
NHW female,65.5,306,0.79549025769956
NHW female,65.58333333333333,307,0.7960795097423005
NHW female,65.66666666666667,308,0.796747328724073
NHW female,65.75,309,0.7971401634192332
NHW female,65.83333333333333,310,0.7977686989314896
NHW female,65.91666666666667,311,0.798240100565682
NHW female,66.0,312,0.7989472030169704
NHW female,66.08333333333333,313,0.799732872407291
NHW female,66.16666666666667,314,0.8012649277184161
NHW female,66.25,315,0.8016577624135763
NHW female,66.33333333333333,316,0.8023255813953488
NHW female,66.41666666666667,317,0.8028362664990571
NHW female,66.5,318,0.8035433689503457
NHW female,66.58333333333333,319,0.805311125078567
NHW female,66.66666666666667,320,0.806882463859208
NHW female,66.75,321,0.8073931489629164
NHW female,66.83333333333333,322,0.8078645505971087
NHW female,66.91666666666667,323,0.8085716530483973
NHW female,67.0,324,0.8090430546825895
NHW female,67.08333333333333,325,0.8099072910119421
NHW female,67.16666666666667,326,0.8106536769327467
NHW female,67.25,327,0.811164362036455
NHW female,67.33333333333333,328,0.8115964802011314
NHW female,67.41666666666667,329,0.8123428661219358
NHW female,67.5,330,0.8129321181646763
NHW female,67.58333333333333,331,0.8131678189817725
NHW female,67.66666666666667,332,0.8137177875549969
NHW female,67.75,333,0.8145427404148334
NHW female,67.83333333333333,334,0.8151319924575738
NHW female,67.91666666666667,335,0.8157998114393463
NHW female,68.0,336,0.8161533626649906
NHW female,68.08333333333333,337,0.8163890634820867
NHW female,68.16666666666667,338,0.8175675675675675
NHW female,68.25,339,0.8176854179761156
NHW female,68.33333333333333,340,0.8179604022627278
NHW female,68.41666666666667,341,0.818156819610308
NHW female,68.5,342,0.8184318038969202
NHW female,68.58333333333333,343,0.8187067881835324
NHW female,68.66666666666667,344,0.8191389063482086
NHW female,68.75,345,0.8194138906348208
NHW female,68.83333333333333,346,0.819610307982401
NHW female,68.91666666666667,347,0.819728158390949
NHW female,69.0,348,0.8199638592080453
NHW female,69.08333333333333,349,0.8203959773727215
NHW female,69.16666666666667,350,0.8207495285983658
NHW female,69.25,351,0.8212602137020741
NHW female,69.33333333333333,352,0.8219673161533627
NHW female,69.41666666666667,353,0.8222030169704588
NHW female,69.5,354,0.8226351351351351
NHW female,69.58333333333333,355,0.8234600879949717
NHW female,69.66666666666667,356,0.8237350722815839
NHW female,69.75,357,0.8242457573852923
NHW female,69.83333333333333,358,0.8248350094280327
NHW female,69.91666666666667,359,0.8251099937146449
NHW female,70.0,360,0.8258170961659334
NHW female,70.08333333333333,361,0.8264456316781899
NHW female,70.16666666666667,362,0.8271527341294783
NHW female,70.25,363,0.8273491514770585
NHW female,70.33333333333333,364,0.8277812696417347
NHW female,70.41666666666667,365,0.8282133878064111
NHW female,70.5,366,0.8286062225015713
NHW female,70.58333333333333,367,0.8289990571967316
NHW female,70.66666666666667,368,0.829470458830924
NHW female,70.75,369,0.8298240100565683
NHW female,70.83333333333333,370,0.8302168447517285
NHW female,70.91666666666667,371,0.8304132620993087
NHW female,71.0,372,0.8308060967944689
NHW female,71.08333333333333,373,0.8313167818981773
NHW female,71.16666666666667,374,0.8319060339409177
NHW female,71.25,375,0.8322988686360779
NHW female,71.33333333333333,376,0.8326917033312382
NHW female,71.41666666666667,377,0.8330845380263985
NHW female,71.5,378,0.8334773727215588
NHW female,71.58333333333333,379,0.8339880578252671
NHW female,71.66666666666667,380,0.8342237586423633
NHW female,71.75,381,0.8348130106851037
NHW female,71.83333333333333,382,0.835166561910748
NHW female,71.91666666666667,383,0.8355986800754243
NHW female,72.0,384,0.8358343808925204
NHW female,72.08333333333334,385,0.8359522313010685
NHW female,72.16666666666666,386,0.8361486486486487
NHW female,72.25,387,0.8362664990571967
NHW female,72.33333333333334,388,0.836620050282841
NHW female,72.41666666666666,389,0.8367771841609051
NHW female,72.5,390,0.8368557510999372
NHW female,72.58333333333334,391,0.8371700188560653
NHW female,72.66666666666666,392,0.8374842866121935
NHW female,72.75,393,0.8376414204902577
NHW female,72.83333333333334,394,0.8378378378378378
NHW female,72.91666666666666,395,0.8379556882463859
NHW female,73.0,396,0.837994971715902
NHW female,73.08333333333334,397,0.8382699560025142
NHW female,73.16666666666666,398,0.8388199245757385
NHW female,73.25,399,0.8393698931489629
NHW female,73.33333333333334,400,0.839605593966059
NHW female,73.41666666666666,401,0.8400769956002514
NHW female,73.5,402,0.8404305468258957
NHW female,73.58333333333334,403,0.840823381521056
NHW female,73.66666666666666,404,0.8410590823381521
NHW female,73.75,405,0.8415697674418605
NHW female,73.83333333333334,406,0.8418447517284726
NHW female,73.91666666666666,407,0.842276869893149
NHW female,74.0,408,0.8427089880578252
NHW female,74.08333333333334,409,0.8432589566310497
NHW female,74.16666666666666,410,0.8443588937774984
NHW female,74.25,411,0.8445160276555626
NHW female,74.33333333333334,412,0.8449481458202388
NHW female,74.41666666666666,413,0.8454195474544312
NHW female,74.5,414,0.8458123821495914
NHW female,74.58333333333334,415,0.8464016341923318
NHW female,74.66666666666666,416,0.846676618478944
NHW female,74.75,417,0.8469908862350722
NHW female,74.83333333333334,418,0.8474230043997486
NHW female,74.91666666666666,419,0.8478158390949089
NHW female,75.0,420,0.847972972972973
NHW female,75.08333333333334,421,0.8482086737900691
NHW female,75.16666666666666,422,0.8486407919547454
NHW female,75.25,423,0.8488764927718416
NHW female,75.33333333333334,424,0.8491907605279698
NHW female,75.41666666666666,425,0.8495443117536141
NHW female,75.5,426,0.8498192960402263
NHW female,75.58333333333334,427,0.8502514142049026
NHW female,75.66666666666666,428,0.8506835323695788
NHW female,75.75,429,0.8510370835952231
NHW female,75.83333333333334,430,0.8513120678818353
NHW female,75.91666666666666,431,0.8516656191074796
NHW female,76.0,432,0.852176304211188
NHW female,76.08333333333334,433,0.8524120050282841
NHW female,76.16666666666666,434,0.8526477058453803
NHW female,76.25,435,0.8528048397234443
NHW female,76.33333333333334,436,0.8528834066624764
NHW female,76.41666666666666,437,0.8531191074795726
NHW female,76.5,438,0.8531976744186046
NHW female,76.58333333333334,439,0.8531976744186046
NHW female,76.66666666666666,440,0.8533940917661847
NHW female,76.75,441,0.8534333752357008
NHW female,76.83333333333334,442,0.853629792583281
NHW female,76.91666666666666,443,0.853786926461345
NHW female,77.0,444,0.8539440603394092
NHW female,77.08333333333334,445,0.8541797611565053
NHW female,77.16666666666666,446,0.8544940289126336
NHW female,77.25,447,0.8546904462602137
NHW female,77.33333333333334,448,0.855083280955374
NHW female,77.41666666666666,449,0.8553189817724701
NHW female,77.5,450,0.856458202388435
NHW female,77.58333333333334,451,0.8566546197360151
NHW female,77.66666666666666,452,0.8569688874921433
NHW female,77.75,453,0.8572045883092395
NHW female,77.83333333333334,454,0.8574010056568196
NHW female,77.91666666666666,455,0.8577938403519799
NHW female,78.0,456,0.8581081081081081
NHW female,78.08333333333334,457,0.8583830923947203
NHW female,78.16666666666666,458,0.8586973601508485
NHW female,78.25,459,0.8589723444374607
NHW female,78.33333333333334,460,0.859365179132621
NHW female,78.41666666666666,461,0.8594830295411691
NHW female,78.5,462,0.8596794468887492
NHW female,78.58333333333334,463,0.8598365807668134
NHW female,78.66666666666666,464,0.8601115650534256
NHW female,78.75,465,0.8605436832181018
NHW female,78.83333333333334,466,0.860740100565682
NHW female,78.91666666666666,467,0.8609758013827781
NHW female,79.0,468,0.8612900691389064
NHW female,79.08333333333334,469,0.8614079195474544
NHW female,79.16666666666666,470,0.8616829038340666
NHW female,79.25,471,0.8618793211816468
NHW female,79.33333333333334,472,0.862232872407291
NHW female,79.41666666666666,473,0.8626257071024512
NHW female,79.5,474,0.8628221244500315
NHW female,79.58333333333334,475,0.8631756756756757
NHW female,79.66666666666666,476,0.8635685103708359
NHW female,79.75,477,0.8639613450659962
NHW female,79.83333333333334,478,0.8640791954745443
NHW female,79.91666666666666,479,0.8641970458830924
NHW female,80.0,480,0.8643934632306726
NHW female,80.08333333333334,481,0.8644327467001885
NHW female,80.16666666666666,482,0.8645113136392206
NHW female,80.25,483,0.8645898805782527
NHW female,80.33333333333334,484,0.8646684475172848
NHW female,80.41666666666666,485,0.8647077309868008
NHW female,80.5,486,0.8647470144563167
NHW female,80.58333333333334,487,0.8648255813953488
NHW female,80.66666666666666,488,0.8648648648648649
NHW female,80.75,489,0.8649434318038969
NHW female,80.83333333333334,490,0.8654934003771213
NHW female,80.91666666666666,491,0.8654934003771213
NHW female,81.0,492,0.8655719673161534
NHW female,81.08333333333334,493,0.8658076681332495
NHW female,81.16666666666666,494,0.8660826524198617
NHW female,81.25,495,0.8663183532369579
NHW female,81.33333333333334,496,0.8663576367064739
NHW female,81.41666666666666,497,0.8665540540540541
NHW female,81.5,498,0.8667111879321182
NHW female,81.58333333333334,499,0.8670254556882464
NHW female,81.66666666666666,500,0.8670254556882464
NHW female,81.75,501,0.8671825895663104
NHW female,81.83333333333334,502,0.8671825895663104
NHW female,81.91666666666666,503,0.8672611565053425
NHW female,82.0,504,0.8674968573224388
NHW female,82.08333333333334,505,0.8676932746700189
NHW female,82.16666666666666,506,0.8678504085480829
NHW female,82.25,507,0.867928975487115
NHW female,82.33333333333334,508,0.8681253928346951
NHW female,82.41666666666666,509,0.8683218101822753
NHW female,82.5,510,0.8685182275298554
NHW female,82.58333333333334,511,0.8686753614079196
NHW female,82.66666666666666,512,0.8689503456945318
NHW female,82.75,513,0.8690289126335637
NHW female,82.83333333333334,514,0.8692253299811439
NHW female,82.91666666666666,515,0.869382463859208
NHW female,83.0,516,0.8695395977372722
NHW female,83.08333333333334,517,0.8698538654934004
NHW female,83.16666666666666,518,0.8699324324324325
NHW female,83.25,519,0.8700109993714645
NHW female,83.33333333333334,520,0.8701681332495286
NHW female,83.41666666666666,521,0.8704038340666248
NHW female,83.5,522,0.8706002514142049
NHW female,83.58333333333334,523,0.8706788183532369
NHW female,83.66666666666666,524,0.8714252042740415
NHW female,83.75,525,0.8718180389692017
NHW female,83.83333333333334,526,0.872053739786298
NHW female,83.91666666666666,527,0.872210873664362
NHW female,84.0,528,0.8724465744814582
NHW female,84.08333333333334,529,0.8724858579509742
NHW female,84.16666666666666,530,0.8725644248900063
NHW female,84.25,531,0.8726429918290384
NHW female,84.33333333333334,532,0.8726429918290384
NHW female,84.41666666666666,533,0.8727608422375864
NHW female,84.5,534,0.8728394091766185
NHW female,84.58333333333334,535,0.8728394091766185
NHW female,84.66666666666666,536,0.8728786926461345
NHW female,84.75,537,0.8729179761156506
NHW female,84.83333333333334,538,0.8729572595851666
NHW female,84.91666666666666,539,0.8729965430546826
NHW female,85.0,540,0.8730358265241986
NHW female,85.08333333333334,541,0.8731929604022627
NHW female,85.16666666666666,542,0.8733108108108109
NHW female,85.25,543,0.8733893777498428
NHW female,85.33333333333334,544,0.873585795097423
NHW female,85.41666666666666,545,0.873625078566939
NHW female,85.5,546,0.8739393463230672
NHW female,85.58333333333334,547,0.8740964802011314
NHW female,85.66666666666666,548,0.8744107479572596
NHW female,85.75,549,0.8744500314267756
NHW female,85.83333333333334,550,0.8746464487743557
NHW female,85.91666666666666,551,0.8747642991829039
NHW female,86.0,552,0.8748428661219358
NHW female,86.08333333333334,553,0.8751571338780642
NHW female,86.16666666666666,554,0.8752749842866122
NHW female,86.25,555,0.8753142677561282
NHW female,86.33333333333334,556,0.8754321181646763
NHW female,86.41666666666666,557,0.8755499685732244
NHW female,86.5,558,0.8756285355122564
NHW female,86.58333333333334,559,0.8760999371464487
NHW female,86.66666666666666,560,0.876374921433061
NHW female,86.75,561,0.8765320553111251
NHW female,86.83333333333334,562,0.8767284726587052
NHW female,86.91666666666666,563,0.8768856065367693
NHW female,87.0,564,0.8769641734758014
NHW female,87.08333333333334,565,0.8771605908233815
NHW female,87.16666666666666,566,0.8773177247014456
NHW female,87.25,567,0.8774355751099937
NHW female,87.33333333333334,568,0.8776712759270899
NHW female,87.41666666666666,569,0.877828409805154
NHW female,87.5,570,0.8778676932746701
NHW female,87.58333333333334,571,0.877906976744186
NHW female,87.66666666666666,572,0.8779855436832181
NHW female,87.75,573,0.8781033940917662
NHW female,87.83333333333334,574,0.8782212445003142
NHW female,87.91666666666666,575,0.8783783783783784
NHW female,88.0,576,0.8785747957259585
NHW female,88.08333333333334,577,0.8785747957259585
NHW female,88.16666666666666,578,0.8785747957259585
NHW female,88.25,579,0.8787712130735387
NHW female,88.33333333333334,580,0.8788104965430547
NHW female,88.41666666666666,581,0.8788104965430547
NHW female,88.5,582,0.8788104965430547
NHW female,88.58333333333334,583,0.8788497800125707
NHW female,88.66666666666666,584,0.8788497800125707
NHW female,88.75,585,0.8788890634820867
NHW female,88.83333333333334,586,0.8788890634820867
NHW female,88.91666666666666,587,0.8789283469516027
NHW female,89.0,588,0.8789283469516027
NHW female,89.08333333333334,589,0.8789676304211188
NHW female,89.16666666666666,590,0.8790854808296669
NHW female,89.25,591,0.879242614707731
NHW female,89.33333333333334,592,0.879242614707731
NHW female,89.41666666666666,593,0.879281898177247
NHW female,89.5,594,0.8793604651162791
NHW female,89.58333333333334,595,0.8793997485857951
NHW female,89.66666666666666,596,0.8793997485857951
NHW female,89.75,597,0.8795175989943432
NHW female,89.83333333333334,598,0.8795568824638592
NHW female,89.91666666666666,599,0.8795568824638592
NHW female,90.0,600,0.8795961659333752
NHW female,90.08333333333334,601,0.8795961659333752
NHW female,90.16666666666666,602,0.8797140163419234
NHW female,90.25,603,0.8798318667504714
NHW female,90.33333333333334,604,0.8798711502199874
NHW female,90.41666666666666,605,0.8798711502199874
NHW female,90.5,606,0.8799104336895035
NHW female,90.58333333333334,607,0.8800675675675675
NHW female,90.66666666666666,608,0.8802247014456317
NHW female,90.75,609,0.8802247014456317
NHW female,90.83333333333334,610,0.8803032683846638
NHW female,90.91666666666666,611,0.8803425518541798
NHW female,91.0,612,0.8804211187932118
NHW female,91.08333333333334,613,0.8805782526712759
NHW female,91.16666666666666,614,0.8805782526712759
NHW female,91.25,615,0.88073538654934
NHW female,91.33333333333334,616,0.8810889377749843
NHW female,91.41666666666666,617,0.8810889377749843
NHW female,91.5,618,0.8811282212445003
NHW female,91.58333333333334,619,0.8812067881835324
NHW female,91.66666666666666,620,0.8812067881835324
NHW female,91.75,621,0.8813246385920804
NHW female,91.83333333333334,622,0.8814032055311125
NHW female,91.91666666666666,623,0.8814817724701446
NHW female,92.0,624,0.8815210559396606
NHW female,92.08333333333334,625,0.8815210559396606
NHW female,92.16666666666666,626,0.8815603394091767
NHW female,92.25,627,0.8815996228786926
NHW female,92.33333333333334,628,0.8816781898177247
NHW female,92.41666666666666,629,0.8816781898177247
NHW female,92.5,630,0.8816781898177247
NHW female,92.58333333333334,631,0.8816781898177247
NHW female,92.66666666666666,632,0.8816781898177247
NHW female,92.75,633,0.8816781898177247
NHW female,92.83333333333334,634,0.8817567567567568
NHW female,92.91666666666666,635,0.8817960402262728
NHW female,93.0,636,0.8818353236957888
NHW female,93.08333333333334,637,0.8818746071653049
NHW female,93.16666666666666,638,0.8818746071653049
NHW female,93.25,639,0.8819138906348208
NHW female,93.33333333333334,640,0.8819924575738529
NHW female,93.41666666666666,641,0.8820317410433689
NHW female,93.5,642,0.8820317410433689
NHW female,93.58333333333334,643,0.882110307982401
NHW female,93.66666666666666,644,0.882110307982401
NHW female,93.75,645,0.8821495914519171
NHW female,93.83333333333334,646,0.882228158390949
NHW female,93.91666666666666,647,0.882228158390949
NHW female,94.0,648,0.882228158390949
NHW female,94.08333333333334,649,0.8823460087994972
NHW female,94.16666666666666,650,0.8823852922690132
NHW female,94.25,651,0.8824245757385293
NHW female,94.33333333333334,652,0.8824638592080453
NHW female,94.41666666666666,653,0.8825031426775612
NHW female,94.5,654,0.8825817096165933
NHW female,94.58333333333334,655,0.8825817096165933
NHW female,94.66666666666666,656,0.8826995600251414
NHW female,94.75,657,0.8827781269641735
NHW female,94.83333333333334,658,0.8827781269641735
NHW female,94.91666666666666,659,0.8827781269641735
NHW female,95.0,660,0.8828174104336896
NHW female,95.08333333333334,661,0.8828566939032055
NHW female,95.16666666666666,662,0.8830138277812697
NHW female,95.25,663,0.8830531112507857
NHW female,95.33333333333334,664,0.8830531112507857
NHW female,95.41666666666666,665,0.8830923947203017
NHW female,95.5,666,0.8830923947203017
NHW female,95.58333333333334,667,0.8830923947203017
NHW female,95.66666666666666,668,0.8831709616593337
NHW female,95.75,669,0.8831709616593337
NHW female,95.83333333333334,670,0.8832102451288498
NHW female,95.91666666666666,671,0.8832495285983658
NHW female,96.0,672,0.8832888120678818
NHW female,96.08333333333334,673,0.8832888120678818
NHW female,96.16666666666666,674,0.8832888120678818
NHW female,96.25,675,0.8832888120678818
NHW female,96.33333333333334,676,0.8832888120678818
NHW female,96.41666666666666,677,0.8832888120678818
NHW female,96.5,678,0.8832888120678818
NHW female,96.58333333333334,679,0.8833280955373979
NHW female,96.66666666666666,680,0.8833280955373979
NHW female,96.75,681,0.8833280955373979
NHW female,96.83333333333334,682,0.8833280955373979
NHW female,96.91666666666666,683,0.8833280955373979
NHW female,97.0,684,0.8833280955373979
NHW female,97.08333333333334,685,0.8833280955373979
NHW female,97.16666666666666,686,0.8833280955373979
NHW female,97.25,687,0.8833280955373979
NHW female,97.33333333333334,688,0.8833280955373979
NHW female,97.41666666666666,689,0.8833673790069139
NHW female,97.5,690,0.8833673790069139
NHW female,97.58333333333334,691,0.8833673790069139
NHW female,97.66666666666666,692,0.88340666247643
NHW female,97.75,693,0.8834459459459459
NHW female,97.83333333333334,694,0.883524512884978
NHW female,97.91666666666666,695,0.883524512884978
NHW female,98.0,696,0.883563796354494
NHW female,98.08333333333334,697,0.883563796354494
NHW female,98.16666666666666,698,0.883563796354494
NHW female,98.25,699,0.883563796354494
NHW female,98.33333333333334,700,0.883563796354494
NHW female,98.41666666666666,701,0.883563796354494
NHW female,98.5,702,0.8836816467630421
NHW female,98.58333333333334,703,0.8836816467630421
NHW female,98.66666666666666,704,0.8836816467630421
NHW female,98.75,705,0.8836816467630421
NHW female,98.83333333333334,706,0.8836816467630421
NHW female,98.91666666666666,707,0.8836816467630421
NHW female,99.0,708,0.8836816467630421
NHW female,99.08333333333334,709,0.8836816467630421
NHW female,99.16666666666666,710,0.8836816467630421
NHW female,99.25,711,0.8836816467630421
NHW female,99.33333333333334,712,0.8836816467630421
NHW female,99.41666666666666,713,0.8837209302325582
NHW female,99.5,714,0.8837994971715902
NHW female,99.58333333333334,715,0.8837994971715902
NHW female,99.66666666666666,716,0.8837994971715902
NHW female,99.75,717,0.8837994971715902
NHW female,99.83333333333334,718,0.8837994971715902
NHW female,99.91666666666666,719,0.8837994971715902
NHW female,100.0,720,0.8837994971715902
NHW female,100.08333333333334,721,0.8837994971715902
NHW female,100.16666666666666,722,0.8837994971715902
NHW female,100.25,723,0.8837994971715902
NHW female,100.33333333333334,724,0.8837994971715902
NHW female,100.41666666666666,725,0.8837994971715902
NHW male,40.0,0,0.5552884615384616
NHW male,40.083333333333336,1,0.5552884615384616
NHW male,40.166666666666664,2,0.5552884615384616
NHW male,40.25,3,0.5552884615384616
NHW male,40.333333333333336,4,0.5552884615384616
NHW male,40.416666666666664,5,0.5552884615384616
NHW male,40.5,6,0.5552884615384616
NHW male,40.583333333333336,7,0.5552884615384616
NHW male,40.666666666666664,8,0.5552884615384616
NHW male,40.75,9,0.5552884615384616
NHW male,40.833333333333336,10,0.5552884615384616
NHW male,40.916666666666664,11,0.5552884615384616
NHW male,41.0,12,0.5552884615384616
NHW male,41.083333333333336,13,0.5784713168187744
NHW male,41.166666666666664,14,0.5804269882659713
NHW male,41.25,15,0.5819752281616688
NHW male,41.333333333333336,16,0.5836456975228161
NHW male,41.416666666666664,17,0.5852346805736637
NHW male,41.5,18,0.5867421773142112
NHW male,41.583333333333336,19,0.5885756192959583
NHW male,41.666666666666664,20,0.5934647979139505
NHW male,41.75,21,0.5953797262059974
NHW male,41.833333333333336,22,0.5967649934810951
NHW male,41.916666666666664,23,0.5983947196870926
NHW male,42.0,24,0.6066655801825294
NHW male,42.083333333333336,25,0.6094768578878749
NHW male,42.166666666666664,26,0.6104954367666232
NHW male,42.25,27,0.6154661016949152
NHW male,42.333333333333336,28,0.6170958279009127
NHW male,42.416666666666664,29,0.6188477835723598
NHW male,42.5,30,0.6205589960886571
NHW male,42.583333333333336,31,0.6223924380704041
NHW male,42.666666666666664,32,0.6265889830508474
NHW male,42.75,33,0.6284631681877445
NHW male,42.833333333333336,34,0.6297262059973925
NHW male,42.916666666666664,35,0.6318041069100391
NHW male,43.0,36,0.6333930899608866
NHW male,43.083333333333336,37,0.6352672750977836
NHW male,43.166666666666664,38,0.636897001303781
NHW male,43.25,39,0.6388526727509778
NHW male,43.333333333333336,40,0.6402379400260756
NHW male,43.416666666666664,41,0.6419491525423728
NHW male,43.5,42,0.6436196219035202
NHW male,43.583333333333336,43,0.6451271186440678
NHW male,43.666666666666664,44,0.6465531290743155
NHW male,43.75,45,0.6479791395045632
NHW male,43.833333333333336,46,0.6500570404172099
NHW male,43.916666666666664,47,0.651279335071708
NHW male,44.0,48,0.6536424380704041
NHW male,44.083333333333336,49,0.6551091916558018
NHW male,44.166666666666664,50,0.65625
NHW male,44.25,51,0.6574722946544981
NHW male,44.333333333333336,52,0.658694589308996
NHW male,44.416666666666664,53,0.6597946544980443
NHW male,44.5,54,0.6613021512385919
NHW male,44.583333333333336,55,0.6623614732724902
NHW male,44.666666666666664,56,0.6633393089960886
NHW male,44.75,57,0.6643578878748371
NHW male,44.833333333333336,58,0.6654172099087353
NHW male,44.916666666666664,59,0.6666395045632334
NHW male,45.0,60,0.6676988265971316
NHW male,45.083333333333336,61,0.6692878096479792
NHW male,45.166666666666664,62,0.6705508474576272
NHW male,45.25,63,0.6718138852672751
NHW male,45.333333333333336,64,0.6730769230769231
NHW male,45.416666666666664,65,0.6744621903520208
NHW male,45.5,66,0.6762141460234681
NHW male,45.583333333333336,67,0.6776808996088657
NHW male,45.666666666666664,68,0.6790254237288136
NHW male,45.75,69,0.6804514341590613
NHW male,45.833333333333336,70,0.681877444589309
NHW male,45.916666666666664,71,0.6834256844850065
NHW male,46.0,72,0.6846887222946545
NHW male,46.083333333333336,73,0.6861147327249022
NHW male,46.166666666666664,74,0.6876222294654498
NHW male,46.25,75,0.6888852672750978
NHW male,46.333333333333336,76,0.6901890482398957
NHW male,46.416666666666664,77,0.6920632333767927
NHW male,46.5,78,0.6935707301173403
NHW male,46.583333333333336,79,0.694996740547588
NHW male,46.666666666666664,80,0.6959745762711864
NHW male,46.75,81,0.6972783572359843
NHW male,46.833333333333336,82,0.6985006518904824
NHW male,46.916666666666664,83,0.6998859191655802
NHW male,47.0,84,0.7013119295958279
NHW male,47.083333333333336,85,0.702452737940026
NHW male,47.166666666666664,86,0.7037565189048239
NHW male,47.25,87,0.7054677314211213
NHW male,47.333333333333336,88,0.7069344850065189
NHW male,47.416666666666664,89,0.7078715775749674
NHW male,47.5,90,0.709338331160365
NHW male,47.583333333333336,91,0.7108458279009127
NHW male,47.666666666666664,92,0.7121496088657105
NHW male,47.75,93,0.7135348761408083
NHW male,47.833333333333336,94,0.7147979139504563
NHW male,47.916666666666664,95,0.7161424380704041
NHW male,48.0,96,0.7171610169491526
NHW male,48.083333333333336,97,0.7179758800521513
NHW male,48.166666666666664,98,0.7187092568448501
NHW male,48.25,99,0.719401890482399
NHW male,48.333333333333336,100,0.7205426988265972
NHW male,48.416666666666664,101,0.7212353324641461
NHW male,48.5,102,0.721927966101695
NHW male,48.583333333333336,103,0.7228650586701434
NHW male,48.666666666666664,104,0.7238836375488917
NHW male,48.75,105,0.72498370273794
NHW male,48.833333333333336,106,0.7257985658409387
NHW male,48.916666666666664,107,0.7265319426336375
NHW male,49.0,108,0.7269801173402868
NHW male,49.083333333333336,109,0.7283246414602347
NHW male,49.166666666666664,110,0.7295876792698827
NHW male,49.25,111,0.7308099739243807
NHW male,49.333333333333336,112,0.7319507822685789
NHW male,49.416666666666664,113,0.7333360495436767
NHW male,49.5,114,0.7341509126466753
NHW male,49.583333333333336,115,0.7355361799217731
NHW male,49.666666666666664,116,0.7364732724902217
NHW male,49.75,117,0.7378177966101694
NHW male,49.833333333333336,118,0.7389586049543677
NHW male,49.916666666666664,119,0.7404661016949152
NHW male,50.0,120,0.7414846805736637
NHW male,50.083333333333336,121,0.7425440026075619
NHW male,50.166666666666664,122,0.7436848109517601
NHW male,50.25,123,0.7444996740547588
NHW male,50.333333333333336,124,0.7458441981747066
NHW male,50.416666666666664,125,0.7466590612777053
NHW male,50.5,126,0.7473924380704041
NHW male,50.583333333333336,127,0.7486554758800521
NHW male,50.666666666666664,128,0.7510185788787483
NHW male,50.75,129,0.7522001303780965
NHW male,50.833333333333336,130,0.753177966101695
NHW male,50.916666666666664,131,0.754359517601043
NHW male,51.0,132,0.7555410691003911
NHW male,51.083333333333336,133,0.7563966753585397
NHW male,51.166666666666664,134,0.7578226857887875
NHW male,51.25,135,0.7590042372881356
NHW male,51.333333333333336,136,0.7600228161668839
NHW male,51.416666666666664,137,0.7610413950456323
NHW male,51.5,138,0.7616932855280313
NHW male,51.583333333333336,139,0.7629155801825294
NHW male,51.666666666666664,140,0.7640156453715776
NHW male,51.75,141,0.7647082790091264
NHW male,51.833333333333336,142,0.7658490873533247
NHW male,51.916666666666664,143,0.7667046936114733
NHW male,52.0,144,0.7678047588005215
NHW male,52.083333333333336,145,0.7682529335071708
NHW male,52.166666666666664,146,0.7685788787483703
NHW male,52.25,147,0.7691085397653195
NHW male,52.333333333333336,148,0.7696382007822686
NHW male,52.416666666666664,149,0.7702493481095176
NHW male,52.5,150,0.7707790091264668
NHW male,52.583333333333336,151,0.7714716427640157
NHW male,52.666666666666664,152,0.7720827900912647
NHW male,52.75,153,0.772490221642764
NHW male,52.833333333333336,154,0.7730606258148631
NHW male,52.916666666666664,155,0.7735902868318123
NHW male,53.0,156,0.7742014341590613
NHW male,53.083333333333336,157,0.7750570404172099
NHW male,53.166666666666664,158,0.7761163624511083
NHW male,53.25,159,0.7783164928292047
NHW male,53.333333333333336,160,0.779986962190352
NHW male,53.416666666666664,161,0.7810055410691004
NHW male,53.5,162,0.7820648631029987
NHW male,53.583333333333336,163,0.7825945241199479
NHW male,53.666666666666664,164,0.7849168839634941
NHW male,53.75,165,0.786220664928292
NHW male,53.833333333333336,166,0.786872555410691
NHW male,53.916666666666664,167,0.7876059322033898
NHW male,54.0,168,0.788135593220339
NHW male,54.083333333333336,169,0.7888689700130378
NHW male,54.166666666666664,170,0.7907431551499348
NHW male,54.25,171,0.7916395045632334
NHW male,54.333333333333336,172,0.7922913950456323
NHW male,54.416666666666664,173,0.7930247718383312
NHW male,54.5,174,0.7940840938722294
NHW male,54.583333333333336,175,0.7950619295958279
NHW male,54.666666666666664,176,0.7959990221642764
NHW male,54.75,177,0.7967323989569752
NHW male,54.833333333333336,178,0.7973435462842242
NHW male,54.916666666666664,179,0.7979954367666232
NHW male,55.0,180,0.7988917861799217
NHW male,55.083333333333336,181,0.7999103650586702
NHW male,55.166666666666664,182,0.8011326597131682
NHW male,55.25,183,0.8020290091264668
NHW male,55.333333333333336,184,0.8026808996088657
NHW male,55.416666666666664,185,0.8033327900912647
NHW male,55.5,186,0.8040254237288136
NHW male,55.583333333333336,187,0.8046365710560626
NHW male,55.666666666666664,188,0.8051254889178618
NHW male,55.75,189,0.8058588657105606
NHW male,55.833333333333336,190,0.806877444589309
NHW male,55.916666666666664,191,0.8092812907431551
NHW male,56.0,192,0.8098924380704041
NHW male,56.08333333333333,193,0.8103813559322034
NHW male,56.16666666666667,194,0.8107073011734028
NHW male,56.25,195,0.8111962190352021
NHW male,56.33333333333333,196,0.8115629074315515
NHW male,56.41666666666667,197,0.8118073663624511
NHW male,56.5,198,0.8120925684485006
NHW male,56.58333333333333,199,0.8124592568448501
NHW male,56.66666666666667,200,0.8129889178617992
NHW male,56.75,201,0.8134370925684485
NHW male,56.83333333333333,202,0.8136815514993481
NHW male,56.91666666666667,203,0.8141297262059974
NHW male,57.0,204,0.8145779009126467
NHW male,57.08333333333333,205,0.8151890482398957
NHW male,57.16666666666667,206,0.8155557366362451
NHW male,57.25,207,0.8165743155149935
NHW male,57.33333333333333,208,0.8170632333767927
NHW male,57.41666666666667,209,0.8180818122555411
NHW male,57.5,210,0.8186522164276402
NHW male,57.58333333333333,211,0.819385593220339
NHW male,57.66666666666667,212,0.819996740547588
NHW male,57.75,213,0.8202819426336375
NHW male,57.83333333333333,214,0.8207301173402868
NHW male,57.91666666666667,215,0.821259778357236
NHW male,58.0,216,0.8217079530638852
NHW male,58.08333333333333,217,0.8223598435462842
NHW male,58.16666666666667,218,0.8227672750977836
NHW male,58.25,219,0.8235006518904824
NHW male,58.33333333333333,220,0.8240710560625815
NHW male,58.41666666666667,221,0.8246414602346805
NHW male,58.5,222,0.8254155801825294
NHW male,58.58333333333333,223,0.8258637548891786
NHW male,58.66666666666667,224,0.8268008474576272
NHW male,58.75,225,0.8277786831812256
NHW male,58.83333333333333,226,0.8282676010430248
NHW male,58.91666666666667,227,0.8290009778357236
NHW male,59.0,228,0.8297343546284224
NHW male,59.08333333333333,229,0.8303455019556715
NHW male,59.16666666666667,230,0.8309973924380704
NHW male,59.25,231,0.8313640808344198
NHW male,59.33333333333333,232,0.8320974576271186
NHW male,59.41666666666667,233,0.8326678617992177
NHW male,59.5,234,0.8335642112125163
NHW male,59.58333333333333,235,0.834338331160365
NHW male,59.66666666666667,236,0.8347457627118644
NHW male,59.75,237,0.8354383963494133
NHW male,59.83333333333333,238,0.8360495436766623
NHW male,59.91666666666667,239,0.8365792046936115
NHW male,60.0,240,0.8372310951760105
NHW male,60.08333333333333,241,0.8375570404172099
NHW male,60.16666666666667,242,0.8378829856584094
NHW male,60.25,243,0.8380867014341591
NHW male,60.33333333333333,244,0.8385348761408083
NHW male,60.41666666666667,245,0.838738591916558
NHW male,60.5,246,0.8390645371577575
NHW male,60.58333333333333,247,0.8392682529335072
NHW male,60.66666666666667,248,0.8395127118644068
NHW male,60.75,249,0.8397164276401564
NHW male,60.83333333333333,250,0.840001629726206
NHW male,60.91666666666667,251,0.8402460886571056
NHW male,61.0,252,0.840612777053455
NHW male,61.08333333333333,253,0.8409794654498044
NHW male,61.16666666666667,254,0.8414276401564538
NHW male,61.25,255,0.8419980443285529
NHW male,61.33333333333333,256,0.8424462190352021
NHW male,61.41666666666667,257,0.8427721642764016
NHW male,61.5,258,0.8434647979139505
NHW male,61.58333333333333,259,0.8440352020860495
NHW male,61.66666666666667,260,0.8444426336375489
NHW male,61.75,261,0.8448093220338984
NHW male,61.83333333333333,262,0.8454612125162972
NHW male,61.91666666666667,263,0.8459501303780965
NHW male,62.0,264,0.8466835071707953
NHW male,62.08333333333333,265,0.8472131681877445
NHW male,62.16666666666667,266,0.8477020860495437
NHW male,62.25,267,0.8482724902216427
NHW male,62.33333333333333,268,0.8488021512385919
NHW male,62.41666666666667,269,0.8494132985658409
NHW male,62.5,270,0.8497392438070405
NHW male,62.58333333333333,271,0.8503096479791395
NHW male,62.66666666666667,272,0.8507578226857888
NHW male,62.75,273,0.8511245110821382
NHW male,62.83333333333333,274,0.8514504563233377
NHW male,62.91666666666667,275,0.8520208604954368
NHW male,63.0,276,0.853120925684485
NHW male,63.08333333333333,277,0.8537728161668839
NHW male,63.16666666666667,278,0.8540580182529335
NHW male,63.25,279,0.8544654498044328
NHW male,63.33333333333333,280,0.8550358539765319
NHW male,63.41666666666667,281,0.8559729465449805
NHW male,63.5,282,0.8564618644067796
NHW male,63.58333333333333,283,0.8567878096479792
NHW male,63.66666666666667,284,0.8572359843546284
NHW male,63.75,285,0.8581730769230769
NHW male,63.83333333333333,286,0.8584175358539765
NHW male,63.91666666666667,287,0.8591509126466753
NHW male,64.0,288,0.8594768578878749
NHW male,64.08333333333333,289,0.8597620599739244
NHW male,64.16666666666667,290,0.859965775749674
NHW male,64.25,291,0.8601694915254238
NHW male,64.33333333333333,292,0.8602917209908736
NHW male,64.41666666666667,293,0.8604546936114733
NHW male,64.5,294,0.8607398956975228
NHW male,64.58333333333333,295,0.8609843546284224
NHW male,64.66666666666667,296,0.8610250977835724
NHW male,64.75,297,0.8611473272490222
NHW male,64.83333333333333,298,0.8613102998696219
NHW male,64.91666666666667,299,0.8614325293350718
NHW male,65.0,300,0.8615955019556715
NHW male,65.08333333333333,301,0.8620029335071708
NHW male,65.16666666666667,302,0.8620844198174706
NHW male,65.25,303,0.8625325945241199
NHW male,65.33333333333333,304,0.8629400260756193
NHW male,65.41666666666667,305,0.8632252281616688
NHW male,65.5,306,0.8633474576271186
NHW male,65.58333333333333,307,0.8635511734028684
NHW male,65.66666666666667,308,0.8641623207301173
NHW male,65.75,309,0.8646104954367666
NHW male,65.83333333333333,310,0.8647327249022164
NHW male,65.91666666666667,311,0.8652623859191656
NHW male,66.0,312,0.8657513037809648
NHW male,66.08333333333333,313,0.8664031942633638
NHW male,66.16666666666667,314,0.8667291395045632
NHW male,66.25,315,0.8670958279009127
NHW male,66.33333333333333,316,0.8671773142112125
NHW male,66.41666666666667,317,0.867503259452412
NHW male,66.5,318,0.8679921773142112
NHW male,66.58333333333333,319,0.8684810951760105
NHW male,66.66666666666667,320,0.8688070404172099
NHW male,66.75,321,0.8690514993481095
NHW male,66.83333333333333,322,0.8693367014341591
NHW male,66.91666666666667,323,0.8697033898305084
NHW male,67.0,324,0.8699478487614081
NHW male,67.08333333333333,325,0.8702330508474576
NHW male,67.16666666666667,326,0.8703960234680573
NHW male,67.25,327,0.8707219687092569
NHW male,67.33333333333333,328,0.8709664276401564
NHW male,67.41666666666667,329,0.8713331160365059
NHW male,67.5,330,0.871822033898305
NHW male,67.58333333333333,331,0.8720664928292047
NHW male,67.66666666666667,332,0.8723109517601043
NHW male,67.75,333,0.8726776401564538
NHW male,67.83333333333333,334,0.8730035853976532
NHW male,67.91666666666667,335,0.8733702737940026
NHW male,68.0,336,0.8736554758800521
NHW male,68.08333333333333,337,0.8736962190352021
NHW male,68.16666666666667,338,0.8737777053455019
NHW male,68.25,339,0.8738591916558018
NHW male,68.33333333333333,340,0.8740221642764016
NHW male,68.41666666666667,341,0.8741851368970013
NHW male,68.5,342,0.874348109517601
NHW male,68.58333333333333,343,0.8745518252933507
NHW male,68.66666666666667,344,0.8745925684485006
NHW male,68.75,345,0.8746333116036505
NHW male,68.83333333333333,346,0.8746740547588006
NHW male,68.91666666666667,347,0.8747555410691004
NHW male,69.0,348,0.8747962842242504
NHW male,69.08333333333333,349,0.8751629726205997
NHW male,69.16666666666667,350,0.8754481747066493
NHW male,69.25,351,0.8754889178617992
NHW male,69.33333333333333,352,0.8757333767926988
NHW male,69.41666666666667,353,0.8759370925684485
NHW male,69.5,354,0.8763445241199479
NHW male,69.58333333333333,355,0.8767112125162972
NHW male,69.66666666666667,356,0.876874185136897
NHW male,69.75,357,0.8772001303780965
NHW male,69.83333333333333,358,0.877526075619296
NHW male,69.91666666666667,359,0.8776483050847458
NHW male,70.0,360,0.8777705345501956
NHW male,70.08333333333333,361,0.878096479791395
NHW male,70.16666666666667,362,0.8786261408083442
NHW male,70.25,363,0.8789113428943938
NHW male,70.33333333333333,364,0.8792372881355932
NHW male,70.41666666666667,365,0.8794002607561929
NHW male,70.5,366,0.8798891786179922
NHW male,70.58333333333333,367,0.8802966101694916
NHW male,70.66666666666667,368,0.8807040417209909
NHW male,70.75,369,0.8811114732724902
NHW male,70.83333333333333,370,0.8814781616688396
NHW male,70.91666666666667,371,0.8818448500651891
NHW male,71.0,372,0.8820485658409387
NHW male,71.08333333333333,373,0.8822522816166884
NHW male,71.16666666666667,374,0.882496740547588
NHW male,71.25,375,0.8827411994784876
NHW male,71.33333333333333,376,0.8829856584093873
NHW male,71.41666666666667,377,0.8833116036505867
NHW male,71.5,378,0.8833930899608866
NHW male,71.58333333333333,379,0.8836782920469362
NHW male,71.66666666666667,380,0.8839634941329857
NHW male,71.75,381,0.8842079530638852
NHW male,71.83333333333333,382,0.8845338983050848
NHW male,71.91666666666667,383,0.8847376140808344
NHW male,72.0,384,0.8848598435462842
NHW male,72.08333333333334,385,0.8848598435462842
NHW male,72.16666666666666,386,0.8848598435462842
NHW male,72.25,387,0.884982073011734
NHW male,72.33333333333334,388,0.8850228161668839
NHW male,72.41666666666666,389,0.8850228161668839
NHW male,72.5,390,0.8851043024771839
NHW male,72.58333333333334,391,0.8851043024771839
NHW male,72.66666666666666,392,0.8852265319426337
NHW male,72.75,393,0.8852672750977836
NHW male,72.83333333333334,394,0.8853895045632334
NHW male,72.91666666666666,395,0.8853895045632334
NHW male,73.0,396,0.8854709908735332
NHW male,73.08333333333334,397,0.8857154498044328
NHW male,73.16666666666666,398,0.8860006518904824
NHW male,73.25,399,0.886245110821382
NHW male,73.33333333333334,400,0.8864895697522817
NHW male,73.41666666666666,401,0.8867340286831812
NHW male,73.5,402,0.8869377444589309
NHW male,73.58333333333334,403,0.8869784876140808
NHW male,73.66666666666666,404,0.8871007170795306
NHW male,73.75,405,0.8871414602346805
NHW male,73.83333333333334,406,0.8872229465449805
NHW male,73.91666666666666,407,0.8875488917861799
NHW male,74.0,408,0.8877933507170795
NHW male,74.08333333333334,409,0.8881600391134289
NHW male,74.16666666666666,410,0.8882822685788787
NHW male,74.25,411,0.8884044980443285
NHW male,74.33333333333334,412,0.8884452411994785
NHW male,74.41666666666666,413,0.888771186440678
NHW male,74.5,414,0.8889341590612777
NHW male,74.58333333333334,415,0.8892601043024772
NHW male,74.66666666666666,416,0.8895453063885267
NHW male,74.75,417,0.8897082790091264
NHW male,74.83333333333334,418,0.890034224250326
NHW male,74.91666666666666,419,0.8901157105606258
NHW male,75.0,420,0.8904823989569752
NHW male,75.08333333333334,421,0.8908490873533247
NHW male,75.16666666666666,422,0.8909713168187744
NHW male,75.25,423,0.8912565189048239
NHW male,75.33333333333334,424,0.8915009778357236
NHW male,75.41666666666666,425,0.8917046936114733
NHW male,75.5,426,0.8918269230769231
NHW male,75.58333333333334,427,0.8920306388526728
NHW male,75.66666666666666,428,0.8921528683181226
NHW male,75.75,429,0.8923565840938722
NHW male,75.83333333333334,430,0.8925602998696219
NHW male,75.91666666666666,431,0.8928047588005215
NHW male,76.0,432,0.8928862451108214
NHW male,76.08333333333334,433,0.8929677314211213
NHW male,76.16666666666666,434,0.8930084745762712
NHW male,76.25,435,0.8930084745762712
NHW male,76.33333333333334,436,0.8930084745762712
NHW male,76.41666666666666,437,0.8930492177314211
NHW male,76.5,438,0.8931714471968709
NHW male,76.58333333333334,439,0.8932121903520208
NHW male,76.66666666666666,440,0.8932529335071708
NHW male,76.75,441,0.8932936766623207
NHW male,76.83333333333334,442,0.8933344198174706
NHW male,76.91666666666666,443,0.8933751629726207
NHW male,77.0,444,0.8934566492829205
NHW male,77.08333333333334,445,0.8935788787483703
NHW male,77.16666666666666,446,0.8938233376792699
NHW male,77.25,447,0.8941900260756193
NHW male,77.33333333333334,448,0.8943122555410691
NHW male,77.41666666666666,449,0.894393741851369
NHW male,77.5,450,0.8946382007822686
NHW male,77.58333333333334,451,0.8948826597131682
NHW male,77.66666666666666,452,0.8949641460234681
NHW male,77.75,453,0.8949641460234681
NHW male,77.83333333333334,454,0.8952086049543677
NHW male,77.91666666666666,455,0.8954530638852672
NHW male,78.0,456,0.8954938070404173
NHW male,78.08333333333334,457,0.895616036505867
NHW male,78.16666666666666,458,0.8959827249022164
NHW male,78.25,459,0.8960234680573663
NHW male,78.33333333333334,460,0.8961049543676662
NHW male,78.41666666666666,461,0.8962271838331161
NHW male,78.5,462,0.8965531290743155
NHW male,78.58333333333334,463,0.8966753585397653
NHW male,78.66666666666666,464,0.896838331160365
NHW male,78.75,465,0.896879074315515
NHW male,78.83333333333334,466,0.896919817470665
NHW male,78.91666666666666,467,0.8970420469361148
NHW male,79.0,468,0.8973272490221643
NHW male,79.08333333333334,469,0.8975717079530638
NHW male,79.16666666666666,470,0.8977346805736637
NHW male,79.25,471,0.8978569100391134
NHW male,79.33333333333334,472,0.8979791395045632
NHW male,79.41666666666666,473,0.8981828552803129
NHW male,79.5,474,0.8983050847457628
NHW male,79.58333333333334,475,0.8983865710560626
NHW male,79.66666666666666,476,0.8985495436766623
NHW male,79.75,477,0.8986717731421121
NHW male,79.83333333333334,478,0.8988347457627118
NHW male,79.91666666666666,479,0.8989977183833116
NHW male,80.0,480,0.8991199478487614
NHW male,80.08333333333334,481,0.8991606910039114
NHW male,80.16666666666666,482,0.8992014341590613
NHW male,80.25,483,0.8992421773142112
NHW male,80.33333333333334,484,0.8993236636245111
NHW male,80.41666666666666,485,0.899364406779661
NHW male,80.5,486,0.899364406779661
NHW male,80.58333333333334,487,0.8994051499348109
NHW male,80.66666666666666,488,0.8994051499348109
NHW male,80.75,489,0.8994458930899609
NHW male,80.83333333333334,490,0.8994866362451108
NHW male,80.91666666666666,491,0.8994866362451108
NHW male,81.0,492,0.8995273794002607
NHW male,81.08333333333334,493,0.8997310951760105
NHW male,81.16666666666666,494,0.8998533246414603
NHW male,81.25,495,0.8999348109517601
NHW male,81.33333333333334,496,0.9001385267275098
NHW male,81.41666666666666,497,0.9002607561929595
NHW male,81.5,498,0.9003422425032594
NHW male,81.58333333333334,499,0.9005052151238592
NHW male,81.66666666666666,500,0.9005459582790091
NHW male,81.75,501,0.9007496740547588
NHW male,81.83333333333334,502,0.9008719035202086
NHW male,81.91666666666666,503,0.9008719035202086
NHW male,82.0,504,0.9008719035202086
NHW male,82.08333333333334,505,0.9008719035202086
NHW male,82.16666666666666,506,0.9009941329856584
NHW male,82.25,507,0.9009941329856584
NHW male,82.33333333333334,508,0.9011163624511083
NHW male,82.41666666666666,509,0.9011571056062582
NHW male,82.5,510,0.901279335071708
NHW male,82.58333333333334,511,0.9014015645371578
NHW male,82.66666666666666,512,0.9015645371577575
NHW male,82.75,513,0.9016052803129074
NHW male,82.83333333333334,514,0.9016867666232073
NHW male,82.91666666666666,515,0.9016867666232073
NHW male,83.0,516,0.9017275097783573
NHW male,83.08333333333334,517,0.9018497392438071
NHW male,83.16666666666666,518,0.9019312255541069
NHW male,83.25,519,0.9020534550195567
NHW male,83.33333333333334,520,0.9021349413298566
NHW male,83.41666666666666,521,0.9022979139504563
NHW male,83.5,522,0.9022979139504563
NHW male,83.58333333333334,523,0.9023794002607562
NHW male,83.66666666666666,524,0.902460886571056
NHW male,83.75,525,0.9025831160365059
NHW male,83.83333333333334,526,0.9026646023468058
NHW male,83.91666666666666,527,0.9027053455019557
NHW male,84.0,528,0.9028683181225554
NHW male,84.08333333333334,529,0.9028683181225554
NHW male,84.16666666666666,530,0.9028683181225554
NHW male,84.25,531,0.9028683181225554
NHW male,84.33333333333334,532,0.9028683181225554
NHW male,84.41666666666666,533,0.9028683181225554
NHW male,84.5,534,0.9029090612777053
NHW male,84.58333333333334,535,0.9029090612777053
NHW male,84.66666666666666,536,0.9029090612777053
NHW male,84.75,537,0.9029090612777053
NHW male,84.83333333333334,538,0.9029090612777053
NHW male,84.91666666666666,539,0.9029090612777053
NHW male,85.0,540,0.9029090612777053
NHW male,85.08333333333334,541,0.9029905475880052
NHW male,85.16666666666666,542,0.903072033898305
NHW male,85.25,543,0.903072033898305
NHW male,85.33333333333334,544,0.9032350065189049
NHW male,85.41666666666666,545,0.9032350065189049
NHW male,85.5,546,0.9032350065189049
NHW male,85.58333333333334,547,0.9033164928292047
NHW male,85.66666666666666,548,0.9033164928292047
NHW male,85.75,549,0.9033164928292047
NHW male,85.83333333333334,550,0.9033164928292047
NHW male,85.91666666666666,551,0.9034387222946545
NHW male,86.0,552,0.9034387222946545
NHW male,86.08333333333334,553,0.9035202086049544
NHW male,86.16666666666666,554,0.9036016949152542
NHW male,86.25,555,0.903723924380704
NHW male,86.33333333333334,556,0.903805410691004
NHW male,86.41666666666666,557,0.9039276401564538
NHW male,86.5,558,0.9039683833116037
NHW male,86.58333333333334,559,0.9040906127770535
NHW male,86.66666666666666,560,0.9042128422425033
NHW male,86.75,561,0.9042535853976532
NHW male,86.83333333333334,562,0.9042943285528031
NHW male,86.91666666666666,563,0.9042943285528031
NHW male,87.0,564,0.9042943285528031
NHW male,87.08333333333334,565,0.904375814863103
NHW male,87.16666666666666,566,0.904375814863103
NHW male,87.25,567,0.9044165580182529
NHW male,87.33333333333334,568,0.9044165580182529
NHW male,87.41666666666666,569,0.9044573011734028
NHW male,87.5,570,0.9044980443285529
NHW male,87.58333333333334,571,0.9045387874837028
NHW male,87.66666666666666,572,0.9045795306388527
NHW male,87.75,573,0.9045795306388527
NHW male,87.83333333333334,574,0.9046610169491526
NHW male,87.91666666666666,575,0.9047017601043025
NHW male,88.0,576,0.9047425032594524
NHW male,88.08333333333334,577,0.9047832464146024
NHW male,88.16666666666666,578,0.9047832464146024
NHW male,88.25,579,0.9047832464146024
NHW male,88.33333333333334,580,0.9047832464146024
NHW male,88.41666666666666,581,0.9047832464146024
NHW male,88.5,582,0.9047832464146024
NHW male,88.58333333333334,583,0.9047832464146024
NHW male,88.66666666666666,584,0.9047832464146024
NHW male,88.75,585,0.9047832464146024
NHW male,88.83333333333334,586,0.9047832464146024
NHW male,88.91666666666666,587,0.9047832464146024
NHW male,89.0,588,0.9047832464146024
NHW male,89.08333333333334,589,0.9048239895697523
NHW male,89.16666666666666,590,0.9048647327249022
NHW male,89.25,591,0.9048647327249022
NHW male,89.33333333333334,592,0.9049462190352021
NHW male,89.41666666666666,593,0.9050684485006519
NHW male,89.5,594,0.9051091916558018
NHW male,89.58333333333334,595,0.9052314211212517
NHW male,89.66666666666666,596,0.9052721642764016
NHW male,89.75,597,0.9052721642764016
NHW male,89.83333333333334,598,0.9052721642764016
NHW male,89.91666666666666,599,0.9052721642764016
NHW male,90.0,600,0.9053129074315515
NHW male,90.08333333333334,601,0.9053129074315515
NHW male,90.16666666666666,602,0.9053129074315515
NHW male,90.25,603,0.9053536505867015
NHW male,90.33333333333334,604,0.9053536505867015
NHW male,90.41666666666666,605,0.9054351368970013
NHW male,90.5,606,0.9054351368970013
NHW male,90.58333333333334,607,0.9054758800521513
NHW male,90.66666666666666,608,0.9056795958279009
NHW male,90.75,609,0.9057203389830508
NHW male,90.83333333333334,610,0.9058018252933507
NHW male,90.91666666666666,611,0.9058018252933507
NHW male,91.0,612,0.9058018252933507
NHW male,91.08333333333334,613,0.9058018252933507
NHW male,91.16666666666666,614,0.9058425684485006
NHW male,91.25,615,0.9059240547588006
NHW male,91.33333333333334,616,0.9060055410691004
NHW male,91.41666666666666,617,0.9060462842242504
NHW male,91.5,618,0.9060870273794003
NHW male,91.58333333333334,619,0.9060870273794003
NHW male,91.66666666666666,620,0.9060870273794003
NHW male,91.75,621,0.9060870273794003
NHW male,91.83333333333334,622,0.9060870273794003
NHW male,91.91666666666666,623,0.9061277705345502
NHW male,92.0,624,0.9061277705345502
NHW male,92.08333333333334,625,0.9061277705345502
NHW male,92.16666666666666,626,0.9061277705345502
NHW male,92.25,627,0.9061277705345502
NHW male,92.33333333333334,628,0.9061277705345502
NHW male,92.41666666666666,629,0.9061277705345502
NHW male,92.5,630,0.9061277705345502
NHW male,92.58333333333334,631,0.9061685136897001
NHW male,92.66666666666666,632,0.9061685136897001
NHW male,92.75,633,0.9061685136897001
NHW male,92.83333333333334,634,0.9061685136897001
NHW male,92.91666666666666,635,0.9061685136897001
NHW male,93.0,636,0.9061685136897001
NHW male,93.08333333333334,637,0.9062092568448501
NHW male,93.16666666666666,638,0.9062092568448501
NHW male,93.25,639,0.9062092568448501
NHW male,93.33333333333334,640,0.90625
NHW male,93.41666666666666,641,0.9063314863102999
NHW male,93.5,642,0.9063314863102999
NHW male,93.58333333333334,643,0.9063314863102999
NHW male,93.66666666666666,644,0.9063722294654498
NHW male,93.75,645,0.9063722294654498
NHW male,93.83333333333334,646,0.9064537157757496
NHW male,93.91666666666666,647,0.9064537157757496
NHW male,94.0,648,0.9064944589308996
NHW male,94.08333333333334,649,0.9064944589308996
NHW male,94.16666666666666,650,0.9064944589308996
NHW male,94.25,651,0.9064944589308996
NHW male,94.33333333333334,652,0.9064944589308996
NHW male,94.41666666666666,653,0.9064944589308996
NHW male,94.5,654,0.9065352020860495
NHW male,94.58333333333334,655,0.9065759452411994
NHW male,94.66666666666666,656,0.9066574315514994
NHW male,94.75,657,0.9066574315514994
NHW male,94.83333333333334,658,0.9066574315514994
NHW male,94.91666666666666,659,0.9066574315514994
NHW male,95.0,660,0.9067796610169492
NHW male,95.08333333333334,661,0.9067796610169492
NHW male,95.16666666666666,662,0.9067796610169492
NHW male,95.25,663,0.9067796610169492
NHW male,95.33333333333334,664,0.906861147327249
NHW male,95.41666666666666,665,0.906861147327249
NHW male,95.5,666,0.906861147327249
NHW male,95.58333333333334,667,0.906901890482399
NHW male,95.66666666666666,668,0.906901890482399
NHW male,95.75,669,0.906901890482399
NHW male,95.83333333333334,670,0.906901890482399
NHW male,95.91666666666666,671,0.9069426336375489
NHW male,96.0,672,0.9069426336375489
NHW male,96.08333333333334,673,0.9069426336375489
NHW male,96.16666666666666,674,0.9069426336375489
NHW male,96.25,675,0.9069426336375489
NHW male,96.33333333333334,676,0.9069426336375489
NHW male,96.41666666666666,677,0.9069426336375489
NHW male,96.5,678,0.9069426336375489
NHW male,96.58333333333334,679,0.9069426336375489
NHW male,96.66666666666666,680,0.9069426336375489
NHW male,96.75,681,0.9069426336375489
NHW male,96.83333333333334,682,0.9069426336375489
NHW male,96.91666666666666,683,0.9069426336375489
NHW male,97.0,684,0.9069426336375489
NHW male,97.08333333333334,685,0.9069426336375489
NHW male,97.16666666666666,686,0.9069833767926988
NHW male,97.25,687,0.9069833767926988
NHW male,97.33333333333334,688,0.9070241199478487
NHW male,97.41666666666666,689,0.9070241199478487
NHW male,97.5,690,0.9070241199478487
NHW male,97.58333333333334,691,0.9070648631029987
NHW male,97.66666666666666,692,0.9070648631029987
NHW male,97.75,693,0.9070648631029987
NHW male,97.83333333333334,694,0.9071056062581486
NHW male,97.91666666666666,695,0.9071056062581486
NHW male,98.0,696,0.9071056062581486
NHW male,98.08333333333334,697,0.9071056062581486
NHW male,98.16666666666666,698,0.9071056062581486
NHW male,98.25,699,0.9071463494132985
NHW male,98.33333333333334,700,0.9071463494132985
NHW male,98.41666666666666,701,0.9071463494132985
NHW male,98.5,702,0.9071463494132985
NHW male,98.58333333333334,703,0.9071463494132985
NHW male,98.66666666666666,704,0.9071463494132985
NHW male,98.75,705,0.9071870925684485
NHW male,98.83333333333334,706,0.9071870925684485
NHW male,98.91666666666666,707,0.9071870925684485
NHW male,99.0,708,0.9071870925684485
NHW male,99.08333333333334,709,0.9071870925684485
NHW male,99.16666666666666,710,0.9071870925684485
NHW male,99.25,711,0.9071870925684485
NHW male,99.33333333333334,712,0.9072278357235984
NHW male,99.41666666666666,713,0.9072278357235984
NHW male,99.5,714,0.9072278357235984
NHW male,99.58333333333334,715,0.9072278357235984
NHW male,99.66666666666666,716,0.9072278357235984
NHW male,99.75,717,0.9072278357235984
NHW male,99.83333333333334,718,0.9072278357235984
NHW male,99.91666666666666,719,0.9072278357235984
NHW male,100.0,720,0.9072278357235984
NHW male,100.08333333333334,721,0.9072278357235984
NHW male,100.16666666666666,722,0.9072278357235984
NHW male,100.25,723,0.9072278357235984
NHW male,100.33333333333334,724,0.9072278357235984
NHW male,100.41666666666666,725,0.9072278357235984
