,age,cumulative_incidence,group
0,0.0,0.0,Overall
1,40.0,0.51448,Overall
2,40.083333333333336,0.51448,Overall
3,40.166666666666664,0.51448,Overall
4,40.25,0.51448,Overall
5,40.333333333333336,0.51448,Overall
6,40.416666666666664,0.51448,Overall
7,40.5,0.51448,Overall
8,40.583333333333336,0.5186272606103122,Overall
9,40.666666666666664,0.5186272606103122,Overall
10,40.75,0.5186272606103122,Overall
11,40.833333333333336,0.5186272606103122,Overall
12,40.916666666666664,0.5186272606103122,Overall
13,41.0,0.5186272606103122,Overall
14,41.083333333333336,0.5404330685664958,Overall
15,41.166666666666664,0.5436638028238012,Overall
16,41.25,0.545129217643723,Overall
17,41.333333333333336,0.5465246191742013,Overall
18,41.416666666666664,0.5479404745483473,Overall
19,41.5,0.5494571494732071,Overall
20,41.583333333333336,0.5511150346279108,Overall
21,41.666666666666664,0.5542607670782389,Overall
22,41.75,0.5559297128922691,Overall
23,41.833333333333336,0.5574581810800452,Overall
24,41.916666666666664,0.558926481815485,Overall
25,42.0,0.5633829892520403,Overall
26,42.083333333333336,0.566170848547997,Overall
27,42.166666666666664,0.5677614782542002,Overall
28,42.25,0.5747509356867827,Overall
29,42.333333333333336,0.5762922771735619,Overall
30,42.416666666666664,0.5779650595834653,Overall
31,42.5,0.5815334260902834,Overall
32,42.583333333333336,0.5869075601021352,Overall
33,42.666666666666664,0.589953086964161,Overall
34,42.75,0.5915367080737406,Overall
35,42.833333333333336,0.5930197912114459,Overall
36,42.916666666666664,0.5946344316291641,Overall
37,43.0,0.59605754606634,Overall
38,43.083333333333336,0.6015597488954081,Overall
39,43.166666666666664,0.6034178441458957,Overall
40,43.25,0.6051146251315701,Overall
41,43.333333333333336,0.6065390735007996,Overall
42,43.416666666666664,0.6082669065370445,Overall
43,43.5,0.609803273298485,Overall
44,43.583333333333336,0.6114413108658769,Overall
45,43.666666666666664,0.6143135302233498,Overall
46,43.75,0.6160738241521385,Overall
47,43.833333333333336,0.6175615570597339,Overall
48,43.916666666666664,0.6191106286656394,Overall
49,44.0,0.6208222406565861,Overall
50,44.083333333333336,0.622007646076578,Overall
51,44.166666666666664,0.623122398722267,Overall
52,44.25,0.624166605660575,Overall
53,44.333333333333336,0.6252414873431154,Overall
54,44.416666666666664,0.6263472390046279,Overall
55,44.5,0.6275444212739663,Overall
56,44.583333333333336,0.6286404758380648,Overall
57,44.666666666666664,0.6308536080487618,Overall
58,44.75,0.6319200354728212,Overall
59,44.833333333333336,0.6329359609634982,Overall
60,44.916666666666664,0.6338608371278666,Overall
61,45.0,0.6348468036140442,Overall
62,45.083333333333336,0.6364430461821242,Overall
63,45.166666666666664,0.6379887555883038,Overall
64,45.25,0.6395654153113591,Overall
65,45.333333333333336,0.6408982103714604,Overall
66,45.416666666666664,0.6422314587118226,Overall
67,45.5,0.643860270645755,Overall
68,45.583333333333336,0.6467422203028308,Overall
69,45.666666666666664,0.648117477685509,Overall
70,45.75,0.6494524118149347,Overall
71,45.833333333333336,0.6507776178886827,Overall
72,45.916666666666664,0.6522766014542614,Overall
73,46.0,0.6535926149033565,Overall
74,46.083333333333336,0.6548787051420911,Overall
75,46.166666666666664,0.6564103085216381,Overall
76,46.25,0.657625777866325,Overall
77,46.333333333333336,0.6589132063009925,Overall
78,46.416666666666664,0.6602929659015492,Overall
79,46.5,0.6620106718978934,Overall
80,46.583333333333336,0.663227858983118,Overall
81,46.666666666666664,0.6644352576596291,Overall
82,46.75,0.6658171092356274,Overall
83,46.833333333333336,0.667096836621987,Overall
84,46.916666666666664,0.6684692108380357,Overall
85,47.0,0.6698832066627469,Overall
86,47.083333333333336,0.6723021703423073,Overall
87,47.166666666666664,0.6737271663792983,Overall
88,47.25,0.674968020442289,Overall
89,47.333333333333336,0.6762504204626383,Overall
90,47.416666666666664,0.677471574856278,Overall
91,47.5,0.6788161275451086,Overall
92,47.583333333333336,0.6800583601986817,Overall
93,47.666666666666664,0.6814036452191914,Overall
94,47.75,0.6828934214597415,Overall
95,47.833333333333336,0.6841680151627885,Overall
96,47.916666666666664,0.6853405441063984,Overall
97,48.0,0.6866573260841793,Overall
98,48.08333333333333,0.6874705080177347,Overall
99,48.166666666666664,0.6883252296835072,Overall
100,48.25,0.6892111668921408,Overall
101,48.33333333333333,0.6902107861245657,Overall
102,48.416666666666664,0.6909633522680899,Overall
103,48.5,0.6917368721112319,Overall
104,48.58333333333333,0.6925415750555202,Overall
105,48.666666666666664,0.6933981776962634,Overall
106,48.75,0.6942549533763931,Overall
107,48.83333333333333,0.6950707140803436,Overall
108,48.916666666666664,0.6958350773186506,Overall
109,49.0,0.6966616966689411,Overall
110,49.08333333333333,0.6979845579965405,Overall
111,49.166666666666664,0.7002796024315636,Overall
112,49.25,0.7014791044539179,Overall
113,49.33333333333333,0.7026894501162838,Overall
114,49.416666666666664,0.7039000906458626,Overall
115,49.5,0.7049971402925432,Overall
116,49.58333333333333,0.7061878369395447,Overall
117,49.666666666666664,0.7073889721259771,Overall
118,49.75,0.7085177847976554,Overall
119,49.83333333333333,0.7095331134778935,Overall
120,49.916666666666664,0.7109012846533473,Overall
121,50.0,0.7120831412677602,Overall
122,50.08333333333333,0.7132134062537795,Overall
123,50.166666666666664,0.7142509093061862,Overall
124,50.25,0.7152990537826733,Overall
125,50.33333333333333,0.716409869172305,Overall
126,50.416666666666664,0.7175314355312251,Overall
127,50.5,0.7184872304457544,Overall
128,50.58333333333333,0.7197654640702945,Overall
129,50.666666666666664,0.7214183052014178,Overall
130,50.75,0.722718145136088,Overall
131,50.83333333333333,0.7237168341908988,Overall
132,50.916666666666664,0.7247160876256151,Overall
133,51.0,0.7258721738226394,Overall
134,51.08333333333333,0.7268411547361509,Overall
135,51.166666666666664,0.7280606138667932,Overall
136,51.25,0.7291137937433015,Overall
137,51.33333333333333,0.730292466877957,Overall
138,51.416666666666664,0.7314192477985089,Overall
139,51.5,0.7322229130501126,Overall
140,51.58333333333333,0.733402547794385,Overall
141,51.666666666666664,0.7344366404860105,Overall
142,51.75,0.7354084431315917,Overall
143,51.83333333333333,0.7376662464849504,Overall
144,51.916666666666664,0.738565509192312,Overall
145,52.0,0.7396430071937203,Overall
146,52.08333333333333,0.7402290197177217,Overall
147,52.166666666666664,0.7407837727983473,Overall
148,52.25,0.7414226233441557,Overall
149,52.33333333333333,0.7422398451990647,Overall
150,52.416666666666664,0.7429107134344153,Overall
151,52.5,0.7435714226231902,Overall
152,52.58333333333333,0.7440959022463942,Overall
153,52.666666666666664,0.7447570175649572,Overall
154,52.75,0.7454290965115481,Overall
155,52.83333333333333,0.7460699361084775,Overall
156,52.916666666666664,0.7466900467777489,Overall
157,53.0,0.747236811858798,Overall
158,53.08333333333333,0.7482782450045435,Overall
159,53.166666666666664,0.7502147281101195,Overall
160,53.25,0.7518888074487846,Overall
161,53.33333333333333,0.7533845953974249,Overall
162,53.416666666666664,0.7544803828911733,Overall
163,53.5,0.7555767349813114,Overall
164,53.58333333333333,0.7564203374318699,Overall
165,53.666666666666664,0.7580455385945357,Overall
166,53.75,0.7590273338260342,Overall
167,53.83333333333333,0.7597878665032147,Overall
168,53.916666666666664,0.7606544478911049,Overall
169,54.0,0.7613734890902836,Overall
170,54.08333333333333,0.7623362473475561,Overall
171,54.166666666666664,0.763670187961134,Overall
172,54.25,0.7659788409018256,Overall
173,54.33333333333333,0.7670170045699087,Overall
174,54.416666666666664,0.7679815399679405,Overall
175,54.5,0.7689781464038306,Overall
176,54.58333333333333,0.7699540859084153,Overall
177,54.666666666666664,0.7708668401696321,Overall
178,54.75,0.771769357249594,Overall
179,54.83333333333333,0.7725554802976082,Overall
180,54.916666666666664,0.7733951119357616,Overall
181,55.0,0.7744480493204587,Overall
182,55.08333333333333,0.7763416559245976,Overall
183,55.166666666666664,0.7772995986727435,Overall
184,55.25,0.7782792972775399,Overall
185,55.33333333333333,0.7792168505829831,Overall
186,55.416666666666664,0.7799419534161324,Overall
187,55.5,0.7808060138055497,Overall
188,55.58333333333333,0.7816812527453603,Overall
189,55.666666666666664,0.7824822852801725,Overall
190,55.75,0.7832412668874609,Overall
191,55.83333333333333,0.7842254640766007,Overall
192,55.916666666666664,0.7858524969896059,Overall
193,56.0,0.7868057870295163,Overall
194,56.08333333333333,0.7873631294997018,Overall
195,56.166666666666664,0.7879207530443089,Overall
196,56.25,0.7885860828682857,Overall
197,56.33333333333333,0.7890906506896022,Overall
198,56.416666666666664,0.7895310297546729,Overall
199,56.5,0.7900144713176886,Overall
200,56.58333333333333,0.7904659606288718,Overall
201,56.666666666666664,0.79089623741797,Overall
202,56.75,0.7914344156302057,Overall
203,56.83333333333333,0.7928452434497059,Overall
204,56.916666666666664,0.7933948970881255,Overall
205,57.0,0.7939124881601382,Overall
206,57.08333333333333,0.7946459340598142,Overall
207,57.166666666666664,0.7951747520770029,Overall
208,57.25,0.795930803930758,Overall
209,57.33333333333333,0.7967305666947194,Overall
210,57.416666666666664,0.7975093767840118,Overall
211,57.5,0.798256055546405,Overall
212,57.58333333333333,0.7990033756820841,Overall
213,57.666666666666664,0.799772937822214,Overall
214,57.75,0.8004235185506154,Overall
215,57.83333333333333,0.8011721744829851,Overall
216,57.916666666666664,0.8029197058678654,Overall
217,58.0,0.8035604231564808,Overall
218,58.08333333333333,0.8042773559186835,Overall
219,58.166666666666664,0.8050165472431782,Overall
220,58.25,0.8059083227535836,Overall
221,58.33333333333333,0.8065614635631622,Overall
222,58.416666666666664,0.8073893343126386,Overall
223,58.5,0.8081522351556261,Overall
224,58.58333333333333,0.8088395487288529,Overall
225,58.666666666666664,0.8097019595363693,Overall
226,58.75,0.8105867618598612,Overall
227,58.83333333333333,0.8113846824775672,Overall
228,58.916666666666664,0.8122595216126436,Overall
229,59.0,0.8130802569751436,Overall
230,59.08333333333333,0.8137810691341121,Overall
231,59.166666666666664,0.8146359379827695,Overall
232,59.25,0.8154365282399734,Overall
233,59.33333333333333,0.8163912804128312,Overall
234,59.416666666666664,0.817555237369726,Overall
235,59.5,0.8183574097284572,Overall
236,59.58333333333333,0.8191711122334571,Overall
237,59.666666666666664,0.8199082462977284,Overall
238,59.75,0.8205908707844642,Overall
239,59.83333333333333,0.8212740822586587,Overall
240,59.916666666666664,0.8218805682825834,Overall
241,60.0,0.8225867783947078,Overall
242,60.08333333333333,0.8229179791817743,Overall
243,60.166666666666664,0.8232938086891288,Overall
244,60.25,0.8236700147319946,Overall
245,60.33333333333333,0.8240575531611549,Overall
246,60.416666666666664,0.8244122088020269,Overall
247,60.5,0.8247782015451757,Overall
248,60.58333333333333,0.8250890359570315,Overall
249,60.666666666666664,0.8253778695591351,Overall
250,60.75,0.825711330024649,Overall
251,60.83333333333333,0.8260784877718041,Overall
252,60.916666666666664,0.8264682465711376,Overall
253,61.0,0.8275941351236087,Overall
254,61.08333333333333,0.8282188748953879,Overall
255,61.166666666666664,0.8288665156426624,Overall
256,61.25,0.8295593637574695,Overall
257,61.33333333333333,0.8301856548092795,Overall
258,61.416666666666664,0.8308684492893159,Overall
259,61.5,0.831551560233721,Overall
260,61.58333333333333,0.8321117106718905,Overall
261,61.666666666666664,0.8328180186670604,Overall
262,61.75,0.833435257639559,Overall
263,61.83333333333333,0.8340530793842194,Overall
264,61.916666666666664,0.83450276956948,Overall
265,62.0,0.8351440572740714,Overall
266,62.08333333333333,0.8358083449820914,Overall
267,62.166666666666664,0.8364394179183304,Overall
268,62.25,0.8371162203269441,Overall
269,62.33333333333333,0.8377938204642514,Overall
270,62.416666666666664,0.8384720344553416,Overall
271,62.5,0.8389928002539856,Overall
272,62.58333333333333,0.8396613501016185,Overall
273,62.666666666666664,0.8403758312830866,Overall
274,62.75,0.8415905234139954,Overall
275,62.83333333333333,0.8420561330304571,Overall
276,62.916666666666664,0.8425790506841637,Overall
277,63.0,0.8435233943379086,Overall
278,63.08333333333333,0.8442636402890029,Overall
279,63.166666666666664,0.8448222028439611,Overall
280,63.25,0.8452559473303112,Overall
281,63.33333333333333,0.8458956687941752,Overall
282,63.416666666666664,0.8466846573564073,Overall
283,63.5,0.847371554052839,Overall
284,63.58333333333333,0.8479329407704048,Overall
285,63.666666666666664,0.8484605531346046,Overall
286,63.75,0.8492414475258478,Overall
287,63.83333333333333,0.8498619949634272,Overall
288,63.916666666666664,0.850563413230045,Overall
289,64.0,0.85197861958766,Overall
290,64.08333333333333,0.8523011062552249,Overall
291,64.16666666666666,0.8526586469163281,Overall
292,64.25,0.8529702972518752,Overall
293,64.33333333333333,0.8532243542311762,Overall
294,64.41666666666666,0.8535943574346267,Overall
295,64.5,0.8539069920715505,Overall
296,64.58333333333333,0.854092403995629,Overall
297,64.66666666666666,0.8543011084400092,Overall
298,64.75,0.8545447326714576,Overall
299,64.83333333333333,0.8547189445055303,Overall
300,64.91666666666666,0.8549630362060969,Overall
301,65.0,0.8551958590069539,Overall
302,65.08333333333333,0.8557316960663761,Overall
303,65.16666666666666,0.8562916442016404,Overall
304,65.25,0.8568756820615056,Overall
305,65.33333333333333,0.8580099188948416,Overall
306,65.41666666666666,0.8584195844490976,Overall
307,65.5,0.858876597874564,Overall
308,65.58333333333333,0.8592049827544372,Overall
309,65.66666666666666,0.8597921669117712,Overall
310,65.75,0.8602151520782151,Overall
311,65.83333333333333,0.8606386355861833,Overall
312,65.91666666666666,0.8611453613319802,Overall
313,66.0,0.8616170944343007,Overall
314,66.08333333333333,0.862243154527769,Overall
315,66.16666666666666,0.8632247666649768,Overall
316,66.25,0.8637340172523357,Overall
317,66.33333333333333,0.8642082333050507,Overall
318,66.41666666666666,0.8646238254556561,Overall
319,66.5,0.8651590031640366,Overall
320,66.58333333333333,0.8663019252632995,Overall
321,66.66666666666666,0.8673630210945433,Overall
322,66.75,0.8677447445701234,Overall
323,66.83333333333333,0.8681508385541037,Overall
324,66.91666666666666,0.8686887544439557,Overall
325,67.0,0.8690601301042272,Overall
326,67.08333333333333,0.8696360063874411,Overall
327,67.16666666666666,0.8700925386662428,Overall
328,67.25,0.8705735883286527,Overall
329,67.33333333333333,0.870946956908758,Overall
330,67.41666666666666,0.8715737790870454,Overall
331,67.5,0.8721533088984416,Overall
332,67.58333333333333,0.8724556327044894,Overall
333,67.66666666666666,0.8728553443968685,Overall
334,67.75,0.8734010296140493,Overall
335,67.83333333333333,0.87387445562278,Overall
336,67.91666666666666,0.8743362758854833,Overall
337,68.0,0.8747986327325352,Overall
338,68.08333333333333,0.8749691570191143,Overall
339,68.16666666666666,0.8756400542253532,Overall
340,68.25,0.8758478709046189,Overall
341,68.33333333333333,0.8761171017414939,Overall
342,68.41666666666666,0.8763009406288979,Overall
343,68.5,0.8765220072560502,Overall
344,68.58333333333333,0.8767186869856572,Overall
345,68.66666666666666,0.8769648803216819,Overall
346,68.75,0.8771867873511617,Overall
347,68.83333333333333,0.8773349782563189,Overall
348,68.91666666666666,0.877470997937688,Overall
349,69.0,0.8776320084528815,Overall
350,69.08333333333333,0.8780907334465231,Overall
351,69.16666666666666,0.8785378789988333,Overall
352,69.25,0.8787990343731575,Overall
353,69.33333333333333,0.8794092108157461,Overall
354,69.41666666666666,0.8797335137241854,Overall
355,69.5,0.8802211312483308,Overall
356,69.58333333333333,0.8807598855743058,Overall
357,69.66666666666666,0.8810609336225087,Overall
358,69.75,0.8815510671378004,Overall
359,69.83333333333333,0.8819662359943541,Overall
360,69.91666666666666,0.8822686927887312,Overall
361,70.0,0.8826471689156427,Overall
362,70.08333333333333,0.8831022698441182,Overall
363,70.16666666666666,0.8837359305669926,Overall
364,70.25,0.8840405193309258,Overall
365,70.33333333333333,0.8844348527996337,Overall
366,70.41666666666666,0.8849059755901156,Overall
367,70.5,0.8853141104284485,Overall
368,70.58333333333333,0.8857101517091346,Overall
369,70.66666666666666,0.8861452978280472,Overall
370,70.75,0.886594150562449,Overall
371,70.83333333333333,0.8869664360088706,Overall
372,70.91666666666666,0.887287992574617,Overall
373,71.0,0.8875585941701277,Overall
374,71.08333333333333,0.8879844108320953,Overall
375,71.16666666666666,0.8884368684917465,Overall
376,71.25,0.8887474850991941,Overall
377,71.33333333333333,0.8891882431400502,Overall
378,71.41666666666666,0.8897074501535677,Overall
379,71.5,0.8900716236672115,Overall
380,71.58333333333333,0.8904755804792454,Overall
381,71.66666666666666,0.8907762562549647,Overall
382,71.75,0.8911165171389057,Overall
383,71.83333333333333,0.8915230434509247,Overall
384,71.91666666666666,0.8918385745328757,Overall
385,72.0,0.8921810242481881,Overall
386,72.08333333333333,0.8922998548606993,Overall
387,72.16666666666666,0.8924189336452515,Overall
388,72.25,0.8925382766253073,Overall
389,72.33333333333333,0.8926975971936908,Overall
390,72.41666666666666,0.8928172949657851,Overall
391,72.5,0.8929773288665454,Overall
392,72.58333333333333,0.8931243931241929,Overall
393,72.66666666666666,0.8933387069116365,Overall
394,72.75,0.8934729058209073,Overall
395,72.83333333333333,0.8936610924857032,Overall
396,72.91666666666666,0.8937419585750677,Overall
397,73.0,0.8938499992882603,Overall
398,73.08333333333333,0.8942290097473177,Overall
399,73.16666666666666,0.8947444364759151,Overall
400,73.25,0.8951525619645698,Overall
401,73.33333333333333,0.8954660275923892,Overall
402,73.41666666666666,0.8958213993605115,Overall
403,73.5,0.896136552302075,Overall
404,73.58333333333333,0.8964108878744415,Overall
405,73.66666666666666,0.8966721986989749,Overall
406,73.75,0.8970163035387944,Overall
407,73.83333333333333,0.8973747474622202,Overall
408,73.91666666666666,0.8977891159112288,Overall
409,74.0,0.898176278350959,Overall
410,74.08333333333333,0.898564548023596,Overall
411,74.16666666666666,0.8993562529068844,Overall
412,74.25,0.8995370667145421,Overall
413,74.33333333333333,0.8998997991496793,Overall
414,74.41666666666666,0.9003334967354737,Overall
415,74.5,0.900641671446903,Overall
416,74.58333333333333,0.9011334052562013,Overall
417,74.66666666666666,0.9013868010564845,Overall
418,74.75,0.9016124282812944,Overall
419,74.83333333333333,0.9019797042130512,Overall
420,74.91666666666666,0.9022771646482428,Overall
421,75.0,0.9025326120830863,Overall
422,75.08333333333333,0.9029024533098581,Overall
423,75.16666666666666,0.9032305337526191,Overall
424,75.25,0.9034594046262271,Overall
425,75.33333333333333,0.903789237319869,Overall
426,75.41666666666666,0.9041200067580818,Overall
427,75.5,0.9044081942941261,Overall
428,75.58333333333333,0.9047690815098686,Overall
429,75.66666666666666,0.9051307362208291,Overall
430,75.75,0.9054500147588651,Overall
431,75.83333333333333,0.9057117649487054,Overall
432,75.91666666666666,0.9060910183693944,Overall
433,76.0,0.90644213467398,Overall
434,76.08333333333333,0.906618050434543,Overall
435,76.16666666666666,0.9067798909017275,Overall
436,76.25,0.9068685453088586,Overall
437,76.33333333333333,0.9069721892171,Overall
438,76.41666666666666,0.9071502896844572,Overall
439,76.5,0.9072844009656063,Overall
440,76.58333333333333,0.9072993502721257,Overall
441,76.66666666666666,0.9074191185534279,Overall
442,76.75,0.9074491334282688,Overall
443,76.83333333333333,0.907584595747206,Overall
444,76.91666666666666,0.9077504579509554,Overall
445,77.0,0.9079168641435661,Overall
446,77.08333333333333,0.9081748426059194,Overall
447,77.16666666666666,0.9085098042147188,Overall
448,77.25,0.9088000552950195,Overall
449,77.33333333333333,0.9090914289202751,Overall
450,77.41666666666666,0.9093066699138681,Overall
451,77.5,0.9100777405658502,Overall
452,77.58333333333333,0.9103411241651576,Overall
453,77.66666666666666,0.9105895297085962,Overall
454,77.75,0.9107605758256753,Overall
455,77.83333333333333,0.9109476932623504,Overall
456,77.91666666666666,0.9113384106488792,Overall
457,78.0,0.9115581419731695,Overall
458,78.08333333333333,0.9117785382017874,Overall
459,78.16666666666666,0.9122362166261432,Overall
460,78.25,0.9124420862010008,Overall
461,78.33333333333333,0.9127599007701441,Overall
462,78.41666666666666,0.9129990020835824,Overall
463,78.5,0.9133029217306521,Overall
464,78.58333333333333,0.9135435241680323,Overall
465,78.66666666666666,0.913833268454939,Overall
466,78.75,0.9141888617946485,Overall
467,78.83333333333333,0.9143347164204934,Overall
468,78.91666666666666,0.9146271448491736,Overall
469,79.0,0.9149689618097394,Overall
470,79.08333333333333,0.9153285701988563,Overall
471,79.16666666666666,0.9155743270577992,Overall
472,79.25,0.9157713914568084,Overall
473,79.33333333333333,0.9161504284351871,Overall
474,79.41666666666666,0.9165136995211316,Overall
475,79.5,0.9167791567563587,Overall
476,79.58333333333333,0.9170122683620832,Overall
477,79.66666666666666,0.9173799884217074,Overall
478,79.75,0.9176814601850176,Overall
479,79.83333333333333,0.9178832625298143,Overall
480,79.91666666666666,0.9181706795644022,Overall
481,80.0,0.9183914268492461,Overall
482,80.08333333333333,0.918493629195083,Overall
483,80.16666666666666,0.9185790298350714,Overall
484,80.25,0.9186819857509808,Overall
485,80.33333333333333,0.9187853342122165,Overall
486,80.41666666666666,0.9188372064705438,Overall
487,80.5,0.9189067249232457,Overall
488,80.58333333333333,0.9189764076515607,Overall
489,80.66666666666666,0.9189938884697588,Overall
490,80.75,0.9190639326647698,Overall
491,80.83333333333333,0.9194681736091153,Overall
492,80.91666666666666,0.9195210854529989,Overall
493,81.0,0.9196274452519597,Overall
494,81.08333333333333,0.919841107338131,Overall
495,81.16666666666666,0.9202339555534487,Overall
496,81.25,0.9204849613125521,Overall
497,81.33333333333333,0.9207367619326887,Overall
498,81.41666666666666,0.920917439475582,Overall
499,81.5,0.9210988631060578,Overall
500,81.58333333333333,0.9213358034570907,Overall
501,81.66666666666666,0.9215004494498549,Overall
502,81.75,0.9217024838569797,Overall
503,81.83333333333333,0.9217947288100229,Overall
504,81.91666666666666,0.921943196339572,Overall
505,82.0,0.9221482655634232,Overall
506,82.08333333333333,0.9224477673068675,Overall
507,82.16666666666666,0.9226358183075783,Overall
508,82.25,0.9227680647720098,Overall
509,82.33333333333333,0.923014569843938,Overall
510,82.41666666666666,0.923262050207941,Overall
511,82.5,0.9234914611191282,Overall
512,82.58333333333333,0.9236450541708339,Overall
513,82.66666666666666,0.9238955878143924,Overall
514,82.75,0.9239728904169171,Overall
515,82.83333333333333,0.9242444158082853,Overall
516,82.91666666666666,0.9244192812244755,Overall
517,83.0,0.924594597324728,Overall
518,83.08333333333333,0.9248686564206402,Overall
519,83.16666666666666,0.9250651295994565,Overall
520,83.25,0.925242513564108,Overall
521,83.33333333333333,0.9254602345995316,Overall
522,83.41666666666666,0.9257391113273794,Overall
523,83.5,0.9258993289944184,Overall
524,83.58333333333333,0.9261808512180489,Overall
525,83.66666666666666,0.9267872516735414,Overall
526,83.75,0.9271122805229375,Overall
527,83.83333333333333,0.9273982749379259,Overall
528,83.91666666666666,0.9276441740913961,Overall
529,84.0,0.927891403564888,Overall
530,84.08333333333333,0.9279327977075028,Overall
531,84.16666666666666,0.927995211566301,Overall
532,84.25,0.9280370626493779,Overall
533,84.33333333333333,0.9280580798623892,Overall
534,84.41666666666666,0.9281424939663934,Overall
535,84.5,0.9282276079800548,Overall
536,84.58333333333333,0.9282703296419713,Overall
537,84.66666666666666,0.9283347574895984,Overall
538,84.75,0.9283778903469625,Overall
539,84.83333333333333,0.9283995480759172,Overall
540,84.91666666666666,0.9284213243690815,Overall
541,85.0,0.9284432272686014,Overall
542,85.08333333333333,0.928575454135367,Overall
543,85.16666666666666,0.9287084194705169,Overall
544,85.25,0.9288641751083778,Overall
545,85.33333333333333,0.9291100105069978,Overall
546,85.41666666666666,0.9291550057399353,Overall
547,85.5,0.9293583884985765,Overall
548,85.58333333333333,0.9295628175993845,Overall
549,85.66666666666666,0.9298821571569004,Overall
550,85.75,0.9300427148604993,Overall
551,85.83333333333333,0.9302041724918796,Overall
552,85.91666666666666,0.930413420475748,Overall
553,86.0,0.9306004811733939,Overall
554,86.08333333333333,0.9309066208899687,Overall
555,86.16666666666666,0.9310487395991425,Overall
556,86.25,0.9312156918035029,Overall
557,86.33333333333333,0.9313835168844982,Overall
558,86.41666666666666,0.9317216480930927,Overall
559,86.5,0.9318189800273863,Overall
560,86.58333333333333,0.9322837950182293,Overall
561,86.66666666666666,0.9325542664252008,Overall
562,86.75,0.9327764522239466,Overall
563,86.83333333333333,0.9329257825781325,Overall
564,86.91666666666666,0.9331008457854231,Overall
565,87.0,0.9332524299717099,Overall
566,87.08333333333333,0.9335319211290418,Overall
567,87.16666666666666,0.9336342584329232,Overall
568,87.25,0.9337887171022027,Overall
569,87.33333333333333,0.9339958701186994,Overall
570,87.41666666666666,0.9342829580699428,Overall
571,87.5,0.9345724604572999,Overall
572,87.58333333333333,0.9347313937517356,Overall
573,87.66666666666666,0.9348645406433069,Overall
574,87.75,0.9349717595064455,Overall
575,87.83333333333333,0.9351878899276953,Overall
576,87.91666666666666,0.9354047434954822,Overall
577,88.0,0.9356228785955397,Overall
578,88.08333333333333,0.9357051321578111,Overall
579,88.16666666666666,0.9357051321578111,Overall
580,88.25,0.9359554149478543,Overall
581,88.33333333333333,0.9360114960205794,Overall
582,88.41666666666666,0.9360396972122847,Overall
583,88.5,0.9360396972122847,Overall
584,88.58333333333333,0.9360684047090476,Overall
585,88.66666666666666,0.9360973854866047,Overall
586,88.75,0.9361557706985859,Overall
587,88.83333333333333,0.9361557706985859,Overall
588,88.91666666666666,0.9362151330689266,Overall
589,89.0,0.936274800858385,Overall
590,89.08333333333333,0.9364547308324318,Overall
591,89.16666666666666,0.9366970388178182,Overall
592,89.25,0.9368492825917051,Overall
593,89.33333333333333,0.9369723234439375,Overall
594,89.41666666666666,0.9372824990175402,Overall
595,89.5,0.9374385903589599,Overall
596,89.58333333333333,0.9376904732362265,Overall
597,89.66666666666666,0.9378490216503836,Overall
598,89.75,0.9379450818951279,Overall
599,89.83333333333333,0.9380738933494194,Overall
600,89.91666666666666,0.9381389759628198,Overall
601,90.0,0.9382377428984833,Overall
602,90.08333333333333,0.9383372524426855,Overall
603,90.16666666666666,0.9385049965872919,Overall
604,90.25,0.9387413859469235,Overall
605,90.33333333333333,0.9388435403894799,Overall
606,90.41666666666666,0.9389470200165705,Overall
607,90.5,0.939086729352917,Overall
608,90.58333333333333,0.9393685721320822,Overall
609,90.66666666666666,0.9397581432223551,Overall
610,90.75,0.9398295621396967,Overall
611,90.83333333333333,0.9400092826828876,Overall
612,90.91666666666666,0.9401185553920263,Overall
613,91.0,0.9403020157002615,Overall
614,91.08333333333333,0.940598099937334,Overall
615,91.16666666666666,0.9408215553607672,Overall
616,91.25,0.9411229096300949,Overall
617,91.33333333333333,0.9416934240716638,Overall
618,91.41666666666666,0.9418089588984702,Overall
619,91.5,0.9420031880076208,Overall
620,91.58333333333333,0.9420817212669199,Overall
621,91.66666666666666,0.9421611702089406,Overall
622,91.75,0.9423618601110609,Overall
623,91.83333333333333,0.9424834595623034,Overall
624,91.91666666666666,0.9426877086405623,Overall
625,92.0,0.9427289405048496,Overall
626,92.08333333333333,0.9427289405048496,Overall
627,92.16666666666666,0.942771144675443,Overall
628,92.25,0.9428139166151474,Overall
629,92.33333333333333,0.9429004311134602,Overall
630,92.41666666666666,0.9429441186183467,Overall
631,92.5,0.9429441186183467,Overall
632,92.58333333333333,0.9429887632829645,Overall
633,92.66666666666666,0.9429887632829645,Overall
634,92.75,0.9429887632829645,Overall
635,92.83333333333333,0.9431279282220623,Overall
636,92.91666666666666,0.9431747365115913,Overall
637,93.0,0.9432220121051758,Overall
638,93.08333333333333,0.9434131837815893,Overall
639,93.16666666666666,0.9434131837815893,Overall
640,93.25,0.9435113395772847,Overall
641,93.33333333333333,0.9438094327721276,Overall
642,93.41666666666666,0.9440099343501039,Overall
643,93.5,0.9440604669003294,Overall
644,93.58333333333333,0.9441627329571844,Overall
645,93.66666666666666,0.9442146746009451,Overall
646,93.75,0.9443200293231341,Overall
647,93.83333333333333,0.9445869515219686,Overall
648,93.91666666666666,0.9446408028810337,Overall
649,94.0,0.9446953439619391,Overall
650,94.08333333333333,0.9449163415884648,Overall
651,94.16666666666666,0.9451407149424832,Overall
652,94.25,0.9453107333879094,Overall
653,94.33333333333333,0.9457111778087092,Overall
654,94.41666666666666,0.9458851804439377,Overall
655,94.5,0.946121232001434,Overall
656,94.58333333333333,0.9462412292575557,Overall
657,94.66666666666666,0.946668855843007,Overall
658,94.75,0.9467925939965034,Overall
659,94.83333333333333,0.9467925939965034,Overall
660,94.91666666666666,0.9467925939965034,Overall
661,95.0,0.9471823918426829,Overall
662,95.08333333333333,0.9473804578732729,Overall
663,95.16666666666666,0.9477816233786862,Overall
664,95.25,0.9481885198198913,Overall
665,95.33333333333333,0.9483938493318336,Overall
666,95.41666666666666,0.9484630264775012,Overall
667,95.5,0.9484630264775012,Overall
668,95.58333333333333,0.9485338190235487,Overall
669,95.66666666666666,0.9486773788031204,Overall
670,95.75,0.9486773788031204,Overall
671,95.83333333333333,0.9487518673679924,Overall
672,95.91666666666666,0.9489037136869022,Overall
673,96.0,0.9489810151790551,Overall
674,96.08333333333333,0.9489810151790551,Overall
675,96.16666666666666,0.9489810151790551,Overall
676,96.25,0.9489810151790551,Overall
677,96.33333333333333,0.9490638382063619,Overall
678,96.41666666666666,0.9491476147882593,Overall
679,96.5,0.9492346907903342,Overall
680,96.58333333333333,0.9493229782846119,Overall
681,96.66666666666666,0.9493229782846119,Overall
682,96.75,0.9493229782846119,Overall
683,96.83333333333333,0.9493229782846119,Overall
684,96.91666666666666,0.9493229782846119,Overall
685,97.0,0.9493229782846119,Overall
686,97.08333333333333,0.9493229782846119,Overall
687,97.16666666666666,0.9494217639019907,Overall
688,97.25,0.9495219188249572,Overall
689,97.33333333333333,0.9496228749873072,Overall
690,97.41666666666666,0.9501358803336686,Overall
691,97.5,0.9501358803336686,Overall
692,97.58333333333333,0.9503480680769296,Overall
693,97.66666666666666,0.950563477759893,Overall
694,97.75,0.9507827084571884,Overall
695,97.83333333333333,0.9511190453014445,Overall
696,97.91666666666666,0.9511190453014445,Overall
697,98.0,0.9512351520822012,Overall
698,98.08333333333333,0.9512351520822012,Overall
699,98.16666666666666,0.9513570642019956,Overall
700,98.25,0.9514817896784008,Overall
701,98.33333333333333,0.9516078110039115,Overall
702,98.41666666666666,0.9516078110039115,Overall
703,98.5,0.9520099621590036,Overall
704,98.58333333333333,0.9520099621590036,Overall
705,98.66666666666666,0.952148661690336,Overall
706,98.75,0.9524326458939542,Overall
707,98.83333333333333,0.9524326458939542,Overall
708,98.91666666666666,0.9524326458939542,Overall
709,99.0,0.9524326458939542,Overall
710,99.08333333333333,0.9524326458939542,Overall
711,99.16666666666666,0.9524326458939542,Overall
712,99.25,0.9524326458939542,Overall
713,99.33333333333333,0.952600728417297,Overall
714,99.41666666666666,0.9527743521227282,Overall
715,99.5,0.9531281022940935,Overall
716,99.58333333333333,0.9531281022940935,Overall
717,99.66666666666666,0.9533133667119035,Overall
718,99.75,0.9535031497740502,Overall
719,99.83333333333333,0.9535031497740502,Overall
720,99.91666666666666,0.9535031497740502,Overall
721,100.0,0.9537035672319206,Overall
722,100.08333333333333,0.9537035672319206,Overall
723,100.16666666666666,0.9537035672319206,Overall
724,0.0,0.0,NHW male
725,40.0,0.5552884615384613,NHW male
726,40.083333333333336,0.5552884615384613,NHW male
727,40.166666666666664,0.5552884615384613,NHW male
728,40.25,0.5552884615384613,NHW male
729,40.333333333333336,0.5552884615384613,NHW male
730,40.416666666666664,0.5552884615384613,NHW male
731,40.5,0.5552884615384613,NHW male
732,40.583333333333336,0.5552884615384613,NHW male
733,40.666666666666664,0.5552884615384613,NHW male
734,40.833333333333336,0.5552884615384613,NHW male
735,40.916666666666664,0.5552884615384613,NHW male
736,41.0,0.5552884615384613,NHW male
737,41.083333333333336,0.5785480318468179,NHW male
738,41.166666666666664,0.5805103651935399,NHW male
739,41.25,0.5820646364613481,NHW male
740,41.333333333333336,0.5837419416595747,NHW male
741,41.416666666666664,0.5853377407626204,NHW male
742,41.5,0.5868520028620859,NHW male
743,41.583333333333336,0.5886940379231383,NHW male
744,41.666666666666664,0.5936071093395457,NHW male
745,41.75,0.5955319774097912,NHW male
746,41.833333333333336,0.5969248582735684,NHW male
747,41.916666666666664,0.5985635416427173,NHW male
748,42.0,0.6068807085182562,NHW male
749,42.083333333333336,0.6097097897773547,NHW male
750,42.166666666666664,0.6107348192190573,NHW male
751,42.25,0.6157385440167893,NHW male
752,42.333333333333336,0.617379109524242,NHW male
753,42.416666666666664,0.619143095617354,NHW male
754,42.5,0.6208664300263257,NHW male
755,42.583333333333336,0.6227136594166258,NHW male
756,42.666666666666664,0.6269422223197911,NHW male
757,42.75,0.6288315383798255,NHW male
758,42.833333333333336,0.630105195930216,NHW male
759,42.916666666666664,0.63220149940922,NHW male
760,43.0,0.6338049133956989,NHW male
761,43.083333333333336,0.6356967568350296,NHW male
762,43.166666666666664,0.6373420238245973,NHW male
763,43.25,0.6393163442120781,NHW male
764,43.333333333333336,0.6407149806510364,NHW male
765,43.416666666666664,0.6424433016695514,NHW male
766,43.5,0.6441310549082746,NHW male
767,43.583333333333336,0.6456546780242655,NHW male
768,43.666666666666664,0.6470962781950371,NHW male
769,43.75,0.6485385516961082,NHW male
770,43.833333333333336,0.6506408897049634,NHW male
771,43.916666666666664,0.6518781430763309,NHW male
772,44.0,0.6542704496760436,NHW male
773,44.083333333333336,0.6557563933020776,NHW male
774,44.166666666666664,0.6569124044543372,NHW male
775,44.25,0.6581515843082221,NHW male
776,44.333333333333336,0.6593909139119385,NHW male
777,44.416666666666664,0.6605069873736349,NHW male
778,44.5,0.6620366076204904,NHW male
779,44.583333333333336,0.6631118704939447,NHW male
780,44.666666666666664,0.6641046645887562,NHW male
781,44.75,0.6651392073244071,NHW male
782,44.833333333333336,0.6662155308019155,NHW male
783,44.916666666666664,0.6674580589165628,NHW male
784,45.0,0.6685350507536538,NHW male
785,45.083333333333336,0.670150538509291,NHW male
786,45.166666666666664,0.6714348054404906,NHW male
787,45.25,0.6727198825325096,NHW male
788,45.333333333333336,0.6740049596245292,NHW male
789,45.416666666666664,0.6754147575605208,NHW male
790,45.5,0.6771979651017114,NHW male
791,45.583333333333336,0.6786918426253439,NHW male
792,45.666666666666664,0.6800615841565882,NHW male
793,45.75,0.6815150946127821,NHW male
794,45.833333333333336,0.6829691738833992,NHW male
795,45.916666666666664,0.6845485094094127,NHW male
796,46.0,0.6858377640182863,NHW male
797,46.083333333333336,0.6872941452446917,NHW male
798,46.166666666666664,0.6888341581058584,NHW male
799,46.25,0.6901246117645496,NHW male
800,46.333333333333336,0.6914568719316241,NHW male
801,46.416666666666664,0.6933727714849645,NHW male
802,46.5,0.6949140304789949,NHW male
803,46.583333333333336,0.6963729741780295,NHW male
804,46.666666666666664,0.697373667479283,NHW male
805,46.75,0.6987084769404359,NHW male
806,46.833333333333336,0.6999602074059927,NHW male
807,46.916666666666664,0.7013794273487024,NHW male
808,47.0,0.7028414108488837,NHW male
809,47.083333333333336,0.7040114910761698,NHW male
810,47.166666666666664,0.7053492922464468,NHW male
811,47.25,0.7071061533659315,NHW male
812,47.333333333333336,0.7086126797952534,NHW male
813,47.416666666666664,0.7095757360338955,NHW male
814,47.5,0.7110831284074219,NHW male
815,47.583333333333336,0.712632841983665,NHW male
816,47.666666666666664,0.7139733301843242,NHW male
817,47.75,0.715398224949706,NHW male
818,47.833333333333336,0.7166985425660009,NHW male
819,47.916666666666664,0.7180833667543169,NHW male
820,48.0,0.7191327884087456,NHW male
821,48.08333333333333,0.7199727023190068,NHW male
822,48.166666666666664,0.7207288516376773,NHW male
823,48.25,0.7214433150721635,NHW male
824,48.33333333333333,0.7226206112499717,NHW male
825,48.416666666666664,0.7233356149813972,NHW male
826,48.5,0.7240508361713786,NHW male
827,48.58333333333333,0.7250187835204798,NHW male
828,48.666666666666664,0.7260712223465647,NHW male
829,48.75,0.7272080309842286,NHW male
830,48.83333333333333,0.7280501114565725,NHW male
831,48.916666666666664,0.7288083360528834,NHW male
832,49.0,0.7292719115468099,NHW male
833,49.08333333333333,0.7306626380285899,NHW male
834,49.166666666666664,0.7319692825076376,NHW male
835,49.25,0.7332337771647806,NHW male
836,49.33333333333333,0.7344145318659165,NHW male
837,49.416666666666664,0.7358489887231936,NHW male
838,49.5,0.736692786874533,NHW male
839,49.58333333333333,0.7381281636977276,NHW male
840,49.666666666666664,0.7390991539016534,NHW male
841,49.75,0.7404925392263412,NHW male
842,49.83333333333333,0.7416753829348977,NHW male
843,49.916666666666664,0.7432394495085208,NHW male
844,50.0,0.7442964252638783,NHW male
845,50.08333333333333,0.7453960436798788,NHW male
846,50.166666666666664,0.7465816267128016,NHW male
847,50.25,0.747428896432919,NHW male
848,50.33333333333333,0.748827830037772,NHW male
849,50.416666666666664,0.7496759548730321,NHW male
850,50.5,0.7504396553496904,NHW male
851,50.58333333333333,0.7517555884478633,NHW male
852,50.666666666666664,0.7542176568250905,NHW male
853,50.75,0.7554493291859119,NHW male
854,50.83333333333333,0.756468998417937,NHW male
855,50.916666666666664,0.7577017439312694,NHW male
856,51.0,0.7589355717497058,NHW male
857,51.08333333333333,0.7598295065887054,NHW male
858,51.166666666666664,0.7613199263173215,NHW male
859,51.25,0.7625559481274642,NHW male
860,51.33333333333333,0.7636214841706903,NHW male
861,51.416666666666664,0.7646870202139167,NHW male
862,51.5,0.7653692104071723,NHW male
863,51.58333333333333,0.7666485494998264,NHW male
864,51.666666666666664,0.7678005862823285,NHW male
865,51.75,0.7685260760880996,NHW male
866,51.83333333333333,0.7697216617493309,NHW male
867,51.916666666666664,0.7706190165653014,NHW male
868,52.0,0.7717731884908954,NHW male
869,52.08333333333333,0.772243582893481,NHW male
870,52.166666666666664,0.7725857521586176,NHW male
871,52.25,0.7731421958292253,NHW male
872,52.33333333333333,0.7736989546463331,NHW male
873,52.416666666666664,0.7743419771279216,NHW male
874,52.5,0.7748995810620285,NHW male
875,52.58333333333333,0.7756287554373991,NHW male
876,52.666666666666664,0.7762725137901991,NHW male
877,52.75,0.7767021805584143,NHW male
878,52.83333333333333,0.7773040614733508,NHW male
879,52.916666666666664,0.7778635990073374,NHW male
880,53.0,0.7785093443590605,NHW male
881,53.08333333333333,0.7794139152980843,NHW male
882,53.166666666666664,0.7805347357401891,NHW male
883,53.25,0.782863966139173,NHW male
884,53.33333333333333,0.7846331587839057,NHW male
885,53.416666666666664,0.7857123672486089,NHW male
886,53.5,0.7868354227719986,NHW male
887,53.58333333333333,0.787397178195466,NHW male
888,53.666666666666664,0.7898617624628768,NHW male
889,53.75,0.7912459583462007,NHW male
890,53.83333333333333,0.7919381997278505,NHW male
891,53.916666666666664,0.7927171332563234,NHW male
892,54.0,0.7932800489170019,NHW male
893,54.08333333333333,0.7940604514168959,NHW male
894,54.166666666666664,0.796056073754124,NHW male
895,54.25,0.7970107048982538,NHW male
896,54.33333333333333,0.7977051305389694,NHW male
897,54.416666666666664,0.7984870303994588,NHW male
898,54.5,0.7996171721616704,NHW male
899,54.58333333333333,0.8006612858976929,NHW male
900,54.666666666666664,0.801662550458591,NHW male
901,54.75,0.8024461488105983,NHW male
902,54.83333333333333,0.8030995794099016,NHW male
903,54.916666666666664,0.8037968805895038,NHW male
904,55.0,0.8047560958399551,NHW male
905,55.08333333333333,0.8058466002197591,NHW male
906,55.166666666666664,0.8071560880779892,NHW male
907,55.25,0.8081168140884701,NHW male
908,55.33333333333333,0.8088158420881479,NHW male
909,55.416666666666664,0.8095155096376883,NHW male
910,55.5,0.8102590771086775,NHW male
911,55.58333333333333,0.8109154686777205,NHW male
912,55.666666666666664,0.8114408250972314,NHW male
913,55.75,0.8122290427350043,NHW male
914,55.83333333333333,0.8133245559045785,NHW male
915,55.916666666666664,0.8159117889798968,NHW male
916,56.0,0.8165701874456339,NHW male
917,56.08333333333333,0.8170971584177793,NHW male
918,56.166666666666664,0.8174488946515913,NHW male
919,56.25,0.8179770077818184,NHW male
920,56.33333333333333,0.8183734760610929,NHW male
921,56.416666666666664,0.8186379165230278,NHW male
922,56.5,0.818946580414187,NHW male
923,56.58333333333333,0.8193437241568806,NHW male
924,56.666666666666664,0.8199179372585828,NHW male
925,56.75,0.8204041676685375,NHW male
926,56.83333333333333,0.8206695148721794,NHW male
927,56.916666666666664,0.8211563449157148,NHW male
928,57.0,0.8216431749592503,NHW male
929,57.08333333333333,0.8223073637317458,NHW male
930,57.166666666666664,0.8227063741425278,NHW male
931,57.25,0.8238161239288162,NHW male
932,57.33333333333333,0.8243490723817668,NHW male
933,57.416666666666664,0.8254605057379946,NHW male
934,57.5,0.8260832256461669,NHW male
935,57.58333333333333,0.8268840703477194,NHW male
936,57.666666666666664,0.8275522996181218,NHW male
937,57.75,0.8278642205232052,NHW male
938,57.83333333333333,0.8283543819454794,NHW male
939,57.916666666666664,0.8289336636263487,NHW male
940,58.0,0.8294239527613435,NHW male
941,58.08333333333333,0.8301372869892104,NHW male
942,58.166666666666664,0.8305837067343109,NHW male
943,58.25,0.8313878979998126,NHW male
944,58.33333333333333,0.8320143760858005,NHW male
945,58.416666666666664,0.8326413552206441,NHW male
946,58.5,0.8334933954807748,NHW male
947,58.58333333333333,0.8339870808311015,NHW male
948,58.666666666666664,0.8350207292179139,NHW male
949,58.75,0.8361004953752006,NHW male
950,58.83333333333333,0.8366409718949858,NHW male
951,58.916666666666664,0.8374519102584415,NHW male
952,59.0,0.8382632983935907,NHW male
953,59.08333333333333,0.8389398322820725,NHW male
954,59.166666666666664,0.8396622776657244,NHW male
955,59.25,0.840068996803551,NHW male
956,59.33333333333333,0.8408828950386473,NHW male
957,59.416666666666664,0.8415161069401424,NHW male
958,59.5,0.8425111542139199,NHW male
959,59.58333333333333,0.8433710071075793,NHW male
960,59.666666666666664,0.8438238229297603,NHW male
961,59.75,0.844593833083529,NHW male
962,59.83333333333333,0.8452738483996746,NHW male
963,59.916666666666664,0.8458637134937521,NHW male
964,60.0,0.8465903430117544,NHW male
965,60.08333333333333,0.8469537653558189,NHW male
966,60.166666666666664,0.8473178360894357,NHW male
967,60.25,0.8475456519114448,NHW male
968,60.33333333333333,0.8480472964908566,NHW male
969,60.416666666666664,0.8482754537033328,NHW male
970,60.5,0.8486411651737675,NHW male
971,60.58333333333333,0.848869942130881,NHW male
972,60.666666666666664,0.8491448073467692,NHW male
973,60.75,0.8493739312724273,NHW male
974,60.83333333333333,0.8496949978013837,NHW male
975,60.916666666666664,0.8499703657443428,NHW male
976,61.0,0.8503837970696033,NHW male
977,61.08333333333333,0.8507973553700866,NHW male
978,61.166666666666664,0.8513028155151217,NHW male
979,61.25,0.8519463272872355,NHW male
980,61.33333333333333,0.8524521007033349,NHW male
981,61.416666666666664,0.8528202801151793,NHW male
982,61.5,0.8536029060889179,NHW male
983,61.58333333333333,0.8542476243382904,NHW male
984,61.666666666666664,0.8547085742929448,NHW male
985,61.75,0.8551235609103244,NHW male
986,61.83333333333333,0.8558617848037752,NHW male
987,61.916666666666664,0.85641616255453,NHW male
988,62.0,0.8572477291806619,NHW male
989,62.08333333333333,0.8578490835295445,NHW male
990,62.166666666666664,0.8584047222909926,NHW male
991,62.25,0.8590536040873676,NHW male
992,62.33333333333333,0.8596563353856781,NHW male
993,62.416666666666664,0.8603527147999074,NHW male
994,62.5,0.8607244879385431,NHW male
995,62.58333333333333,0.8613759604306449,NHW male
996,62.666666666666664,0.8618881755583785,NHW male
997,62.75,0.8623074020069366,NHW male
998,62.83333333333333,0.862680300038062,NHW male
999,62.916666666666664,0.8633337588414158,NHW male
1000,63.0,0.8645952933751875,NHW male
1001,63.08333333333333,0.8653433856769819,NHW male
1002,63.166666666666664,0.8656711312612173,NHW male
1003,63.25,0.8661396658574461,NHW male
1004,63.33333333333333,0.8667960738007021,NHW male
1005,63.416666666666664,0.8678744582789084,NHW male
1006,63.5,0.8684378934248406,NHW male
1007,63.58333333333333,0.8688141883310262,NHW male
1008,63.666666666666664,0.8693321509758067,NHW male
1009,63.75,0.8704167271315472,NHW male
1010,63.83333333333333,0.8706999692580355,NHW male
1011,63.916666666666664,0.8715506273550222,NHW male
1012,64.0,0.8719286976203495,NHW male
1013,64.08333333333333,0.8722599981069191,NHW male
1014,64.16666666666666,0.87249690463862,NHW male
1015,64.25,0.8727339873745094,NHW male
1016,64.33333333333333,0.8728763430933298,NHW male
1017,64.41666666666666,0.8730662925246435,NHW male
1018,64.5,0.8733990775255153,NHW male
1019,64.58333333333333,0.8736846435160592,NHW male
1020,64.66666666666666,0.8737322557876326,NHW male
1021,64.75,0.873875146482705,NHW male
1022,64.83333333333333,0.8740658835012567,NHW male
1023,64.91666666666666,0.8742089362651704,NHW male
1024,65.0,0.8744000354884669,NHW male
1025,65.08333333333333,0.8748779653382064,NHW male
1026,65.16666666666666,0.874973697575897,NHW male
1027,65.25,0.8755012347169272,NHW male
1028,65.33333333333333,0.8759809987449929,NHW male
1029,65.41666666666666,0.8763168335646391,NHW male
1030,65.5,0.8764608186245172,NHW male
1031,65.58333333333333,0.8767007937243142,NHW male
1032,65.66666666666666,0.8774224043736061,NHW male
1033,65.75,0.8779520012125263,NHW male
1034,65.83333333333333,0.8780966078461606,NHW male
1035,65.91666666666666,0.878724229271111,NHW male
1036,66.0,0.8793042648425524,NHW male
1037,66.08333333333333,0.880079819767259,NHW male
1038,66.16666666666666,0.8804679109654232,NHW male
1039,66.25,0.8809052234862814,NHW male
1040,66.33333333333333,0.8810025629031295,NHW male
1041,66.41666666666666,0.8813925586002925,NHW male
1042,66.5,0.8819789983599945,NHW male
1043,66.58333333333333,0.8825668987417629,NHW male
1044,66.66666666666666,0.8829594874630607,NHW male
1045,66.75,0.883254052511392,NHW male
1046,66.83333333333333,0.8835978563113165,NHW male
1047,66.91666666666666,0.8840406370776723,NHW male
1048,67.0,0.8843363260608997,NHW male
1049,67.08333333333333,0.8846815907592254,NHW male
1050,67.16666666666666,0.8848792229944281,NHW male
1051,67.25,0.8852744874648335,NHW male
1052,67.33333333333333,0.8855715755421797,NHW male
1053,67.41666666666666,0.8860174005725348,NHW male
1054,67.5,0.8866128690937057,NHW male
1055,67.58333333333333,0.8869112562803011,NHW male
1056,67.66666666666666,0.8872100376375526,NHW male
1057,67.75,0.8876590025474429,NHW male
1058,67.83333333333333,0.8880582597574032,NHW male
1059,67.91666666666666,0.8885078249792611,NHW male
1060,68.0,0.8888578004165459,NHW male
1061,68.08333333333333,0.8889078419291904,NHW male
1062,68.16666666666666,0.8890079700572397,NHW male
1063,68.25,0.8891082338602594,NHW male
1064,68.33333333333333,0.8893089429392455,NHW male
1065,68.41666666666666,0.8895100166123803,NHW male
1066,68.5,0.889711273412722,NHW male
1067,68.58333333333333,0.8899631891883897,NHW male
1068,68.66666666666666,0.8900136185242337,NHW male
1069,68.75,0.8900641173219728,NHW male
1070,68.83333333333333,0.890114662555388,NHW male
1071,68.91666666666666,0.8902159393640926,NHW male
1072,69.0,0.8902666245259744,NHW male
1073,69.08333333333333,0.8907238469237828,NHW male
1074,69.16666666666666,0.8910799610166755,NHW male
1075,69.25,0.891130882026018,NHW male
1076,69.33333333333333,0.891436980764464,NHW male
1077,69.41666666666666,0.8916923030110199,NHW male
1078,69.5,0.8922036707966147,NHW male
1079,69.58333333333333,0.8926647767675417,NHW male
1080,69.66666666666666,0.8928698106228091,NHW male
1081,69.75,0.8932804677933972,NHW male
1082,69.83333333333333,0.8936913225853379,NHW male
1083,69.91666666666666,0.8938457661844875,NHW male
1084,70.0,0.8940002847198812,NHW male
1085,70.08333333333333,0.8944133376776217,NHW male
1086,70.16666666666666,0.8950861938590878,NHW male
1087,70.25,0.8954490380502867,NHW male
1088,70.33333333333333,0.8958651612819274,NHW male
1089,70.41666666666666,0.8960734309593634,NHW male
1090,70.5,0.8966991804969889,NHW male
1091,70.58333333333333,0.8972216934939694,NHW male
1092,70.66666666666666,0.897746072608796,NHW male
1093,70.75,0.8982712597037688,NHW male
1094,70.83333333333333,0.8987444166353792,NHW male
1095,70.91666666666666,0.8992180654141119,NHW male
1096,71.0,0.8994817544109353,NHW male
1097,71.08333333333333,0.8997458591024461,NHW male
1098,71.16666666666666,0.900063454057771,NHW male
1099,71.25,0.9003812173199085,NHW male
1100,71.33333333333333,0.9006993188079768,NHW male
1101,71.41666666666666,0.9011234541254014,NHW male
1102,71.5,0.9012297158619673,NHW male
1103,71.58333333333333,0.9016018321100655,NHW male
1104,71.66666666666666,0.9019751584923037,NHW male
1105,71.75,0.9022956756852444,NHW male
1106,71.83333333333333,0.9027234997654403,NHW male
1107,71.91666666666666,0.9029916268333416,NHW male
1108,72.0,0.9031527703103626,NHW male
1109,72.08333333333333,0.9031527703103626,NHW male
1110,72.16666666666666,0.9031527703103626,NHW male
1111,72.25,0.9033153565941168,NHW male
1112,72.33333333333333,0.9033696738095134,NHW male
1113,72.41666666666666,0.9033696738095134,NHW male
1114,72.5,0.9034788606187681,NHW male
1115,72.58333333333333,0.9034788606187681,NHW male
1116,72.66666666666666,0.903643385288168,NHW male
1117,72.75,0.9036983519822419,NHW male
1118,72.83333333333333,0.903863724016617,NHW male
1119,72.91666666666666,0.903863724016617,NHW male
1120,73.0,0.903974480094939,NHW male
1121,73.08333333333333,0.9043077091981375,NHW male
1122,73.16666666666666,0.9046973811211236,NHW male
1123,73.25,0.9050317762750846,NHW male
1124,73.33333333333333,0.9053669582411725,NHW male
1125,73.41666666666666,0.9057025364034379,NHW male
1126,73.5,0.9059830166639868,NHW male
1127,73.58333333333333,0.9060391797364696,NHW male
1128,73.66666666666666,0.9062082753938124,NHW male
1129,73.75,0.9062646406129268,NHW male
1130,73.83333333333333,0.9063775067891906,NHW male
1131,73.91666666666666,0.9068300626476115,NHW male
1132,74.0,0.9071698922063436,NHW male
1133,74.08333333333333,0.9076805712834479,NHW male
1134,74.16666666666666,0.9078509023327405,NHW male
1135,74.25,0.9080214435375534,NHW male
1136,74.33333333333333,0.9080785021954085,NHW male
1137,74.41666666666666,0.9085363925954315,NHW male
1138,74.5,0.9087656246941898,NHW male
1139,74.58333333333333,0.9092246655762317,NHW male
1140,74.66666666666666,0.909626834779375,NHW male
1141,74.75,0.9098570848818479,NHW male
1142,74.83333333333333,0.910318764344681,NHW male
1143,74.91666666666666,0.9104344820681072,NHW male
1144,75.0,0.9109565608643424,NHW male
1145,75.08333333333333,0.9114796620080897,NHW male
1146,75.16666666666666,0.9116544882187386,NHW male
1147,75.25,0.9120640369488504,NHW male
1148,75.33333333333333,0.9124160154533913,NHW male
1149,75.41666666666666,0.9127105143926874,NHW male
1150,75.5,0.9128874525391886,NHW male
1151,75.58333333333333,0.9131825492446791,NHW male
1152,75.66666666666666,0.9133598483272292,NHW male
1153,75.75,0.9136563580865473,NHW male
1154,75.83333333333333,0.9139530716326417,NHW male
1155,75.91666666666666,0.9143111032347251,NHW male
1156,76.0,0.914430864096731,NHW male
1157,76.08333333333333,0.9145507088248869,NHW male
1158,76.16666666666666,0.9146110117826675,NHW male
1159,76.25,0.9146110117826675,NHW male
1160,76.33333333333333,0.9146110117826675,NHW male
1161,76.41666666666666,0.9146720475140594,NHW male
1162,76.5,0.9148560761678752,NHW male
1163,76.58333333333333,0.9149176408271898,NHW male
1164,76.66666666666666,0.9149793394197735,NHW male
1165,76.75,0.9150412176298027,NHW male
1166,76.83333333333333,0.9151033220028804,NHW male
1167,76.91666666666666,0.9151655173713764,NHW male
1168,77.0,0.9152902739634773,NHW male
1169,77.08333333333333,0.9154776848617883,NHW male
1170,77.16666666666666,0.9158541762432502,NHW male
1171,77.25,0.9164214514595879,NHW male
1172,77.33333333333333,0.91661097197782,NHW male
1173,77.41666666666666,0.9167375107153348,NHW male
1174,77.5,0.9171177047303332,NHW male
1175,77.58333333333333,0.9175002384008086,NHW male
1176,77.66666666666666,0.9176279470100953,NHW male
1177,77.75,0.9176279470100953,NHW male
1178,77.83333333333333,0.9180125635999314,NHW male
1179,77.91666666666666,0.9183974811417157,NHW male
1180,78.0,0.9184618364405,NHW male
1181,78.08333333333333,0.9186552075793762,NHW male
1182,78.16666666666666,0.9192371655537686,NHW male
1183,78.25,0.9193022968718705,NHW male
1184,78.33333333333333,0.9194329814113492,NHW male
1185,78.41666666666666,0.9196294863347362,NHW male
1186,78.5,0.9201547838096725,NHW male
1187,78.58333333333333,0.9203532391937413,NHW male
1188,78.66666666666666,0.9206189498219524,NHW male
1189,78.75,0.9206857688877588,NHW male
1190,78.83333333333333,0.9207527572586306,NHW male
1191,78.91666666666666,0.920954575364084,NHW male
1192,79.0,0.9214266896750494,NHW male
1193,79.08333333333333,0.9218341571443232,NHW male
1194,79.16666666666666,0.9221065119974787,NHW male
1195,79.25,0.9223116748280384,NHW male
1196,79.33333333333333,0.9225181097044918,NHW male
1197,79.41666666666666,0.9228624736613608,NHW male
1198,79.5,0.9230703915221118,NHW male
1199,79.58333333333333,0.9232092536312777,NHW male
1200,79.66666666666666,0.9234887467936752,NHW male
1201,79.75,0.9236985582741313,NHW male
1202,79.83333333333333,0.9239798539118304,NHW male
1203,79.91666666666666,0.9242640413738422,NHW male
1204,80.0,0.924478793619474,NHW male
1205,80.08333333333333,0.924550581838467,NHW male
1206,80.16666666666666,0.9246226443199965,NHW male
1207,80.25,0.924695122546612,NHW male
1208,80.33333333333333,0.9248409209540726,NHW male
1209,80.41666666666666,0.9249141040884892,NHW male
1210,80.5,0.9249141040884892,NHW male
1211,80.58333333333333,0.924988007529347,NHW male
1212,80.66666666666666,0.924988007529347,NHW male
1213,80.75,0.925062424188544,NHW male
1214,80.83333333333333,0.9251372869016424,NHW male
1215,80.91666666666666,0.9251372869016424,NHW male
1216,81.0,0.9252129058037619,NHW male
1217,81.08333333333333,0.9255921507033371,NHW male
1218,81.16666666666666,0.925820629257984,NHW male
1219,81.25,0.9259737342543556,NHW male
1220,81.33333333333333,0.9263584861553205,NHW male
1221,81.41666666666666,0.9265903062408756,NHW male
1222,81.5,0.9267456706721118,NHW male
1223,81.58333333333333,0.9270583892604912,NHW male
1224,81.66666666666666,0.9271368210999961,NHW male
1225,81.75,0.9275294028828625,NHW male
1226,81.83333333333333,0.9277654634597913,NHW male
1227,81.91666666666666,0.9277654634597913,NHW male
1228,82.0,0.9277654634597913,NHW male
1229,82.08333333333333,0.9277654634597913,NHW male
1230,82.16666666666666,0.9280054453087621,NHW male
1231,82.25,0.9280054453087621,NHW male
1232,82.33333333333333,0.9282478512168133,NHW male
1233,82.41666666666666,0.9283288355833859,NHW male
1234,82.5,0.9285731690984425,NHW male
1235,82.58333333333333,0.9288191857375981,NHW male
1236,82.66666666666666,0.9291479654801497,NHW male
1237,82.75,0.9292303515668007,NHW male
1238,82.83333333333333,0.9293955082725959,NHW male
1239,82.91666666666666,0.9293955082725959,NHW male
1240,83.0,0.9294782802441404,NHW male
1241,83.08333333333333,0.9297268879518579,NHW male
1242,83.16666666666666,0.9298936094513789,NHW male
1243,83.25,0.9301442878442822,NHW male
1244,83.33333333333333,0.9303126148615248,NHW male
1245,83.41666666666666,0.9306533844710039,NHW male
1246,83.5,0.9306533844710039,NHW male
1247,83.58333333333333,0.930825034509442,NHW male
1248,83.66666666666666,0.9309975406577976,NHW male
1249,83.75,0.9312592440434191,NHW male
1250,83.83333333333333,0.9314343797273849,NHW male
1251,83.91666666666666,0.9315222843687601,NHW male
1252,84.0,0.9318748080013532,NHW male
1253,84.08333333333333,0.9318748080013532,NHW male
1254,84.16666666666666,0.9318748080013532,NHW male
1255,84.25,0.9318748080013532,NHW male
1256,84.33333333333333,0.9318748080013532,NHW male
1257,84.41666666666666,0.9318748080013532,NHW male
1258,84.5,0.9319668690716217,NHW male
1259,84.58333333333333,0.9319668690716217,NHW male
1260,84.66666666666666,0.9319668690716217,NHW male
1261,84.75,0.9319668690716217,NHW male
1262,84.83333333333333,0.9319668690716217,NHW male
1263,84.91666666666666,0.9319668690716217,NHW male
1264,85.0,0.9319668690716217,NHW male
1265,85.08333333333333,0.9321585116939552,NHW male
1266,85.16666666666666,0.9323506972132358,NHW male
1267,85.25,0.9323506972132358,NHW male
1268,85.33333333333333,0.9327389285061297,NHW male
1269,85.41666666666666,0.9327389285061297,NHW male
1270,85.5,0.9327389285061297,NHW male
1271,85.58333333333333,0.9329355983058194,NHW male
1272,85.66666666666666,0.9329355983058194,NHW male
1273,85.75,0.9329355983058194,NHW male
1274,85.83333333333333,0.9329355983058194,NHW male
1275,85.91666666666666,0.9332358866716143,NHW male
1276,86.0,0.9332358866716143,NHW male
1277,86.08333333333333,0.9334394357976153,NHW male
1278,86.16666666666666,0.9336448696377462,NHW male
1279,86.25,0.9339568843573178,NHW male
1280,86.33333333333333,0.9341662127745688,NHW male
1281,86.41666666666666,0.9344822149532509,NHW male
1282,86.5,0.9345885749939111,NHW male
1283,86.58333333333333,0.9349086961603357,NHW male
1284,86.66666666666666,0.9352314629562349,NHW male
1285,86.75,0.935339230904727,NHW male
1286,86.83333333333333,0.9354473592811405,NHW male
1287,86.91666666666666,0.9354473592811405,NHW male
1288,87.0,0.9354473592811405,NHW male
1289,87.08333333333333,0.935668052069923,NHW male
1290,87.16666666666666,0.935668052069923,NHW male
1291,87.25,0.9357795459138226,NHW male
1292,87.33333333333333,0.9357795459138226,NHW male
1293,87.41666666666666,0.9358926100935518,NHW male
1294,87.5,0.9360064775711832,NHW male
1295,87.58333333333333,0.9361209561444012,NHW male
1296,87.66666666666666,0.9362362612777144,NHW male
1297,87.75,0.9362362612777144,NHW male
1298,87.83333333333333,0.9364711185105774,NHW male
1299,87.91666666666666,0.9365892019334202,NHW male
1300,88.0,0.9367081715357966,NHW male
1301,88.08333333333333,0.9368280424230393,NHW male
1302,88.16666666666666,0.9368280424230393,NHW male
1303,88.25,0.9368280424230393,NHW male
1304,88.33333333333333,0.9368280424230393,NHW male
1305,88.41666666666666,0.9368280424230393,NHW male
1306,88.5,0.9368280424230393,NHW male
1307,88.58333333333333,0.9368280424230393,NHW male
1308,88.66666666666666,0.9368280424230393,NHW male
1309,88.75,0.9368280424230393,NHW male
1310,88.83333333333333,0.9368280424230393,NHW male
1311,89.0,0.9368280424230393,NHW male
1312,89.08333333333333,0.936958833225476,NHW male
1313,89.16666666666666,0.937091272651473,NHW male
1314,89.25,0.937091272651473,NHW male
1315,89.33333333333333,0.9373624309590097,NHW male
1316,89.41666666666666,0.9377709368440597,NHW male
1317,89.5,0.9379077040158309,NHW male
1318,89.58333333333333,0.9383263037640388,NHW male
1319,89.66666666666666,0.9384671112896917,NHW male
1320,89.75,0.9384671112896917,NHW male
1321,89.83333333333333,0.9384671112896917,NHW male
1322,89.91666666666666,0.9384671112896917,NHW male
1323,90.0,0.938615026887553,NHW male
1324,90.08333333333333,0.938615026887553,NHW male
1325,90.16666666666666,0.938615026887553,NHW male
1326,90.25,0.9387677258256437,NHW male
1327,90.33333333333333,0.9387677258256437,NHW male
1328,90.41666666666666,0.9390801353877578,NHW male
1329,90.5,0.9390801353877578,NHW male
1330,90.58333333333333,0.9392396114731301,NHW male
1331,90.66666666666666,0.9400475953631151,NHW male
1332,90.75,0.9402109534138968,NHW male
1333,90.83333333333333,0.9405440400244044,NHW male
1334,90.91666666666666,0.9405440400244044,NHW male
1335,91.0,0.9405440400244044,NHW male
1336,91.08333333333333,0.9405440400244044,NHW male
1337,91.16666666666666,0.9407163761402757,NHW male
1338,91.25,0.9410661320332534,NHW male
1339,91.33333333333333,0.9414158879262312,NHW male
1340,91.41666666666666,0.94159076587272,NHW male
1341,91.5,0.9417677635518935,NHW male
1342,91.58333333333333,0.9417677635518935,NHW male
1343,91.66666666666666,0.9417677635518935,NHW male
1344,91.75,0.9417677635518935,NHW male
1345,91.83333333333333,0.9417677635518935,NHW male
1346,91.91666666666666,0.9419550054697331,NHW male
1347,92.0,0.9419550054697331,NHW male
1348,92.08333333333333,0.9419550054697331,NHW male
1349,92.16666666666666,0.9419550054697331,NHW male
1350,92.25,0.9419550054697331,NHW male
1351,92.33333333333333,0.9419550054697331,NHW male
1352,92.41666666666666,0.9419550054697331,NHW male
1353,92.5,0.9419550054697331,NHW male
1354,92.58333333333333,0.942166078177116,NHW male
1355,92.66666666666666,0.942166078177116,NHW male
1356,92.75,0.942166078177116,NHW male
1357,92.83333333333333,0.942166078177116,NHW male
1358,92.91666666666666,0.942166078177116,NHW male
1359,93.0,0.942166078177116,NHW male
1360,93.08333333333333,0.9423955778668893,NHW male
1361,93.16666666666666,0.9423955778668893,NHW male
1362,93.25,0.9423955778668893,NHW male
1363,93.33333333333333,0.9426376132540032,NHW male
1364,93.41666666666666,0.9431321165880204,NHW male
1365,93.5,0.9431321165880204,NHW male
1366,93.58333333333333,0.9431321165880204,NHW male
1367,93.66666666666666,0.9433953938260389,NHW male
1368,93.75,0.9433953938260389,NHW male
1369,93.83333333333333,0.9439396688854038,NHW male
1370,93.91666666666666,0.9439396688854038,NHW male
1371,94.0,0.9442171952770603,NHW male
1372,94.08333333333333,0.9442171952770603,NHW male
1373,94.16666666666666,0.9442171952770603,NHW male
1374,94.25,0.9442171952770603,NHW male
1375,94.33333333333333,0.9442171952770603,NHW male
1376,94.41666666666666,0.9442171952770603,NHW male
1377,94.5,0.9445139123234589,NHW male
1378,94.58333333333333,0.9448187809370663,NHW male
1379,94.66666666666666,0.9454458402445995,NHW male
1380,94.75,0.9454458402445995,NHW male
1381,94.83333333333333,0.9454458402445995,NHW male
1382,94.91666666666666,0.9454458402445995,NHW male
1383,95.0,0.9464499045345762,NHW male
1384,95.08333333333333,0.9464499045345762,NHW male
1385,95.16666666666666,0.9464499045345762,NHW male
1386,95.25,0.9464499045345762,NHW male
1387,95.33333333333333,0.9471591773221978,NHW male
1388,95.41666666666666,0.9471591773221978,NHW male
1389,95.5,0.9471591773221978,NHW male
1390,95.58333333333333,0.9475312957917598,NHW male
1391,95.66666666666666,0.9475312957917598,NHW male
1392,95.75,0.9475312957917598,NHW male
1393,95.83333333333333,0.9475312957917598,NHW male
1394,95.91666666666666,0.9479380299329089,NHW male
1395,96.0,0.9479380299329089,NHW male
1396,96.08333333333333,0.9479380299329089,NHW male
1397,96.16666666666666,0.9479380299329089,NHW male
1398,96.25,0.9479380299329089,NHW male
1399,96.41666666666666,0.9479380299329089,NHW male
1400,96.5,0.9479380299329089,NHW male
1401,96.75,0.9479380299329089,NHW male
1402,96.83333333333333,0.9479380299329089,NHW male
1403,96.91666666666666,0.9479380299329089,NHW male
1404,97.0,0.9479380299329089,NHW male
1405,97.08333333333333,0.9479380299329089,NHW male
1406,97.16666666666666,0.9484692745254303,NHW male
1407,97.33333333333333,0.9490005191179516,NHW male
1408,97.41666666666666,0.9490005191179516,NHW male
1409,97.5,0.9490005191179516,NHW male
1410,97.58333333333333,0.9495867200476303,NHW male
1411,97.66666666666666,0.9495867200476303,NHW male
1412,97.75,0.9495867200476303,NHW male
1413,97.83333333333333,0.9502168860470349,NHW male
1414,97.91666666666666,0.9502168860470349,NHW male
1415,98.0,0.9502168860470349,NHW male
1416,98.08333333333333,0.9502168860470349,NHW male
1417,98.16666666666666,0.9502168860470349,NHW male
1418,98.25,0.9509280733892201,NHW male
1419,98.41666666666666,0.9509280733892201,NHW male
1420,98.5,0.9509280733892201,NHW male
1421,98.58333333333333,0.9509280733892201,NHW male
1422,98.66666666666666,0.9509280733892201,NHW male
1423,98.75,0.9517195560764908,NHW male
1424,98.83333333333333,0.9517195560764908,NHW male
1425,98.91666666666666,0.9517195560764908,NHW male
1426,99.0,0.9517195560764908,NHW male
1427,99.08333333333333,0.9517195560764908,NHW male
1428,99.16666666666666,0.9517195560764908,NHW male
1429,99.25,0.9517195560764908,NHW male
1430,99.33333333333333,0.952746799564225,NHW male
1431,99.5,0.952746799564225,NHW male
1432,99.66666666666666,0.952746799564225,NHW male
1433,99.75,0.952746799564225,NHW male
1434,99.83333333333333,0.952746799564225,NHW male
1435,99.91666666666666,0.952746799564225,NHW male
1436,100.0,0.952746799564225,NHW male
1437,100.08333333333333,0.952746799564225,NHW male
1438,100.16666666666666,0.952746799564225,NHW male
1439,0.0,0.0,NHW female
1440,40.0,0.3999450031426768,NHW female
1441,40.083333333333336,0.3999450031426768,NHW female
1442,40.166666666666664,0.3999450031426768,NHW female
1443,40.25,0.3999450031426768,NHW female
1444,40.333333333333336,0.3999450031426768,NHW female
1445,40.416666666666664,0.3999450031426768,NHW female
1446,40.5,0.3999450031426768,NHW female
1447,40.583333333333336,0.4080453523794141,NHW female
1448,40.75,0.4080453523794141,NHW female
1449,40.833333333333336,0.4080453523794141,NHW female
1450,40.916666666666664,0.4080453523794141,NHW female
1451,41.0,0.4080453523794141,NHW female
1452,41.083333333333336,0.43148754307588344,NHW female
1453,41.166666666666664,0.4357357507385001,NHW female
1454,41.25,0.4371521161668511,NHW female
1455,41.333333333333336,0.4384898881382131,NHW female
1456,41.416666666666664,0.439906551115789,NHW female
1457,41.5,0.44132341318871704,NHW female
1458,41.583333333333336,0.4429766518730037,NHW female
1459,41.666666666666664,0.44490556664743686,NHW female
1460,41.75,0.44667739594952705,NHW female
1461,41.833333333333336,0.4488035911120354,NHW female
1462,41.916666666666664,0.45022115581556144,NHW female
1463,42.0,0.45152105564060163,NHW female
1464,42.083333333333336,0.45439659161720614,NHW female
1465,42.166666666666664,0.4568783977347597,NHW female
1466,42.25,0.4664531619070217,NHW female
1467,42.333333333333336,0.4680690150878317,NHW female
1468,42.416666666666664,0.46956674607676696,NHW female
1469,42.5,0.4737843546202607,NHW female
1470,42.583333333333336,0.48245672273649,NHW female
1471,42.666666666666664,0.48450686750815963,NHW female
1472,42.75,0.4863205958311382,NHW female
1473,42.833333333333336,0.48801616767264133,NHW female
1474,42.916666666666664,0.4897906033207259,NHW female
1475,43.0,0.4914075612911868,NHW female
1476,43.083333333333336,0.5009135933781128,NHW female
1477,43.166666666666664,0.5030047926469055,NHW female
1478,43.25,0.5045437218320405,NHW female
1479,43.333333333333336,0.5060435496477326,NHW female
1480,43.416666666666664,0.5077408588506377,NHW female
1481,43.5,0.5097541079443514,NHW female
1482,43.583333333333336,0.5114911686023038,NHW female
1483,43.666666666666664,0.5155186419940407,NHW female
1484,43.75,0.5181248665949367,NHW female
1485,43.833333333333336,0.5193096112271414,NHW female
1486,43.916666666666664,0.5213638436577944,NHW female
1487,44.0,0.5229050267900057,NHW female
1488,44.083333333333336,0.5241301712705815,NHW female
1489,44.166666666666664,0.5255926834113722,NHW female
1490,44.25,0.5265019641015001,NHW female
1491,44.333333333333336,0.5274113207168701,NHW female
1492,44.416666666666664,0.5285184561770377,NHW female
1493,44.5,0.5297048717377396,NHW female
1494,44.583333333333336,0.5307729151781531,NHW female
1495,44.666666666666664,0.5338198443003731,NHW female
1496,44.75,0.5350864230898436,NHW female
1497,44.833333333333336,0.5361551899333151,NHW female
1498,44.916666666666664,0.5370263343606212,NHW female
1499,45.0,0.5378974787879283,NHW female
1500,45.083333333333336,0.5395607152170059,NHW female
1501,45.166666666666664,0.5412639919931305,NHW female
1502,45.25,0.5428488460543048,NHW female
1503,45.333333333333336,0.5445924877649162,NHW female
1504,45.416666666666664,0.5459401990901829,NHW female
1505,45.5,0.547961766078084,NHW female
1506,45.583333333333336,0.5523223909777955,NHW female
1507,45.666666666666664,0.5539877992664521,NHW female
1508,45.75,0.5552173571341921,NHW female
1509,45.833333333333336,0.5562886444988111,NHW female
1510,45.916666666666664,0.557757098895372,NHW female
1511,46.0,0.5589478444556968,NHW female
1512,46.083333333333336,0.5602973560907312,NHW female
1513,46.166666666666664,0.5621233307788083,NHW female
1514,46.25,0.5635131633191861,NHW female
1515,46.333333333333336,0.5648240538916712,NHW female
1516,46.416666666666664,0.5658568767669628,NHW female
1517,46.5,0.5676843459899419,NHW female
1518,46.583333333333336,0.5689559794974628,NHW female
1519,46.666666666666664,0.5703470851422379,NHW female
1520,46.75,0.5719771184085625,NHW female
1521,46.833333333333336,0.5734083671302133,NHW female
1522,46.916666666666664,0.5748396158518639,NHW female
1523,47.0,0.5763508023262468,NHW female
1524,47.083333333333336,0.5801291231842085,NHW female
1525,47.166666666666664,0.581680223325898,NHW female
1526,47.25,0.5832314709526247,NHW female
1527,47.333333333333336,0.5847432315581802,NHW female
1528,47.416666666666664,0.5864141248590575,NHW female
1529,47.5,0.5877272222113429,NHW female
1530,47.583333333333336,0.5890802409801468,NHW female
1531,47.666666666666664,0.5903141147238138,NHW female
1532,47.75,0.5919463294061891,NHW female
1533,47.833333333333336,0.5934201663655772,NHW female
1534,47.916666666666664,0.5946558501736814,NHW female
1535,48.0,0.5956524673791952,NHW female
1536,48.08333333333333,0.5964500756889317,NHW female
1537,48.166666666666664,0.5973678694453991,NHW female
1538,48.25,0.5982458461400368,NHW female
1539,48.33333333333333,0.5994433249890977,NHW female
1540,48.416666666666664,0.600441422953343,NHW female
1541,48.5,0.6015195842146126,NHW female
1542,48.58333333333333,0.6022384304246889,NHW female
1543,48.666666666666664,0.6030771685470988,NHW female
1544,48.75,0.6038759667589183,NHW female
1545,48.83333333333333,0.6049145091471674,NHW female
1546,48.916666666666664,0.6057134686837762,NHW female
1547,49.0,0.6066725116301217,NHW female
1548,49.08333333333333,0.6083113761649963,NHW female
1549,49.166666666666664,0.6114701553894724,NHW female
1550,49.25,0.6131898448715365,NHW female
1551,49.33333333333333,0.6148302272008979,NHW female
1552,49.416666666666664,0.6161905442545148,NHW female
1553,49.5,0.6174709761335657,NHW female
1554,49.58333333333333,0.6185515665964656,NHW female
1555,49.666666666666664,0.6203925725702946,NHW female
1556,49.75,0.621673272378175,NHW female
1557,49.83333333333333,0.6227540915132708,NHW female
1558,49.916666666666664,0.6244757614416221,NHW female
1559,50.0,0.6258772701161307,NHW female
1560,50.08333333333333,0.6273189762043151,NHW female
1561,50.166666666666664,0.6286409662919488,NHW female
1562,50.25,0.629802715156839,NHW female
1563,50.33333333333333,0.6309647155097402,NHW female
1564,50.416666666666664,0.6321669153723428,NHW female
1565,50.5,0.6333294218516592,NHW female
1566,50.58333333333333,0.6345721011916172,NHW female
1567,50.666666666666664,0.6358552892484444,NHW female
1568,50.75,0.637419691508778,NHW female
1569,50.83333333333333,0.6385833511973845,NHW female
1570,50.916666666666664,0.6398678172970826,NHW female
1571,51.0,0.6410722727576277,NHW female
1572,51.08333333333333,0.6425581002255143,NHW female
1573,51.166666666666664,0.6435626019672368,NHW female
1574,51.25,0.6448083245533716,NHW female
1575,51.33333333333333,0.6461348665734867,NHW female
1576,51.416666666666664,0.6475017621127392,NHW female
1577,51.5,0.6485876095083983,NHW female
1578,51.58333333333333,0.649874539755106,NHW female
1579,51.666666666666664,0.6510013803168136,NHW female
1580,51.75,0.6522088487276654,NHW female
1581,51.83333333333333,0.6556706587982,NHW female
1582,51.916666666666664,0.6567174973004505,NHW female
1583,52.0,0.657724427086616,NHW female
1584,52.08333333333333,0.6582884405071419,NHW female
1585,52.166666666666664,0.659013771647575,NHW female
1586,52.25,0.6599408027648452,NHW female
1587,52.33333333333333,0.6611102225110589,NHW female
1588,52.416666666666664,0.6615941779233958,NHW female
1589,52.5,0.6624416048568094,NHW female
1590,52.58333333333333,0.6629662652031579,NHW female
1591,52.666666666666664,0.6637331683122767,NHW female
1592,52.75,0.6646619706575174,NHW female
1593,52.83333333333333,0.6652678572438988,NHW female
1594,52.916666666666664,0.6660758035213693,NHW female
1595,53.0,0.6667626409490934,NHW female
1596,53.08333333333333,0.667772818465314,NHW female
1597,53.166666666666664,0.6706427697840829,NHW female
1598,53.25,0.6718151473066385,NHW female
1599,53.33333333333333,0.6727859887296188,NHW female
1600,53.416666666666664,0.6740403023625335,NHW female
1601,53.5,0.675173371454259,NHW female
1602,53.58333333333333,0.6762663822930846,NHW female
1603,53.666666666666664,0.6775216345943871,NHW female
1604,53.75,0.6783316782150997,NHW female
1605,53.83333333333333,0.6793040978804022,NHW female
1606,53.916666666666664,0.6801149598326641,NHW female
1607,54.0,0.6808856694146046,NHW female
1608,54.08333333333333,0.6824274805477573,NHW female
1609,54.166666666666664,0.6832393750113955,NHW female
1610,54.25,0.6871780726942431,NHW female
1611,54.33333333333333,0.6885182159632408,NHW female
1612,54.416666666666664,0.6898179182828623,NHW female
1613,54.5,0.691036708387841,NHW female
1614,54.58333333333333,0.6920932710054806,NHW female
1615,54.666666666666664,0.6930281693245401,NHW female
1616,54.75,0.694329414334689,NHW female
1617,54.83333333333333,0.6955901631579496,NHW female
1618,54.916666666666664,0.6962816339257627,NHW female
1619,55.0,0.6975430580077966,NHW female
1620,55.08333333333333,0.7000659061718648,NHW female
1621,55.166666666666664,0.7009208832277075,NHW female
1622,55.25,0.7017354797598394,NHW female
1623,55.33333333333333,0.7028763822962771,NHW female
1624,55.416666666666664,0.7036508847981805,NHW female
1625,55.5,0.7047516450279854,NHW female
1626,55.58333333333333,0.7059345964364114,NHW female
1627,55.666666666666664,0.7068322568885272,NHW female
1628,55.75,0.707771766166995,NHW female
1629,55.83333333333333,0.708712195630848,NHW female
1630,55.916666666666664,0.7098984540674025,NHW female
1631,56.0,0.7113716739367175,NHW female
1632,56.08333333333333,0.7118219521365045,NHW female
1633,56.166666666666664,0.7126819406266474,NHW female
1634,56.25,0.7134191786977406,NHW female
1635,56.33333333333333,0.7140336315736029,NHW female
1636,56.416666666666664,0.7144435016731107,NHW female
1637,56.5,0.7148124377174608,NHW female
1638,56.58333333333333,0.7153866683908332,NHW female
1639,56.666666666666664,0.7157561361514678,NHW female
1640,56.75,0.7163310298373795,NHW female
1641,56.83333333333333,0.718837012050257,NHW female
1642,56.916666666666664,0.7194124918501543,NHW female
1643,57.0,0.7201937290504541,NHW female
1644,57.08333333333333,0.7213864942801377,NHW female
1645,57.166666666666664,0.7222916178958844,NHW female
1646,57.25,0.723155983691673,NHW female
1647,57.33333333333333,0.7242678070503411,NHW female
1648,57.416666666666664,0.725051020036743,NHW female
1649,57.5,0.7262057480161896,NHW female
1650,57.58333333333333,0.7271138549879433,NHW female
1651,57.666666666666664,0.7278571889180612,NHW female
1652,57.75,0.7284769159814024,NHW female
1653,57.83333333333333,0.7294278876476772,NHW female
1654,57.916666666666664,0.732116237892694,NHW female
1655,58.0,0.7327369138938691,NHW female
1656,58.08333333333333,0.7334406735691796,NHW female
1657,58.166666666666664,0.734351987505695,NHW female
1658,58.25,0.7356365122892423,NHW female
1659,58.33333333333333,0.7365072201377254,NHW female
1660,58.416666666666664,0.7376272303795833,NHW female
1661,58.5,0.7385399756249422,NHW female
1662,58.58333333333333,0.739411785804662,NHW female
1663,58.666666666666664,0.7399930851989793,NHW female
1664,58.75,0.7411560554249266,NHW female
1665,58.83333333333333,0.7424853775604425,NHW female
1666,58.916666666666664,0.7436906590405501,NHW female
1667,59.0,0.7448558906604338,NHW female
1668,59.08333333333333,0.7459385978324313,NHW female
1669,59.166666666666664,0.746855335711337,NHW female
1670,59.25,0.7481477409473298,NHW female
1671,59.33333333333333,0.7496071497332311,NHW female
1672,59.416666666666664,0.7511929711182537,NHW female
1673,59.5,0.752111540447906,NHW female
1674,59.58333333333333,0.7530721865422108,NHW female
1675,59.666666666666664,0.7540747694423946,NHW female
1676,59.75,0.7547436124967752,NHW female
1677,59.83333333333333,0.7554547430762661,NHW female
1678,59.916666666666664,0.7563751871570742,NHW female
1679,60.0,0.757588916683349,NHW female
1680,60.08333333333333,0.7577982526793048,NHW female
1681,60.166666666666664,0.7581753834277277,NHW female
1682,60.25,0.7585528412059361,NHW female
1683,60.33333333333333,0.7588884758315405,NHW female
1684,60.416666666666664,0.7593503753031277,NHW female
1685,60.5,0.7598544415444198,NHW female
1686,60.58333333333333,0.7602747908503109,NHW female
1687,60.666666666666664,0.760527044665621,NHW female
1688,60.75,0.7609056912921159,NHW female
1689,60.83333333333333,0.7612845379080266,NHW female
1690,60.916666666666664,0.7618321470499352,NHW female
1691,61.0,0.7637715560135931,NHW female
1692,61.08333333333333,0.7643200414166693,NHW female
1693,61.166666666666664,0.7651643185385868,NHW female
1694,61.25,0.7660514473946203,NHW female
1695,61.33333333333333,0.7667701184091289,NHW female
1696,61.416666666666664,0.7677005005297093,NHW female
1697,61.5,0.768377388526709,NHW female
1698,61.58333333333333,0.7688853328501155,NHW female
1699,61.666666666666664,0.7697326826838459,NHW female
1700,61.75,0.7705381096037662,NHW female
1701,61.83333333333333,0.7713019923533743,NHW female
1702,61.916666666666664,0.7719389158800545,NHW female
1703,62.0,0.7728312733919829,NHW female
1704,62.08333333333333,0.7738514922240549,NHW female
1705,62.166666666666664,0.7747866928201209,NHW female
1706,62.25,0.7755948236674144,NHW female
1707,62.33333333333333,0.7765319751251433,NHW female
1708,62.416666666666664,0.7772137997624425,NHW female
1709,62.5,0.7777688439562118,NHW female
1710,62.58333333333333,0.7787510339233541,NHW female
1711,62.666666666666664,0.779861978905585,NHW female
1712,62.75,0.7818297886549712,NHW female
1713,62.83333333333333,0.7824286872743498,NHW female
1714,62.916666666666664,0.7828994355906326,NHW female
1715,63.0,0.7836699028933473,NHW female
1716,63.08333333333333,0.7846553638229277,NHW female
1717,63.166666666666664,0.7855126275019764,NHW female
1718,63.25,0.7859844997214721,NHW female
1719,63.33333333333333,0.7867143419491017,NHW female
1720,63.416666666666664,0.7875303764845359,NHW female
1721,63.5,0.7884330392589287,NHW female
1722,63.58333333333333,0.7893788781405183,NHW female
1723,63.666666666666664,0.7904543536402096,NHW female
1724,63.75,0.7914452150436377,NHW female
1725,63.83333333333333,0.7921345099329793,NHW female
1726,63.916666666666664,0.7929532172943544,NHW female
1727,64.0,0.7959707635757193,NHW female
1728,64.08333333333333,0.7963588158005327,NHW female
1729,64.16666666666666,0.7968768769008917,NHW female
1730,64.25,0.7974815385473701,NHW female
1731,64.33333333333333,0.7978272069262096,NHW female
1732,64.41666666666666,0.7982164998525393,NHW female
1733,64.5,0.7985626864279585,NHW female
1734,64.58333333333333,0.7987358541163935,NHW female
1735,64.66666666666666,0.7991688664784494,NHW female
1736,64.75,0.7995586616481054,NHW female
1737,64.83333333333333,0.7998186936546161,NHW female
1738,64.91666666666666,0.8000791203324289,NHW female
1739,65.0,0.8005138254415127,NHW female
1740,65.08333333333333,0.8012095052132947,NHW female
1741,65.16666666666666,0.802080056975006,NHW female
1742,65.25,0.8027775721927154,NHW female
1743,65.33333333333333,0.8046101699732255,NHW female
1744,65.41666666666666,0.8050907800202503,NHW female
1745,65.5,0.8058343744411784,NHW female
1746,65.58333333333333,0.8064907829116275,NHW female
1747,65.66666666666666,0.8072352175553256,NHW female
1748,65.75,0.8076732197876471,NHW female
1749,65.83333333333333,0.808374822269042,NHW female
1750,65.91666666666666,0.8089018683686918,NHW female
1751,66.0,0.809692801081813,NHW female
1752,66.08333333333333,0.8105720212200349,NHW female
1753,66.16666666666666,0.812287694971177,NHW female
1754,66.25,0.8127278176089937,NHW female
1755,66.33333333333333,0.8134767301238484,NHW female
1756,66.41666666666666,0.8140501050371589,NHW female
1757,66.5,0.8148447627079403,NHW female
1758,66.58333333333333,0.8168323547113139,NHW female
1759,66.66666666666666,0.818599955630867,NHW female
1760,66.75,0.8191745659078649,NHW female
1761,66.83333333333333,0.8197052348266974,NHW female
1762,66.91666666666666,0.8205012382049459,NHW female
1763,67.0,0.8210324305949681,NHW female
1764,67.08333333333333,0.822007006467966,NHW female
1765,67.16666666666666,0.8228488951603009,NHW female
1766,67.25,0.8234252125684381,NHW female
1767,67.33333333333333,0.8239131107502385,NHW female
1768,67.41666666666666,0.8247560563022027,NHW female
1769,67.5,0.8254217081521565,NHW female
1770,67.58333333333333,0.8256881720929062,NHW female
1771,67.66666666666666,0.8263103968738086,NHW female
1772,67.75,0.8272442119443795,NHW female
1773,67.83333333333333,0.8279117381733426,NHW female
1774,67.91666666666666,0.8286694435478706,NHW female
1775,68.0,0.8290711041386676,NHW female
1776,68.08333333333333,0.8293390177685444,NHW female
1777,68.16666666666666,0.8306810438411375,NHW female
1778,68.25,0.830815352902078,NHW female
1779,68.33333333333333,0.8311289066562972,NHW female
1780,68.41666666666666,0.8313529925020292,NHW female
1781,68.5,0.831667130089173,NHW female
1782,68.58333333333333,0.8319814352610526,NHW female
1783,68.66666666666666,0.8324758719149125,NHW female
1784,68.75,0.8327906823569515,NHW female
1785,68.83333333333333,0.8330157285448964,NHW female
1786,68.91666666666666,0.8331508290881446,NHW female
1787,69.0,0.8334213953112448,NHW female
1788,69.08333333333333,0.8339175677053897,NHW female
1789,69.16666666666666,0.8343245216641839,NHW female
1790,69.25,0.8349134692218447,NHW female
1791,69.33333333333333,0.835729831187231,NHW female
1792,69.41666666666666,0.8360024033699955,NHW female
1793,69.5,0.8365028121253157,NHW female
1794,69.58333333333333,0.8374594688389876,NHW female
1795,69.66666666666666,0.8377786227571158,NHW female
1796,69.75,0.8383728402561739,NHW female
1797,69.83333333333333,0.8390592523162412,NHW female
1798,69.91666666666666,0.8393797602063655,NHW female
1799,70.0,0.8402041583575732,NHW female
1800,70.08333333333333,0.8409375873496211,NHW female
1801,70.16666666666666,0.8417643628124301,NHW female
1802,70.25,0.8419942896319411,NHW female
1803,70.33333333333333,0.8425011612604183,NHW female
1804,70.41666666666666,0.843008329652144,NHW female
1805,70.5,0.8434702057049472,NHW female
1806,70.58333333333333,0.8439323544923552,NHW female
1807,70.66666666666666,0.8444875907052493,NHW female
1808,70.75,0.8449046382867906,NHW female
1809,70.83333333333333,0.8453684402057896,NHW female
1810,70.91666666666666,0.8456007592559611,NHW female
1811,71.0,0.846066378196685,NHW female
1812,71.08333333333333,0.8466724160778003,NHW female
1813,71.16666666666666,0.8473727552248261,NHW female
1814,71.25,0.847839790857553,NHW female
1815,71.33333333333333,0.8483072569378676,NHW female
1816,71.41666666666666,0.848775588963376,NHW female
1817,71.5,0.8492449384700074,NHW female
1818,71.58333333333333,0.8498556632440462,NHW female
1819,71.66666666666666,0.8501381549406707,NHW female
1820,71.75,0.8508443841822321,NHW female
1821,71.83333333333333,0.8512686574257088,NHW female
1822,71.91666666666666,0.8517883666913749,NHW female
1823,72.0,0.8520721158298088,NHW female
1824,72.08333333333333,0.8522143086053647,NHW female
1825,72.16666666666666,0.8524517534822843,NHW female
1826,72.25,0.8525944500456476,NHW female
1827,72.33333333333333,0.853022954551329,NHW female
1828,72.41666666666666,0.8532135244643906,NHW female
1829,72.5,0.8533090264003278,NHW female
1830,72.58333333333333,0.853691781713047,NHW female
1831,72.66666666666666,0.8540751638769173,NHW female
1832,72.75,0.8542671071010186,NHW female
1833,72.83333333333333,0.8545073525558473,NHW female
1834,72.91666666666666,0.854652073359008,NHW female
1835,73.0,0.8547003617067295,NHW female
1836,73.08333333333333,0.8550390555022847,NHW female
1837,73.16666666666666,0.8557178023995984,NHW female
1838,73.25,0.8563983788033739,NHW female
1839,73.33333333333333,0.8566904498973331,NHW female
1840,73.41666666666666,0.8572763833219436,NHW female
1841,73.5,0.8577170394283252,NHW female
1842,73.58333333333333,0.8582073321939064,NHW female
1843,73.66666666666666,0.8585019152987667,NHW female
1844,73.75,0.8591404002349403,NHW female
1845,73.83333333333333,0.8594849205697954,NHW female
1846,73.91666666666666,0.8600264993622734,NHW female
1847,74.0,0.860568459414021,NHW female
1848,74.08333333333333,0.8612599371214966,NHW female
1849,74.16666666666666,0.8626458528405826,NHW female
1850,74.25,0.8628441266004663,NHW female
1851,74.33333333333333,0.8633905643430939,NHW female
1852,74.41666666666666,0.8639881994972619,NHW female
1853,74.5,0.864486776478577,NHW female
1854,74.58333333333333,0.8652371265534465,NHW female
1855,74.66666666666666,0.8655880715363803,NHW female
1856,74.75,0.8659897508145682,NHW female
1857,74.83333333333333,0.8665426813250856,NHW female
1858,74.91666666666666,0.8670466742203837,NHW female
1859,75.0,0.8672484243353755,NHW female
1860,75.08333333333333,0.8675513948389844,NHW female
1861,75.16666666666666,0.8681079015833583,NHW female
1862,75.25,0.8684120340162944,NHW female
1863,75.33333333333333,0.8688181697137749,NHW female
1864,75.41666666666666,0.86927595818705,NHW female
1865,75.5,0.8696327099580794,NHW female
1866,75.58333333333333,0.8701944178274335,NHW female
1867,75.66666666666666,0.8707581215005082,NHW female
1868,75.75,0.871220066260832,NHW female
1869,75.83333333333333,0.8715802178933427,NHW female
1870,75.91666666666666,0.8720440132540811,NHW female
1871,76.0,0.8727158338630057,NHW female
1872,76.08333333333333,0.8730267886662719,NHW female
1873,76.16666666666666,0.8733385068610355,NHW female
1874,76.25,0.8735468316852772,NHW female
1875,76.33333333333333,0.8736511229581142,NHW female
1876,76.41666666666666,0.8739643846367303,NHW female
1877,76.5,0.8740691523967995,NHW female
1878,76.58333333333333,0.8740691523967995,NHW female
1879,76.66666666666666,0.8743326060528731,NHW female
1880,76.75,0.8743852967840878,NHW female
1881,76.83333333333333,0.8746494151676368,NHW female
1882,76.91666666666666,0.8748610666405492,NHW female
1883,77.0,0.875073526629275,NHW female
1884,77.08333333333333,0.8753934407736301,NHW female
1885,77.16666666666666,0.8758212744533773,NHW female
1886,77.25,0.876089131928672,NHW female
1887,77.33333333333333,0.8766274067682521,NHW female
1888,77.41666666666666,0.8769510777605524,NHW female
1889,77.5,0.8785209936184247,NHW female
1890,77.58333333333333,0.8787923944369715,NHW female
1891,77.66666666666666,0.8792270250261711,NHW female
1892,77.75,0.8795531446705649,NHW female
1893,77.83333333333333,0.8798256488681429,NHW female
1894,77.91666666666666,0.8803721443257684,NHW female
1895,78.0,0.8808117505937489,NHW female
1896,78.08333333333333,0.8811978300689195,NHW female
1897,78.16666666666666,0.8816402962511583,NHW female
1898,78.25,0.8820279976672752,NHW female
1899,78.33333333333333,0.8825839448978724,NHW female
1900,78.41666666666666,0.8827513632273907,NHW female
1901,78.5,0.8830310594028979,NHW female
1902,78.58333333333333,0.8832550305672772,NHW female
1903,78.66666666666666,0.8836486793081391,NHW female
1904,78.75,0.8842693701556709,NHW female
1905,78.83333333333333,0.8845526071352213,NHW female
1906,78.91666666666666,0.8848934951062788,NHW female
1907,79.0,0.8853489115450275,NHW female
1908,79.08333333333333,0.8855204593083018,NHW female
1909,79.16666666666666,0.8859215387801946,NHW female
1910,79.25,0.8862083121869815,NHW female
1911,79.33333333333333,0.8867260701193966,NHW female
1912,79.41666666666666,0.887302527777822,NHW female
1913,79.5,0.8875917923369139,NHW female
1914,79.58333333333333,0.8881146212097655,NHW female
1915,79.66666666666666,0.8886970542071119,NHW female
1916,79.75,0.8892810150979454,NHW female
1917,79.83333333333333,0.8894565737420819,NHW female
1918,79.91666666666666,0.8896326917871025,NHW female
1919,80.0,0.8899266910098327,NHW female
1920,80.08333333333333,0.889985679921403,NHW female
1921,80.16666666666666,0.890103784398138,NHW female
1922,80.25,0.8902221432733151,NHW female
1923,80.33333333333333,0.8903408220373439,NHW female
1924,80.41666666666666,0.8904004194166714,NHW female
1925,80.5,0.8904603426427968,NHW female
1926,80.58333333333333,0.8905803861029143,NHW female
1927,80.66666666666666,0.8906406391942674,NHW female
1928,80.75,0.8907614115419269,NHW female
1929,80.83333333333333,0.8916091611197611,NHW female
1930,80.91666666666666,0.8916091611197611,NHW female
1931,81.0,0.8917310855729448,NHW female
1932,81.08333333333333,0.8920980988421889,NHW female
1933,81.16666666666666,0.8925272541308847,NHW female
1934,81.25,0.8928963648780025,NHW female
1935,81.33333333333333,0.8929579540873883,NHW female
1936,81.41666666666666,0.8932676822294966,NHW female
1937,81.5,0.8935164755110129,NHW female
1938,81.58333333333333,0.8940161049514305,NHW female
1939,81.66666666666666,0.8940161049514305,NHW female
1940,81.75,0.89426829744411,NHW female
1941,81.83333333333333,0.89426829744411,NHW female
1942,81.91666666666666,0.8943956850375507,NHW female
1943,82.0,0.8947794681325082,NHW female
1944,82.08333333333333,0.8951004581626103,NHW female
1945,82.16666666666666,0.8953586724194408,NHW female
1946,82.25,0.8954882592028223,NHW female
1947,82.33333333333333,0.8958128298264161,NHW female
1948,82.41666666666666,0.8961390263516934,NHW female
1949,82.5,0.8964660445306868,NHW female
1950,82.58333333333333,0.8967279900220703,NHW female
1951,82.66666666666666,0.897188438474201,NHW female
1952,82.75,0.8973204173721803,NHW female
1953,82.83333333333333,0.8976514282768477,NHW female
1954,82.91666666666666,0.8979167518587613,NHW female
1955,83.0,0.8981827668376309,NHW female
1956,83.08333333333333,0.8987172405025252,NHW female
1957,83.16666666666666,0.8988513898528531,NHW female
1958,83.25,0.8989859854751381,NHW female
1959,83.33333333333333,0.8992560764230655,NHW female
1960,83.41666666666666,0.8996631225789319,NHW female
1961,83.5,0.9000046367975196,NHW female
1962,83.58333333333333,0.900141710633301,NHW female
1963,83.66666666666666,0.9014492967793845,NHW female
1964,83.75,0.9021399113779872,NHW female
1965,83.83333333333333,0.9025560421588038,NHW female
1966,83.91666666666666,0.9028340563038572,NHW female
1967,84.0,0.9032534776435528,NHW female
1968,84.08333333333333,0.9033235838191733,NHW female
1969,84.16666666666666,0.9034645115395534,NHW female
1970,84.25,0.9036056452946125,NHW female
1971,84.33333333333333,0.9036056452946125,NHW female
1972,84.41666666666666,0.903818749984455,NHW female
1973,84.5,0.9039614521358134,NHW female
1974,84.58333333333333,0.9039614521358134,NHW female
1975,84.66666666666666,0.9040334450502542,NHW female
1976,84.75,0.904105709022355,NHW female
1977,84.83333333333333,0.904178246307512,NHW female
1978,84.91666666666666,0.9042511700165625,NHW female
1979,85.0,0.9043244284939791,NHW female
1980,85.08333333333333,0.9046181370788019,NHW female
1981,85.16666666666666,0.9048401274502244,NHW female
1982,85.25,0.9049885827896156,NHW female
1983,85.33333333333333,0.9053603019492805,NHW female
1984,85.41666666666666,0.9054351751281182,NHW female
1985,85.5,0.9060365412640284,NHW female
1986,85.58333333333333,0.9063389176396872,NHW female
1987,85.66666666666666,0.9069466132267777,NHW female
1988,85.75,0.9070230745141837,NHW female
1989,85.83333333333333,0.9074072766856127,NHW female
1990,85.91666666666666,0.9076393386488066,NHW female
1991,86.0,0.9077946972044856,NHW female
1992,86.08333333333333,0.9084192885866736,NHW female
1993,86.16666666666666,0.9086541109236309,NHW female
1994,86.25,0.9087327218436623,NHW female
1995,86.33333333333333,0.9089697797090033,NHW female
1996,86.41666666666666,0.9092087041717093,NHW female
1997,86.5,0.9093689712428978,NHW female
1998,86.58333333333333,0.910336562297244,NHW female
1999,86.66666666666666,0.9109040524092868,NHW female
2000,86.75,0.9112298145576989,NHW female
2001,86.83333333333333,0.9116404074598372,NHW female
2002,86.91666666666666,0.9119698001626897,NHW female
2003,87.0,0.9121358948793639,NHW female
2004,87.08333333333333,0.9125542953799383,NHW female
2005,87.16666666666666,0.9128909487182253,NHW female
2006,87.25,0.9131444183145836,NHW female
2007,87.33333333333333,0.9136528412317666,NHW female
2008,87.41666666666666,0.913994471929168,NHW female
2009,87.5,0.914080736250202,NHW female
2010,87.58333333333333,0.9141676990677625,NHW female
2011,87.66666666666666,0.9143419778513813,NHW female
2012,87.75,0.9146050014608448,NHW female
2013,87.83333333333333,0.9148696553819372,NHW female
2014,87.91666666666666,0.9152232601363216,NHW female
2015,88.0,0.9156671174130948,NHW female
2016,88.08333333333333,0.9156671174130948,NHW female
2017,88.16666666666666,0.9156671174130948,NHW female
2018,88.25,0.9161200330016389,NHW female
2019,88.33333333333333,0.9162112068788111,NHW female
2020,88.41666666666666,0.9162112068788111,NHW female
2021,88.5,0.9162112068788111,NHW female
2022,88.58333333333333,0.9163040991106528,NHW female
2023,88.66666666666666,0.9163040991106528,NHW female
2024,88.75,0.9163987777315683,NHW female
2025,88.83333333333333,0.9163987777315683,NHW female
2026,88.91666666666666,0.9164949816697369,NHW female
2027,89.0,0.9164949816697369,NHW female
2028,89.08333333333333,0.9165925342612442,NHW female
2029,89.16666666666666,0.9168862225208876,NHW female
2030,89.25,0.9172801266795564,NHW female
2031,89.33333333333333,0.9172801266795564,NHW female
2032,89.41666666666666,0.9173801507101736,NHW female
2033,89.5,0.9175819085838973,NHW female
2034,89.58333333333333,0.9176831593104527,NHW female
2035,89.66666666666666,0.9176831593104527,NHW female
2036,89.75,0.9179918474630385,NHW female
2037,89.83333333333333,0.9180955240149183,NHW female
2038,89.91666666666666,0.9180955240149183,NHW female
2039,90.0,0.9182016178957281,NHW female
2040,90.08333333333333,0.9182016178957281,NHW female
2041,90.16666666666666,0.9185249316589861,NHW female
2042,90.25,0.9188508319323502,NHW female
2043,90.33333333333333,0.9189603449796749,NHW female
2044,90.41666666666666,0.9189603449796749,NHW female
2045,90.5,0.9190732135799817,NHW female
2046,90.58333333333333,0.9195265849324749,NHW female
2047,90.66666666666666,0.9199818800672275,NHW female
2048,90.83333333333333,0.9202124798364862,NHW female
2049,90.91666666666666,0.9203296421274753,NHW female
2050,91.0,0.9205653532454413,NHW female
2051,91.08333333333333,0.9210402988164701,NHW female
2052,91.16666666666666,0.9210402988164701,NHW female
2053,91.25,0.9215217604090525,NHW female
2054,91.33333333333333,0.9226185059933981,NHW female
2055,91.41666666666666,0.9226185059933981,NHW female
2056,91.5,0.9227433148546991,NHW female
2057,91.58333333333333,0.922994556107204,NHW female
2058,91.66666666666666,0.922994556107204,NHW female
2059,91.75,0.923380226110006,NHW female
2060,91.83333333333333,0.9236417270447841,NHW female
2061,91.91666666666666,0.9239054861914343,NHW female
2062,92.0,0.9240382863900531,NHW female
2063,92.08333333333333,0.9240382863900531,NHW female
2064,92.16666666666666,0.9241734495815299,NHW female
2065,92.25,0.9243100739966983,NHW female
2066,92.33333333333333,0.9245858114320473,NHW female
2067,92.41666666666666,0.9245858114320473,NHW female
2068,92.5,0.9245858114320473,NHW female
2069,92.58333333333333,0.9245858114320473,NHW female
2070,92.66666666666666,0.9245858114320473,NHW female
2071,92.75,0.9245858114320473,NHW female
2072,92.83333333333333,0.9248809745966968,NHW female
2073,92.91666666666666,0.92502972514205,NHW female
2074,93.0,0.9251799661738294,NHW female
2075,93.08333333333333,0.9253311177573166,NHW female
2076,93.16666666666666,0.9253311177573166,NHW female
2077,93.25,0.9254870026889297,NHW female
2078,93.33333333333333,0.9258014035214659,NHW female
2079,93.41666666666666,0.9259599475310354,NHW female
2080,93.5,0.9259599475310354,NHW female
2081,93.58333333333333,0.9262818608026395,NHW female
2082,93.66666666666666,0.9262818608026395,NHW female
2083,93.75,0.9264475195424089,NHW female
2084,93.83333333333333,0.9267833756175577,NHW female
2085,93.91666666666666,0.9267833756175577,NHW female
2086,94.0,0.9267833756175577,NHW female
2087,94.08333333333333,0.9273001988484927,NHW female
2088,94.16666666666666,0.9274770840094452,NHW female
2089,94.25,0.9276544016524539,NHW female
2090,94.33333333333333,0.9278343658274478,NHW female
2091,94.41666666666666,0.9280161432434996,NHW female
2092,94.5,0.9283891165945696,NHW female
2093,94.58333333333333,0.9283891165945696,NHW female
2094,94.66666666666666,0.9289635354454153,NHW female
2095,94.75,0.9293549209250549,NHW female
2096,94.83333333333333,0.9293549209250549,NHW female
2097,94.91666666666666,0.9293549209250549,NHW female
2098,95.0,0.9295596892701997,NHW female
2099,95.08333333333333,0.9297680925563825,NHW female
2100,95.16666666666666,0.9306142601159442,NHW female
2101,95.25,0.9308277547002028,NHW female
2102,95.33333333333333,0.9308277547002028,NHW female
2103,95.41666666666666,0.9310452774841644,NHW female
2104,95.5,0.9310452774841644,NHW female
2105,95.58333333333333,0.9310452774841644,NHW female
2106,95.66666666666666,0.9314944939174923,NHW female
2107,95.75,0.9314944939174923,NHW female
2108,95.83333333333333,0.9317283011054872,NHW female
2109,95.91666666666666,0.9319670133393841,NHW female
2110,96.0,0.9322074125855347,NHW female
2111,96.08333333333333,0.9322074125855347,NHW female
2112,96.16666666666666,0.9322074125855347,NHW female
2113,96.25,0.9322074125855347,NHW female
2114,96.33333333333333,0.9322074125855347,NHW female
2115,96.41666666666666,0.9322074125855347,NHW female
2116,96.5,0.9322074125855347,NHW female
2117,96.58333333333333,0.9324785829351926,NHW female
2118,96.66666666666666,0.9324785829351926,NHW female
2119,96.75,0.9324785829351926,NHW female
2120,96.83333333333333,0.9324785829351926,NHW female
2121,96.91666666666666,0.9324785829351926,NHW female
2122,97.0,0.9324785829351926,NHW female
2123,97.08333333333333,0.9324785829351926,NHW female
2124,97.16666666666666,0.9324785829351926,NHW female
2125,97.25,0.9324785829351926,NHW female
2126,97.33333333333333,0.9324785829351926,NHW female
2127,97.41666666666666,0.932800113492644,NHW female
2128,97.58333333333333,0.932800113492644,NHW female
2129,97.66666666666666,0.9331361129251807,NHW female
2130,97.75,0.9334772552061747,NHW female
2131,97.83333333333333,0.9341738284500891,NHW female
2132,97.91666666666666,0.9341738284500891,NHW female
2133,98.0,0.9345355107113523,NHW female
2134,98.08333333333333,0.9345355107113523,NHW female
2135,98.16666666666666,0.9345355107113523,NHW female
2136,98.25,0.9345355107113523,NHW female
2137,98.33333333333333,0.9345355107113523,NHW female
2138,98.41666666666666,0.9345355107113523,NHW female
2139,98.5,0.9358025653427455,NHW female
2140,98.58333333333333,0.9358025653427455,NHW female
2141,98.66666666666666,0.9358025653427455,NHW female
2142,98.75,0.9358025653427455,NHW female
2143,98.83333333333333,0.9358025653427455,NHW female
2144,98.91666666666666,0.9358025653427455,NHW female
2145,99.0,0.9358025653427455,NHW female
2146,99.08333333333333,0.9358025653427455,NHW female
2147,99.16666666666666,0.9358025653427455,NHW female
2148,99.25,0.9358025653427455,NHW female
2149,99.33333333333333,0.9358025653427455,NHW female
2150,99.41666666666666,0.9363287738235426,NHW female
2151,99.5,0.9374079471485675,NHW female
2152,99.58333333333333,0.9374079471485675,NHW female
2153,99.66666666666666,0.9374079471485675,NHW female
2154,99.75,0.9374079471485675,NHW female
2155,99.83333333333333,0.9374079471485675,NHW female
2156,100.08333333333333,0.9374079471485675,NHW female
2157,100.16666666666666,0.9374079471485675,NHW female
2158,0.0,0.0,NHB male
2159,40.0,0.6362757461118111,NHB male
2160,40.083333333333336,0.6362757461118111,NHB male
2161,40.166666666666664,0.6362757461118111,NHB male
2162,40.25,0.6362757461118111,NHB male
2163,40.333333333333336,0.6362757461118111,NHB male
2164,40.416666666666664,0.6362757461118111,NHB male
2165,40.5,0.6362757461118111,NHB male
2166,40.583333333333336,0.6362757461118111,NHB male
2167,40.666666666666664,0.6362757461118111,NHB male
2168,40.75,0.6362757461118111,NHB male
2169,40.833333333333336,0.6362757461118111,NHB male
2170,40.916666666666664,0.6362757461118111,NHB male
2171,41.0,0.6362757461118111,NHB male
2172,41.083333333333336,0.6557217197041595,NHB male
2173,41.166666666666664,0.6571597370911448,NHB male
2174,41.25,0.6585988196761947,NHB male
2175,41.333333333333336,0.6597845345173097,NHB male
2176,41.416666666666664,0.6612677857993092,NHB male
2177,41.5,0.6627937975264054,NHB male
2178,41.583333333333336,0.6642364816693657,NHB male
2179,41.666666666666664,0.6687789897565295,NHB male
2180,41.75,0.6701385423896475,NHB male
2181,41.833333333333336,0.6714136156699354,NHB male
2182,41.916666666666664,0.6726463459604366,NHB male
2183,42.0,0.6800040414455402,NHB male
2184,42.083333333333336,0.682857345840423,NHB male
2185,42.166666666666664,0.6840510539082372,NHB male
2186,42.25,0.6885310862295921,NHB male
2187,42.333333333333336,0.6899398683231263,NHB male
2188,42.416666666666664,0.6913923406952694,NHB male
2189,42.5,0.6928885684381236,NHB male
2190,42.583333333333336,0.695026929610397,NHB male
2191,42.666666666666664,0.6996464375489774,NHB male
2192,42.75,0.7007159203949076,NHB male
2193,42.833333333333336,0.7022138387112494,NHB male
2194,42.916666666666664,0.703583757797109,NHB male
2195,43.0,0.7049538747623683,NHB male
2196,43.083333333333336,0.7064959276817289,NHB male
2197,43.166666666666664,0.7082957774462739,NHB male
2198,43.25,0.7098822916656609,NHB male
2199,43.333333333333336,0.7113837140805215,NHB male
2200,43.416666666666664,0.7126283047558619,NHB male
2201,43.5,0.7137020295176466,NHB male
2202,43.583333333333336,0.7149914664061724,NHB male
2203,43.666666666666664,0.7164104889783806,NHB male
2204,43.75,0.7180450106557388,NHB male
2205,43.833333333333336,0.7195521005499121,NHB male
2206,43.916666666666664,0.721189375120369,NHB male
2207,44.0,0.7227845495630079,NHB male
2208,44.083333333333336,0.7236043306615763,NHB male
2209,44.166666666666664,0.7245971622084735,NHB male
2210,44.25,0.7255043715564925,NHB male
2211,44.333333333333336,0.7265418353490352,NHB male
2212,44.416666666666664,0.727536543207168,NHB male
2213,44.5,0.7284016438796332,NHB male
2214,44.583333333333336,0.7292670201935422,NHB male
2215,44.666666666666664,0.7304795159444347,NHB male
2216,44.75,0.7313461412950959,NHB male
2217,44.833333333333336,0.7322997367922737,NHB male
2218,44.916666666666664,0.7330368447408531,NHB male
2219,45.0,0.7339909041001285,NHB male
2220,45.083333333333336,0.735465599886953,NHB male
2221,45.166666666666664,0.7368106165186579,NHB male
2222,45.25,0.738155633150363,NHB male
2223,45.333333333333336,0.7390673777538854,NHB male
2224,45.416666666666664,0.740153510880118,NHB male
2225,45.5,0.7412403708814557,NHB male
2226,45.583333333333336,0.7421972900007375,NHB male
2227,45.666666666666664,0.7432848815886522,NHB male
2228,45.75,0.7445899914941496,NHB male
2229,45.833333333333336,0.7461131385886639,NHB male
2230,45.916666666666664,0.7476368080244316,NHB male
2231,46.0,0.7490313205685895,NHB male
2232,46.083333333333336,0.7502530039872399,NHB male
2233,46.166666666666664,0.7516499457583302,NHB male
2234,46.25,0.7529165921834107,NHB male
2235,46.333333333333336,0.7541404265048091,NHB male
2236,46.416666666666664,0.7555393429969579,NHB male
2237,46.5,0.7569832666914452,NHB male
2238,46.583333333333336,0.7580343392449513,NHB male
2239,46.666666666666664,0.7591299997265443,NHB male
2240,46.75,0.7602264582128582,NHB male
2241,46.833333333333336,0.7613233179648579,NHB male
2242,46.916666666666664,0.7624646815353775,NHB male
2243,47.0,0.7636506012096645,NHB male
2244,47.083333333333336,0.7644852923949836,NHB male
2245,47.166666666666664,0.7657155931063531,NHB male
2246,47.25,0.766419017859646,NHB male
2247,47.333333333333336,0.7676509386545091,NHB male
2248,47.416666666666664,0.7684433378784989,NHB male
2249,47.5,0.7697204666730073,NHB male
2250,47.583333333333336,0.77064563793757,NHB male
2251,47.666666666666664,0.7718356009997694,NHB male
2252,47.75,0.7729828209521978,NHB male
2253,47.833333333333336,0.7742187690395667,NHB male
2254,47.916666666666664,0.7754112755411182,NHB male
2255,48.0,0.7770457725523257,NHB male
2256,48.08333333333333,0.777930160602495,NHB male
2257,48.166666666666664,0.778814900998501,NHB male
2258,48.25,0.7793905579128194,NHB male
2259,48.33333333333333,0.780144096292462,NHB male
2260,48.416666666666664,0.7808096540231607,NHB male
2261,48.5,0.7815647170184203,NHB male
2262,48.58333333333333,0.7822757983058477,NHB male
2263,48.666666666666664,0.7828986301047276,NHB male
2264,48.75,0.7837440750786999,NHB male
2265,48.83333333333333,0.7842340473081817,NHB male
2266,48.916666666666664,0.7849471758442423,NHB male
2267,49.0,0.7858837393671104,NHB male
2268,49.08333333333333,0.7872225238229227,NHB male
2269,49.166666666666664,0.7880707764556051,NHB male
2270,49.25,0.7889640503166984,NHB male
2271,49.33333333333333,0.7897683372305877,NHB male
2272,49.416666666666664,0.7907964742162771,NHB male
2273,49.5,0.7914224304806439,NHB male
2274,49.58333333333333,0.7926301496264777,NHB male
2275,49.666666666666664,0.7936144293909259,NHB male
2276,49.75,0.794554172882424,NHB male
2277,49.83333333333333,0.7952707922924699,NHB male
2278,49.916666666666664,0.7960776952350441,NHB male
2279,50.0,0.7970645607662428,NHB male
2280,50.08333333333333,0.7979619096021207,NHB male
2281,50.166666666666664,0.7987702415930437,NHB male
2282,50.25,0.7995340071418087,NHB male
2283,50.33333333333333,0.8002981151863353,NHB male
2284,50.416666666666664,0.8011978758748404,NHB male
2285,50.5,0.8021882850077101,NHB male
2286,50.58333333333333,0.8031789195922381,NHB male
2287,50.666666666666664,0.8048907989823719,NHB male
2288,50.75,0.8061527665565216,NHB male
2289,50.83333333333333,0.8072808347213463,NHB male
2290,50.916666666666664,0.8077778829788058,NHB male
2291,51.0,0.8091350643180941,NHB male
2292,51.08333333333333,0.8097687159897908,NHB male
2293,51.166666666666664,0.8107646912987451,NHB male
2294,51.25,0.8114899044578398,NHB male
2295,51.33333333333333,0.8124422046758782,NHB male
2296,51.416666666666664,0.8136218134515014,NHB male
2297,51.5,0.8141208787027268,NHB male
2298,51.58333333333333,0.815028491599686,NHB male
2299,51.666666666666664,0.8159819529831929,NHB male
2300,51.75,0.8166636696305751,NHB male
2301,51.83333333333333,0.8178461912355381,NHB male
2302,51.916666666666664,0.8188472863623975,NHB male
2303,52.0,0.8199402137448265,NHB male
2304,52.08333333333333,0.8207147624205193,NHB male
2305,52.166666666666664,0.8211250261220743,NHB male
2306,52.25,0.8215353944027015,NHB male
2307,52.33333333333333,0.8219915922697705,NHB male
2308,52.416666666666664,0.8224481411482785,NHB male
2309,52.5,0.8228134741911832,NHB male
2310,52.58333333333333,0.8233161958274732,NHB male
2311,52.666666666666664,0.8240479951717034,NHB male
2312,52.75,0.8244141804054772,NHB male
2313,52.83333333333333,0.8250556734833276,NHB male
2314,52.916666666666664,0.8255141229762959,NHB male
2315,53.0,0.8260651310090025,NHB male
2316,53.08333333333333,0.827076647561422,NHB male
2317,53.166666666666664,0.8279504623742766,NHB male
2318,53.25,0.8303432347616896,NHB male
2319,53.33333333333333,0.8328754252876344,NHB male
2320,53.416666666666664,0.8336581023592904,NHB male
2321,53.5,0.8348100545590182,NHB male
2322,53.58333333333333,0.8354092368387983,NHB male
2323,53.666666666666664,0.837349403005728,NHB male
2324,53.75,0.8377652710094066,NHB male
2325,53.83333333333333,0.8383669975363329,NHB male
2326,53.916666666666664,0.8394325060077186,NHB male
2327,54.0,0.8401278040475235,NHB male
2328,54.08333333333333,0.8406842038014184,NHB male
2329,54.166666666666664,0.8425880066705941,NHB male
2330,54.25,0.8434707775895017,NHB male
2331,54.33333333333333,0.8443543352917593,NHB male
2332,54.416666666666664,0.8449592362308348,NHB male
2333,54.5,0.845517773956812,NHB male
2334,54.58333333333333,0.8463095128301115,NHB male
2335,54.666666666666664,0.8469158789403415,NHB male
2336,54.75,0.8475690876251434,NHB male
2337,54.83333333333333,0.8481294953912273,NHB male
2338,54.916666666666664,0.8491117191660299,NHB male
2339,55.0,0.8500957731714687,NHB male
2340,55.08333333333333,0.8507986688896394,NHB male
2341,55.166666666666664,0.8515020064027305,NHB male
2342,55.25,0.8524403823496327,NHB male
2343,55.33333333333333,0.8532854581109138,NHB male
2344,55.416666666666664,0.8538028867613724,NHB male
2345,55.5,0.8545089256211856,NHB male
2346,55.58333333333333,0.855168535414354,NHB male
2347,55.666666666666664,0.8559236033300822,NHB male
2348,55.75,0.8563490257611941,NHB male
2349,55.83333333333333,0.8570585300791338,NHB male
2350,55.916666666666664,0.8587641624679807,NHB male
2351,56.0,0.8593330882989254,NHB male
2352,56.08333333333333,0.8598553076808734,NHB male
2353,56.166666666666664,0.8603777040263529,NHB male
2354,56.25,0.8609963440562294,NHB male
2355,56.33333333333333,0.8613295719985604,NHB male
2356,56.416666666666664,0.8620441224691965,NHB male
2357,56.5,0.8624253476920796,NHB male
2358,56.58333333333333,0.8628068371958797,NHB male
2359,56.666666666666664,0.8630930538081276,NHB male
2360,56.75,0.8635704141504981,NHB male
2361,56.83333333333333,0.8637614920018278,NHB male
2362,56.916666666666664,0.8643359340594449,NHB male
2363,57.0,0.8646235610543719,NHB male
2364,57.08333333333333,0.8651029393792501,NHB male
2365,57.166666666666664,0.8654868513269435,NHB male
2366,57.25,0.8658710373995548,NHB male
2367,57.33333333333333,0.8664957871357805,NHB male
2368,57.416666666666664,0.8668806641458395,NHB male
2369,57.5,0.8674100613600101,NHB male
2370,57.58333333333333,0.8678925574977102,NHB male
2371,57.666666666666664,0.8687623212010902,NHB male
2372,57.75,0.8693421636700103,NHB male
2373,57.83333333333333,0.8697776897911103,NHB male
2374,57.916666666666664,0.8705522462830589,NHB male
2375,58.0,0.8714246010441615,NHB male
2376,58.08333333333333,0.8722484916518696,NHB male
2377,58.166666666666664,0.8728790040317198,NHB male
2378,58.25,0.8734616823936827,NHB male
2379,58.33333333333333,0.8740450323019716,NHB male
2380,58.416666666666664,0.8748720830748054,NHB male
2381,58.5,0.8755047796598023,NHB male
2382,58.58333333333333,0.8758951997941503,NHB male
2383,58.666666666666664,0.8767258224726935,NHB male
2384,58.75,0.8773126095136803,NHB male
2385,58.83333333333333,0.87790056825403,NHB male
2386,58.916666666666664,0.8785867954898565,NHB male
2387,59.0,0.8792242638495624,NHB male
2388,59.08333333333333,0.8795679346434865,NHB male
2389,59.166666666666664,0.8801582879050379,NHB male
2390,59.25,0.8808971393976086,NHB male
2391,59.33333333333333,0.8813408172723691,NHB male
2392,59.416666666666664,0.8818342026475361,NHB male
2393,59.5,0.8824275037221091,NHB male
2394,59.58333333333333,0.8831697543299241,NHB male
2395,59.666666666666664,0.8838628151093229,NHB male
2396,59.75,0.8844080601088096,NHB male
2397,59.83333333333333,0.8849547115872287,NHB male
2398,59.916666666666664,0.8853529644246594,NHB male
2399,60.0,0.8858013882926203,NHB male
2400,60.08333333333333,0.8861999872863634,NHB male
2401,60.166666666666664,0.8865991105225357,NHB male
2402,60.25,0.8868988485563968,NHB male
2403,60.33333333333333,0.8871988516106238,NHB male
2404,60.416666666666664,0.8875493212239064,NHB male
2405,60.5,0.8877496787807458,NHB male
2406,60.58333333333333,0.8880004614465619,NHB male
2407,60.666666666666664,0.8880506854548817,NHB male
2408,60.75,0.8884024113084795,NHB male
2409,60.83333333333333,0.888906010535427,NHB male
2410,60.916666666666664,0.8890070050713038,NHB male
2411,61.0,0.8894629324808694,NHB male
2412,61.08333333333333,0.8902745860285088,NHB male
2413,61.166666666666664,0.89073177525339,NHB male
2414,61.25,0.8910371359187275,NHB male
2415,61.33333333333333,0.8915470229757292,NHB male
2416,61.416666666666664,0.8920067859494544,NHB male
2417,61.5,0.8924667665109569,NHB male
2418,61.58333333333333,0.892875832544201,NHB male
2419,61.666666666666664,0.8934894315940671,NHB male
2420,61.75,0.894105099619535,NHB male
2421,61.83333333333333,0.894464762066242,NHB male
2422,61.916666666666664,0.8946191285771155,NHB male
2423,62.0,0.8950315781717255,NHB male
2424,62.08333333333333,0.8954962686766219,NHB male
2425,62.166666666666664,0.8958065222085074,NHB male
2426,62.25,0.8963246399498872,NHB male
2427,62.33333333333333,0.8966358216208731,NHB male
2428,62.416666666666664,0.8968955306117754,NHB male
2429,62.5,0.8973121143264753,NHB male
2430,62.58333333333333,0.89746873031886,NHB male
2431,62.666666666666664,0.8978872252971504,NHB male
2432,62.75,0.8985162567634923,NHB male
2433,62.83333333333333,0.8989358277949612,NHB male
2434,62.916666666666664,0.8993037160973196,NHB male
2435,63.0,0.900198560230276,NHB male
2436,63.08333333333333,0.9006207767919671,NHB male
2437,63.166666666666664,0.9010962754676036,NHB male
2438,63.25,0.90157253738349,NHB male
2439,63.33333333333333,0.9019433620542734,NHB male
2440,63.416666666666664,0.9024209106156974,NHB male
2441,63.5,0.9028463235394437,NHB male
2442,63.58333333333333,0.9031657328867113,NHB male
2443,63.666666666666664,0.9032725550236261,NHB male
2444,63.75,0.9040207231063163,NHB male
2445,63.83333333333333,0.9045560230332192,NHB male
2446,63.916666666666664,0.9050380633209302,NHB male
2447,64.0,0.9053599681910287,NHB male
2448,64.08333333333333,0.9053599681910287,NHB male
2449,64.16666666666666,0.9056289847680866,NHB male
2450,64.25,0.9057368990222112,NHB male
2451,64.33333333333333,0.9058988631132383,NHB male
2452,64.41666666666666,0.9063853135623945,NHB male
2453,64.5,0.9065482161490028,NHB male
2454,64.58333333333333,0.9066025485814744,NHB male
2455,64.66666666666666,0.9067112766972117,NHB male
2456,64.75,0.906874654496341,NHB male
2457,64.83333333333333,0.9069838284066619,NHB male
2458,64.91666666666666,0.9071477817055925,NHB male
2459,65.0,0.9073120250162549,NHB male
2460,65.08333333333333,0.9076407057786084,NHB male
2461,65.16666666666666,0.9081346057477069,NHB male
2462,65.25,0.9085189797822353,NHB male
2463,65.33333333333333,0.9089042789046928,NHB male
2464,65.41666666666666,0.9093451535379429,NHB male
2465,65.5,0.9098986019290422,NHB male
2466,65.58333333333333,0.9100650453983851,NHB male
2467,65.66666666666666,0.9104538932564527,NHB male
2468,65.75,0.9105650616074688,NHB male
2469,65.83333333333333,0.9108431553213759,NHB male
2470,65.91666666666666,0.911121944704361,NHB male
2471,66.0,0.9112892183341521,NHB male
2472,66.08333333333333,0.9115130941238451,NHB male
2473,66.16666666666666,0.9117378227736892,NHB male
2474,66.25,0.9122454007896872,NHB male
2475,66.33333333333333,0.9125840037448395,NHB male
2476,66.41666666666666,0.9129803197900378,NHB male
2477,66.5,0.9131505016939686,NHB male
2478,66.58333333333333,0.9135475928031405,NHB male
2479,66.66666666666666,0.9138321629387458,NHB male
2480,66.75,0.914060422109769,NHB male
2481,66.83333333333333,0.914576403564747,NHB male
2482,66.91666666666666,0.9148636382535004,NHB male
2483,67.0,0.9153845269385572,NHB male
2484,67.08333333333333,0.9156171467957708,NHB male
2485,67.16666666666666,0.9157923361103817,NHB male
2486,67.25,0.9160855382826993,NHB male
2487,67.33333333333333,0.9162622003073674,NHB male
2488,67.41666666666666,0.9167339625591568,NHB male
2489,67.5,0.9170892941556328,NHB male
2490,67.58333333333333,0.9174458993420601,NHB male
2491,67.66666666666666,0.9177437135579978,NHB male
2492,67.75,0.9179226612442386,NHB male
2493,67.83333333333333,0.9184602857339051,NHB male
2494,67.91666666666666,0.918699756260384,NHB male
2495,68.0,0.9189394032574059,NHB male
2496,68.08333333333333,0.9190594041408146,NHB male
2497,68.16666666666666,0.9191195830224943,NHB male
2498,68.25,0.9191801676044999,NHB male
2499,68.33333333333333,0.9194230521496405,NHB male
2500,68.41666666666666,0.9195451384342622,NHB male
2501,68.5,0.9196678765907317,NHB male
2502,68.58333333333333,0.9196678765907317,NHB male
2503,68.66666666666666,0.9198526897580843,NHB male
2504,68.75,0.9200383592026602,NHB male
2505,68.83333333333333,0.9201627163423138,NHB male
2506,68.91666666666666,0.9202870734819676,NHB male
2507,69.0,0.9205365662097236,NHB male
2508,69.08333333333333,0.9207864512216427,NHB male
2509,69.16666666666666,0.921287406470834,NHB male
2510,69.25,0.9214127449955619,NHB male
2511,69.33333333333333,0.9220404387256292,NHB male
2512,69.41666666666666,0.9222923274534948,NHB male
2513,69.5,0.9226087267716808,NHB male
2514,69.58333333333333,0.9227358060380656,NHB male
2515,69.66666666666666,0.9230542899373315,NHB male
2516,69.75,0.9233735667425709,NHB male
2517,69.83333333333333,0.9236296283407578,NHB male
2518,69.91666666666666,0.9241430426040131,NHB male
2519,70.0,0.9242075468194859,NHB male
2520,70.08333333333333,0.9244017204826298,NHB male
2521,70.16666666666666,0.9247917374018939,NHB male
2522,70.25,0.9251181621527538,NHB male
2523,70.33333333333333,0.9254451570778509,NHB male
2524,70.41666666666666,0.9256413540329091,NHB male
2525,70.5,0.9260991469280453,NHB male
2526,70.58333333333333,0.9265589744582707,NHB male
2527,70.66666666666666,0.9268222039404992,NHB male
2528,70.75,0.9269542938250831,NHB male
2529,70.83333333333333,0.9272187126709651,NHB male
2530,70.91666666666666,0.9274833718976161,NHB male
2531,71.0,0.9276158223599036,NHB male
2532,71.08333333333333,0.9278807232844786,NHB male
2533,71.16666666666666,0.9281468460767868,NHB male
2534,71.25,0.9283471801490634,NHB male
2535,71.33333333333333,0.9285484521149368,NHB male
2536,71.41666666666666,0.9287501027674817,NHB male
2537,71.5,0.9289521346121863,NHB male
2538,71.58333333333333,0.9290874638795917,NHB male
2539,71.66666666666666,0.9292920192722467,NHB male
2540,71.75,0.9294971681525013,NHB male
2541,71.83333333333333,0.9297031160546848,NHB male
2542,71.91666666666666,0.9299790606432827,NHB male
2543,72.0,0.9304629170850369,NHB male
2544,72.08333333333333,0.9306709043719212,NHB male
2545,72.16666666666666,0.9307403724036127,NHB male
2546,72.25,0.930809910182324,NHB male
2547,72.33333333333333,0.930809910182324,NHB male
2548,72.41666666666666,0.9308797991619377,NHB male
2549,72.5,0.9309498297605578,NHB male
2550,72.58333333333333,0.931020289117945,NHB male
2551,72.66666666666666,0.931090820519665,NHB male
2552,72.75,0.9311616418757599,NHB male
2553,72.83333333333333,0.9312326092552694,NHB male
2554,72.91666666666666,0.9313037234132268,NHB male
2555,73.0,0.9313037234132268,NHB male
2556,73.08333333333333,0.9317335228496404,NHB male
2557,73.16666666666666,0.9321642261755101,NHB male
2558,73.25,0.9324531964580426,NHB male
2559,73.33333333333333,0.9325255163761816,NHB male
2560,73.41666666666666,0.932816041601688,NHB male
2561,73.5,0.9330351197268998,NHB male
2562,73.58333333333333,0.9332546767114018,NHB male
2563,73.66666666666666,0.933548385504751,NHB male
2564,73.75,0.9337693997436488,NHB male
2565,73.83333333333333,0.9340647424426738,NHB male
2566,73.91666666666666,0.9342872461239695,NHB male
2567,74.0,0.9343614978232645,NHB male
2568,74.08333333333333,0.9343614978232645,NHB male
2569,74.16666666666666,0.9346601940789039,NHB male
2570,74.25,0.9348849869891829,NHB male
2571,74.33333333333333,0.9351105586277885,NHB male
2572,74.41666666666666,0.9354878228218129,NHB male
2573,74.5,0.9355634525723149,NHB male
2574,74.58333333333333,0.9359433850453556,NHB male
2575,74.66666666666666,0.9359433850453556,NHB male
2576,74.75,0.9361727046692983,NHB male
2577,74.83333333333333,0.9362495124855806,NHB male
2578,74.91666666666666,0.9364036853695333,NHB male
2579,75.0,0.9366355066865338,NHB male
2580,75.08333333333333,0.9369461169478743,NHB male
2581,75.16666666666666,0.9371023843160333,NHB male
2582,75.25,0.9371023843160333,NHB male
2583,75.33333333333333,0.9372604185262945,NHB male
2584,75.41666666666666,0.9373398357180334,NHB male
2585,75.5,0.9376583117753751,NHB male
2586,75.58333333333333,0.9377383396164849,NHB male
2587,75.66666666666666,0.9378990148690876,NHB male
2588,75.75,0.93797977037641,NHB male
2589,75.83333333333333,0.9381414919660412,NHB male
2590,75.91666666666666,0.9382226711104428,NHB male
2591,76.0,0.938304171544334,NHB male
2592,76.08333333333333,0.938385779783032,NHB male
2593,76.16666666666666,0.938385779783032,NHB male
2594,76.25,0.9385511870856279,NHB male
2595,76.33333333333333,0.9388006409946171,NHB male
2596,76.41666666666666,0.9388843610479761,NHB male
2597,76.5,0.9389683111014816,NHB male
2598,76.58333333333333,0.9389683111014816,NHB male
2599,76.66666666666666,0.9390526090143249,NHB male
2600,76.75,0.9390526090143249,NHB male
2601,76.83333333333333,0.9390526090143249,NHB male
2602,76.91666666666666,0.9393083323331458,NHB male
2603,77.0,0.9393938135552119,NHB male
2604,77.08333333333333,0.9396517122209344,NHB male
2605,77.16666666666666,0.9399107177478832,NHB male
2606,77.25,0.9400841355898806,NHB male
2607,77.33333333333333,0.9402580568218403,NHB male
2608,77.41666666666666,0.940345654978993,NHB male
2609,77.5,0.9405221471240257,NHB male
2610,77.58333333333333,0.9405221471240257,NHB male
2611,77.66666666666666,0.9407896637036777,NHB male
2612,77.75,0.9410575837774168,NHB male
2613,77.83333333333333,0.9410575837774168,NHB male
2614,77.91666666666666,0.941327137510142,NHB male
2615,78.0,0.9414176820510213,NHB male
2616,78.08333333333333,0.9415087898549855,NHB male
2617,78.16666666666666,0.9419657524342434,NHB male
2618,78.25,0.9419657524342434,NHB male
2619,78.33333333333333,0.9420583110428012,NHB male
2620,78.41666666666666,0.9424291378521273,NHB male
2621,78.5,0.9424291378521273,NHB male
2622,78.58333333333333,0.942617277924506,NHB male
2623,78.66666666666666,0.942617277924506,NHB male
2624,78.75,0.9429018203480208,NHB male
2625,78.83333333333333,0.9429018203480208,NHB male
2626,78.91666666666666,0.9429969839807741,NHB male
2627,79.0,0.9430923067500371,NHB male
2628,79.08333333333333,0.9431879499319697,NHB male
2629,79.16666666666666,0.9432839162327603,NHB male
2630,79.25,0.9432839162327603,NHB male
2631,79.33333333333333,0.94357526597814,NHB male
2632,79.41666666666666,0.9437698340264912,NHB male
2633,79.5,0.9438677959881175,NHB male
2634,79.58333333333333,0.9440637199113702,NHB male
2635,79.66666666666666,0.9443581213855209,NHB male
2636,79.75,0.9444566025866085,NHB male
2637,79.83333333333333,0.9444566025866085,NHB male
2638,79.91666666666666,0.9449578967870904,NHB male
2639,80.0,0.945159886156679,NHB male
2640,80.08333333333333,0.9453629976894321,NHB male
2641,80.16666666666666,0.9454649323952354,NHB male
2642,80.25,0.9455680232602728,NHB male
2643,80.33333333333333,0.9455680232602728,NHB male
2644,80.41666666666666,0.9455680232602728,NHB male
2645,80.5,0.9455680232602728,NHB male
2646,80.58333333333333,0.9455680232602728,NHB male
2647,80.66666666666666,0.9455680232602728,NHB male
2648,80.75,0.9455680232602728,NHB male
2649,80.83333333333333,0.9455680232602728,NHB male
2650,80.91666666666666,0.9455680232602728,NHB male
2651,81.0,0.9455680232602728,NHB male
2652,81.08333333333333,0.9455680232602728,NHB male
2653,81.16666666666666,0.9460026099009093,NHB male
2654,81.25,0.946220781174037,NHB male
2655,81.33333333333333,0.9465500416974612,NHB male
2656,81.41666666666666,0.9465500416974612,NHB male
2657,81.5,0.9465500416974612,NHB male
2658,81.58333333333333,0.9465500416974612,NHB male
2659,81.66666666666666,0.9467732148010208,NHB male
2660,81.75,0.9467732148010208,NHB male
2661,81.83333333333333,0.9467732148010208,NHB male
2662,81.91666666666666,0.9468869472480272,NHB male
2663,82.0,0.9470019105656722,NHB male
2664,82.08333333333333,0.9471176269181488,NHB male
2665,82.16666666666666,0.9472338519139332,NHB male
2666,82.25,0.9472338519139332,NHB male
2667,82.33333333333333,0.9472338519139332,NHB male
2668,82.41666666666666,0.9473516334944824,NHB male
2669,82.5,0.9473516334944824,NHB male
2670,82.58333333333333,0.9473516334944824,NHB male
2671,82.66666666666666,0.947471288872904,NHB male
2672,82.75,0.9475909442513256,NHB male
2673,82.83333333333333,0.9477105996297472,NHB male
2674,82.91666666666666,0.948190318899199,NHB male
2675,83.0,0.948190318899199,NHB male
2676,83.08333333333333,0.9483125115433048,NHB male
2677,83.16666666666666,0.9483125115433048,NHB male
2678,83.25,0.9484355769920112,NHB male
2679,83.33333333333333,0.9485589368556666,NHB male
2680,83.41666666666666,0.9486831906313775,NHB male
2681,83.5,0.9489341285745004,NHB male
2682,83.58333333333333,0.9493133305900363,NHB male
2683,83.66666666666666,0.94956867905054,NHB male
2684,83.75,0.9496970030224215,NHB male
2685,83.91666666666666,0.9498266499218483,NHB male
2686,84.0,0.9498266499218483,NHB male
2687,84.08333333333333,0.9498266499218483,NHB male
2688,84.16666666666666,0.9498266499218483,NHB male
2689,84.25,0.9498266499218483,NHB male
2690,84.33333333333333,0.9498266499218483,NHB male
2691,84.41666666666666,0.9498266499218483,NHB male
2692,84.5,0.9498266499218483,NHB male
2693,84.58333333333333,0.9499652503364289,NHB male
2694,84.66666666666666,0.9499652503364289,NHB male
2695,84.75,0.9499652503364289,NHB male
2696,84.83333333333333,0.9499652503364289,NHB male
2697,84.91666666666666,0.9499652503364289,NHB male
2698,85.0,0.9499652503364289,NHB male
2699,85.08333333333333,0.9499652503364289,NHB male
2700,85.16666666666666,0.9499652503364289,NHB male
2701,85.25,0.9501150549761401,NHB male
2702,85.33333333333333,0.9501150549761401,NHB male
2703,85.5,0.9502657647798376,NHB male
2704,85.58333333333333,0.9502657647798376,NHB male
2705,85.66666666666666,0.9504173935457528,NHB male
2706,85.75,0.950875079143792,NHB male
2707,85.83333333333333,0.950875079143792,NHB male
2708,85.91666666666666,0.950875079143792,NHB male
2709,86.0,0.9511869834031965,NHB male
2710,86.08333333333333,0.9515019060909178,NHB male
2711,86.16666666666666,0.9515019060909178,NHB male
2712,86.25,0.9516619658067894,NHB male
2713,86.33333333333333,0.9516619658067894,NHB male
2714,86.41666666666666,0.9519863821436566,NHB male
2715,86.5,0.9519863821436566,NHB male
2716,86.66666666666666,0.9519863821436566,NHB male
2717,86.75,0.9523198100454368,NHB male
2718,86.83333333333333,0.9523198100454368,NHB male
2719,86.91666666666666,0.9524913215200934,NHB male
2720,87.0,0.9526666302967721,NHB male
2721,87.08333333333333,0.9526666302967721,NHB male
2722,87.16666666666666,0.9526666302967721,NHB male
2723,87.25,0.9526666302967721,NHB male
2724,87.33333333333333,0.9526666302967721,NHB male
2725,87.41666666666666,0.9528529821459973,NHB male
2726,87.5,0.9532301582888294,NHB male
2727,87.58333333333333,0.9532301582888294,NHB male
2728,87.66666666666666,0.9534226267732374,NHB male
2729,87.75,0.9534226267732374,NHB male
2730,87.83333333333333,0.9534226267732374,NHB male
2731,87.91666666666666,0.9534226267732374,NHB male
2732,88.0,0.9534226267732374,NHB male
2733,88.08333333333333,0.953626021416149,NHB male
2734,88.16666666666666,0.953626021416149,NHB male
2735,88.25,0.953626021416149,NHB male
2736,88.33333333333333,0.9538339764770633,NHB male
2737,88.41666666666666,0.9538339764770633,NHB male
2738,88.5,0.9538339764770633,NHB male
2739,88.58333333333333,0.9538339764770633,NHB male
2740,88.66666666666666,0.9538339764770633,NHB male
2741,88.83333333333333,0.9538339764770633,NHB male
2742,88.91666666666666,0.9538339764770633,NHB male
2743,89.0,0.9538339764770633,NHB male
2744,89.08333333333333,0.9540580833873687,NHB male
2745,89.16666666666666,0.9542877929704319,NHB male
2746,89.25,0.9542877929704319,NHB male
2747,89.33333333333333,0.9542877929704319,NHB male
2748,89.41666666666666,0.9542877929704319,NHB male
2749,89.5,0.9542877929704319,NHB male
2750,89.58333333333333,0.9545296564996888,NHB male
2751,89.66666666666666,0.9550159703339168,NHB male
2752,89.83333333333333,0.9550159703339168,NHB male
2753,89.91666666666666,0.9550159703339168,NHB male
2754,90.08333333333333,0.9552686896017037,NHB male
2755,90.16666666666666,0.9552686896017037,NHB male
2756,90.25,0.9555257660982457,NHB male
2757,90.33333333333333,0.9557889272455934,NHB male
2758,90.41666666666666,0.9557889272455934,NHB male
2759,90.5,0.9560601608207738,NHB male
2760,90.58333333333333,0.9560601608207738,NHB male
2761,90.66666666666666,0.9563347848156439,NHB male
2762,90.75,0.9563347848156439,NHB male
2763,90.83333333333333,0.9563347848156439,NHB male
2764,90.91666666666666,0.9566183251739839,NHB male
2765,91.0,0.9569056210337589,NHB male
2766,91.08333333333333,0.9574840690735742,NHB male
2767,91.16666666666666,0.9574840690735742,NHB male
2768,91.25,0.9577834770378448,NHB male
2769,91.33333333333333,0.9577834770378448,NHB male
2770,91.5,0.958089393870904,NHB male
2771,91.58333333333333,0.958089393870904,NHB male
2772,91.66666666666666,0.958089393870904,NHB male
2773,91.83333333333333,0.958089393870904,NHB male
2774,92.08333333333333,0.958089393870904,NHB male
2775,92.16666666666666,0.958089393870904,NHB male
2776,92.25,0.958089393870904,NHB male
2777,92.5,0.958089393870904,NHB male
2778,92.58333333333333,0.958089393870904,NHB male
2779,92.66666666666666,0.958089393870904,NHB male
2780,92.75,0.958089393870904,NHB male
2781,92.91666666666666,0.958089393870904,NHB male
2782,93.0,0.958089393870904,NHB male
2783,93.08333333333333,0.9584738948445654,NHB male
2784,93.16666666666666,0.9584738948445654,NHB male
2785,93.25,0.9584738948445654,NHB male
2786,93.41666666666666,0.9584738948445654,NHB male
2787,93.58333333333333,0.9584738948445654,NHB male
2788,93.66666666666666,0.9584738948445654,NHB male
2789,93.75,0.9584738948445654,NHB male
2790,93.91666666666666,0.9589064584399345,NHB male
2791,94.0,0.9589064584399345,NHB male
2792,94.08333333333333,0.9589064584399345,NHB male
2793,94.16666666666666,0.9593734305031171,NHB male
2794,94.33333333333333,0.959845832474011,NHB male
2795,94.5,0.9603355174438402,NHB male
2796,94.58333333333333,0.9603355174438402,NHB male
2797,94.66666666666666,0.9608506405939201,NHB male
2798,94.83333333333333,0.9608506405939201,NHB male
2799,94.91666666666666,0.9608506405939201,NHB male
2800,95.0,0.9608506405939201,NHB male
2801,95.25,0.9613943816967824,NHB male
2802,95.33333333333333,0.9613943816967824,NHB male
2803,95.41666666666666,0.9613943816967824,NHB male
2804,95.5,0.9613943816967824,NHB male
2805,95.66666666666666,0.9613943816967824,NHB male
2806,95.75,0.9613943816967824,NHB male
2807,95.83333333333333,0.9613943816967824,NHB male
2808,95.91666666666666,0.9613943816967824,NHB male
2809,96.0,0.9613943816967824,NHB male
2810,96.08333333333333,0.9613943816967824,NHB male
2811,96.16666666666666,0.9613943816967824,NHB male
2812,96.25,0.9613943816967824,NHB male
2813,96.41666666666666,0.9613943816967824,NHB male
2814,96.66666666666666,0.9613943816967824,NHB male
2815,96.75,0.9613943816967824,NHB male
2816,96.83333333333333,0.9613943816967824,NHB male
2817,96.91666666666666,0.9613943816967824,NHB male
2818,97.25,0.9613943816967824,NHB male
2819,97.58333333333333,0.9613943816967824,NHB male
2820,97.75,0.9613943816967824,NHB male
2821,97.83333333333333,0.9613943816967824,NHB male
2822,97.91666666666666,0.9613943816967824,NHB male
2823,98.0,0.9613943816967824,NHB male
2824,98.08333333333333,0.9613943816967824,NHB male
2825,98.16666666666666,0.9613943816967824,NHB male
2826,98.25,0.9613943816967824,NHB male
2827,98.33333333333333,0.9613943816967824,NHB male
2828,98.83333333333333,0.9613943816967824,NHB male
2829,99.0,0.9613943816967824,NHB male
2830,99.08333333333333,0.9613943816967824,NHB male
2831,99.16666666666666,0.9613943816967824,NHB male
2832,99.25,0.9613943816967824,NHB male
2833,99.58333333333333,0.9613943816967824,NHB male
2834,99.66666666666666,0.9630728868404005,NHB male
2835,100.0,0.9630728868404005,NHB male
2836,100.16666666666666,0.9630728868404005,NHB male
2837,0.0,0.0,NHB female
2838,40.0,0.47695536054940857,NHB female
2839,40.083333333333336,0.47695536054940857,NHB female
2840,40.166666666666664,0.47695536054940857,NHB female
2841,40.25,0.47695536054940857,NHB female
2842,40.333333333333336,0.47695536054940857,NHB female
2843,40.416666666666664,0.47695536054940857,NHB female
2844,40.5,0.47695536054940857,NHB female
2845,40.583333333333336,0.4849063424251465,NHB female
2846,40.666666666666664,0.4849063424251465,NHB female
2847,40.75,0.4849063424251465,NHB female
2848,40.833333333333336,0.4849063424251465,NHB female
2849,40.916666666666664,0.4849063424251465,NHB female
2850,41.0,0.4849063424251465,NHB female
2851,41.083333333333336,0.5059172955426585,NHB female
2852,41.166666666666664,0.5109722418291545,NHB female
2853,41.25,0.5124277955857531,NHB female
2854,41.333333333333336,0.5138068495894389,NHB female
2855,41.416666666666664,0.5149945554730263,NHB female
2856,41.5,0.5166044684320186,NHB female
2857,41.583333333333336,0.5182915790363645,NHB female
2858,41.666666666666664,0.5197107375343065,NHB female
2859,41.75,0.521322188966129,NHB female
2860,41.833333333333336,0.5226269064244542,NHB female
2861,41.916666666666664,0.524200621696352,NHB female
2862,42.0,0.5255059697849758,NHB female
2863,42.083333333333336,0.5281172998314811,NHB female
2864,42.166666666666664,0.5297305740200917,NHB female
2865,42.25,0.5383382183589951,NHB female
2866,42.333333333333336,0.5398374946920783,NHB female
2867,42.416666666666664,0.541798742207597,NHB female
2868,42.5,0.5483389784649199,NHB female
2869,42.583333333333336,0.556728013371169,NHB female
2870,42.666666666666664,0.5582291949861851,NHB female
2871,42.75,0.5597692710015723,NHB female
2872,42.833333333333336,0.5612325991770395,NHB female
2873,42.916666666666664,0.5624653082926094,NHB female
2874,43.0,0.5635825492945922,NHB female
2875,43.083333333333336,0.5721374874011351,NHB female
2876,43.166666666666664,0.5740260797006882,NHB female
2877,43.25,0.5757221119595946,NHB female
2878,43.333333333333336,0.5770330396398351,NHB female
2879,43.416666666666664,0.5792307713390632,NHB female
2880,43.5,0.5805807505308433,NHB female
2881,43.583333333333336,0.5825487679862602,NHB female
2882,43.666666666666664,0.5869482725115044,NHB female
2883,43.75,0.5882996288829849,NHB female
2884,43.833333333333336,0.5894969936925005,NHB female
2885,43.916666666666664,0.59077196773562,NHB female
2886,44.0,0.5921245960413385,NHB female
2887,44.083333333333336,0.5933228653289346,NHB female
2888,44.166666666666664,0.5941734116701043,NHB female
2889,44.25,0.5952949069113433,NHB female
2890,44.333333333333336,0.5964167237436482,NHB female
2891,44.416666666666664,0.5976165972992198,NHB female
2892,44.5,0.5988164708547915,NHB female
2893,44.583333333333336,0.6001715590153862,NHB female
2894,44.666666666666664,0.6036176883246667,NHB female
2895,44.75,0.604702499655613,NHB female
2896,44.833333333333336,0.6056714610742434,NHB female
2897,44.916666666666664,0.6065245663802094,NHB female
2898,45.0,0.6075717656614052,NHB female
2899,45.083333333333336,0.6092018700865087,NHB female
2900,45.166666666666664,0.6110262157466135,NHB female
2901,45.25,0.6130838672652708,NHB female
2902,45.333333333333336,0.6144428300997626,NHB female
2903,45.416666666666664,0.6159187213515214,NHB female
2904,45.5,0.6175117747075747,NHB female
2905,45.583333333333336,0.6219814572508756,NHB female
2906,45.666666666666664,0.6233426351311453,NHB female
2907,45.75,0.6247043754235129,NHB female
2908,45.833333333333336,0.6259887014227894,NHB female
2909,45.916666666666664,0.6274291529734666,NHB female
2910,46.0,0.6288311128870192,NHB female
2911,46.083333333333336,0.6299612995445456,NHB female
2912,46.166666666666664,0.6313261804082768,NHB female
2913,46.25,0.6322623958003201,NHB female
2914,46.333333333333336,0.6335501017573006,NHB female
2915,46.416666666666664,0.634760409326608,NHB female
2916,46.5,0.6367919056058912,NHB female
2917,46.583333333333336,0.6378857882178125,NHB female
2918,46.666666666666664,0.6392146477105912,NHB female
2919,46.75,0.6406610728958453,NHB female
2920,46.833333333333336,0.6419905096228902,NHB female
2921,46.916666666666664,0.6434773249927626,NHB female
2922,47.0,0.6449647933338114,NHB female
2923,47.083333333333336,0.6486467559801732,NHB female
2924,47.166666666666664,0.6502138980141596,NHB female
2925,47.25,0.6511543939191182,NHB female
2926,47.333333333333336,0.6520561076682592,NHB female
2927,47.416666666666664,0.6534676447568264,NHB female
2928,47.5,0.6547618466267928,NHB female
2929,47.583333333333336,0.6558995632685911,NHB female
2930,47.666666666666664,0.6575087930970375,NHB female
2931,47.75,0.6592365634597674,NHB female
2932,47.833333333333336,0.6603360536905956,NHB female
2933,47.916666666666664,0.6612398332793414,NHB female
2934,48.0,0.6628512924782679,NHB female
2935,48.08333333333333,0.6635985889601753,NHB female
2936,48.166666666666664,0.6644641832341964,NHB female
2937,48.25,0.6658022336411912,NHB female
2938,48.33333333333333,0.666668132929837,NHB female
2939,48.416666666666664,0.6672980266198243,NHB female
2940,48.5,0.6678494445939358,NHB female
2941,48.58333333333333,0.6686768659063355,NHB female
2942,48.666666666666664,0.6695834126686668,NHB female
2943,48.75,0.6702537888453747,NHB female
2944,48.83333333333333,0.671121749678756,NHB female
2945,48.916666666666664,0.6719109943399544,NHB female
2946,49.0,0.6728582018626106,NHB female
2947,49.08333333333333,0.6738054093852663,NHB female
2948,49.166666666666664,0.6774771712985042,NHB female
2949,49.25,0.6783855750531127,NHB female
2950,49.33333333333333,0.6795708862015659,NHB female
2951,49.416666666666664,0.6805984092601206,NHB female
2952,49.5,0.682179996735931,NHB female
2953,49.58333333333333,0.6832480998088868,NHB female
2954,49.666666666666664,0.6842372076660914,NHB female
2955,49.75,0.6851474149882724,NHB female
2956,49.83333333333333,0.6862163222931026,NHB female
2957,49.916666666666664,0.6875626934493413,NHB female
2958,50.0,0.6888300269275545,NHB female
2959,50.08333333333333,0.6898996118127173,NHB female
2960,50.166666666666664,0.6907316174536953,NHB female
2961,50.25,0.6921186488977138,NHB female
2962,50.33333333333333,0.6932285597810489,NHB female
2963,50.416666666666664,0.6947352567861309,NHB female
2964,50.5,0.6956474419353992,NHB female
2965,50.58333333333333,0.6971949973153888,NHB female
2966,50.666666666666664,0.6984255892245688,NHB female
2967,50.75,0.6995769396606517,NHB female
2968,50.83333333333333,0.7002916654187947,NHB female
2969,50.916666666666664,0.7012450120099081,NHB female
2970,51.0,0.7021193780782572,NHB female
2971,51.08333333333333,0.7029543344397566,NHB female
2972,51.166666666666664,0.7043461146666121,NHB female
2973,51.25,0.7053403771273784,NHB female
2974,51.33333333333333,0.7066931218178549,NHB female
2975,51.416666666666664,0.7076085863582529,NHB female
2976,51.5,0.7085246744271478,NHB female
2977,51.58333333333333,0.7097599082060619,NHB female
2978,51.666666666666664,0.7106768755290371,NHB female
2979,51.75,0.7119134696085354,NHB female
2980,51.83333333333333,0.7149455394478584,NHB female
2981,51.916666666666664,0.715623860532599,NHB female
2982,52.0,0.7167016476979025,NHB female
2983,52.08333333333333,0.7172606578363421,NHB female
2984,52.166666666666664,0.7179794866723515,NHB female
2985,52.25,0.7186190796154053,NHB female
2986,52.33333333333333,0.7196585658231347,NHB female
2987,52.416666666666664,0.7207384943040556,NHB female
2988,52.5,0.7215787997374437,NHB female
2989,52.58333333333333,0.7219389824027249,NHB female
2990,52.666666666666664,0.7224594709885803,NHB female
2991,52.75,0.7233808670866264,NHB female
2992,52.83333333333333,0.7241020641307225,NHB female
2993,52.916666666666664,0.7247433144174609,NHB female
2994,53.0,0.7250640329558615,NHB female
2995,53.08333333333333,0.7263071798313528,NHB female
2996,53.166666666666664,0.7290352818207207,NHB female
2997,53.25,0.7299987119298024,NHB female
2998,53.33333333333333,0.7308821188806569,NHB female
2999,53.416666666666664,0.7321272911664329,NHB female
3000,53.5,0.7331322157944098,NHB female
3001,53.58333333333333,0.7342176978934682,NHB female
3002,53.666666666666664,0.7351833011708764,NHB female
3003,53.75,0.736471359289516,NHB female
3004,53.83333333333333,0.7372364944016034,NHB female
3005,53.916666666666664,0.7380824293422084,NHB female
3006,54.0,0.7389288850183877,NHB female
3007,54.08333333333333,0.7398563851179514,NHB female
3008,54.166666666666664,0.7406229373330195,NHB female
3009,54.25,0.7438515299910806,NHB female
3010,54.33333333333333,0.7450626338681914,NHB female
3011,54.416666666666664,0.7461938931790771,NHB female
3012,54.5,0.7472443482534715,NHB female
3013,54.58333333333333,0.7482550474367193,NHB female
3014,54.666666666666664,0.749346777876682,NHB female
3015,54.75,0.7501965869926962,NHB female
3016,54.83333333333333,0.7508444804289285,NHB female
3017,54.916666666666664,0.7518571430836639,NHB female
3018,55.0,0.7528704673931881,NHB female
3019,55.08333333333333,0.7559524897886782,NHB female
3020,55.166666666666664,0.756926083579415,NHB female
3021,55.25,0.7581436854315804,NHB female
3022,55.33333333333333,0.7591994718954453,NHB female
3023,55.416666666666664,0.7600935835609816,NHB female
3024,55.5,0.7609883015066771,NHB female
3025,55.58333333333333,0.7619648559438303,NHB female
3026,55.666666666666664,0.7629827961767082,NHB female
3027,55.75,0.7638384539522438,NHB female
3028,55.83333333333333,0.7650206885173026,NHB female
3029,55.916666666666664,0.7661623544415638,NHB female
3030,56.0,0.7672232127183947,NHB female
3031,56.08333333333333,0.7679582973098101,NHB female
3032,56.166666666666664,0.7684484399664342,NHB female
3033,56.25,0.7692249100759712,NHB female
3034,56.33333333333333,0.7698790113051625,NHB female
3035,56.416666666666664,0.7702879698775718,NHB female
3036,56.5,0.7711467828796317,NHB female
3037,56.58333333333333,0.7715968786043456,NHB female
3038,56.666666666666664,0.772088068112723,NHB female
3039,56.75,0.7727026068469149,NHB female
3040,56.83333333333333,0.7751625353442426,NHB female
3041,56.916666666666664,0.775736623344458,NHB female
3042,57.0,0.7762290589382125,NHB female
3043,57.08333333333333,0.7768036725066029,NHB female
3044,57.166666666666664,0.7772141862595797,NHB female
3045,57.25,0.7778716139651953,NHB female
3046,57.33333333333333,0.7787764139083106,NHB female
3047,57.416666666666664,0.7795992652607068,NHB female
3048,57.5,0.7802577921992369,NHB female
3049,57.58333333333333,0.7810400859875474,NHB female
3050,57.666666666666664,0.78186386294019,NHB female
3051,57.75,0.7829353799557871,NHB female
3052,57.83333333333333,0.7840075076383761,NHB female
3053,57.916666666666664,0.7867724096231354,NHB female
3054,58.0,0.7873916572234554,NHB female
3055,58.08333333333333,0.7880523162804423,NHB female
3056,58.166666666666664,0.7890023838550965,NHB female
3057,58.25,0.7898698368580415,NHB female
3058,58.33333333333333,0.79040725415508,NHB female
3059,58.416666666666664,0.7911519579500281,NHB female
3060,58.5,0.791814179248641,NHB female
3061,58.58333333333333,0.7927668799802927,NHB female
3062,58.666666666666664,0.7938028383887099,NHB female
3063,58.75,0.7945077150722796,NHB female
3064,58.83333333333333,0.7952127340114867,NHB female
3065,58.916666666666664,0.7960011753597707,NHB female
3066,59.0,0.7966652610554461,NHB female
3067,59.08333333333333,0.7973296179725613,NHB female
3068,59.166666666666664,0.7984927191606672,NHB female
3069,59.25,0.7992407354640514,NHB female
3070,59.33333333333333,0.8002809389072428,NHB female
3071,59.416666666666664,0.8021124601010906,NHB female
3072,59.5,0.802820689191255,NHB female
3073,59.58333333333333,0.8035296672546539,NHB female
3074,59.666666666666664,0.8043228963923851,NHB female
3075,59.75,0.8050750185074689,NHB female
3076,59.83333333333333,0.8058690954046296,NHB female
3077,59.916666666666664,0.8063709417758369,NHB female
3078,60.0,0.8067895086980682,NHB female
3079,60.08333333333333,0.8071666274188918,NHB female
3080,60.166666666666664,0.8075442384618055,NHB female
3081,60.25,0.8081321460903315,NHB female
3082,60.33333333333333,0.8085524480704185,NHB female
3083,60.416666666666664,0.8089311355357737,NHB female
3084,60.5,0.8093099898605541,NHB female
3085,60.58333333333333,0.809647121370193,NHB female
3086,60.666666666666664,0.8101953241664243,NHB female
3087,60.75,0.810575102308377,NHB female
3088,60.83333333333333,0.8108707487484754,NHB female
3089,60.916666666666664,0.8114623058346064,NHB female
3090,61.0,0.8130260571648282,NHB female
3091,61.08333333333333,0.8137874895112157,NHB female
3092,61.166666666666664,0.8145503081704781,NHB female
3093,61.25,0.8154408738069793,NHB female
3094,61.33333333333333,0.8162047423449132,NHB female
3095,61.416666666666664,0.817139222508632,NHB female
3096,61.5,0.817946836356223,NHB female
3097,61.58333333333333,0.8186270910545651,NHB female
3098,61.666666666666664,0.8195205536602075,NHB female
3099,61.75,0.8201593435835435,NHB female
3100,61.83333333333333,0.8207559713536456,NHB female
3101,61.916666666666664,0.8211823367881042,NHB female
3102,62.0,0.8216090074233031,NHB female
3103,62.08333333333333,0.8221639447057862,NHB female
3104,62.166666666666664,0.822848093992804,NHB female
3105,62.25,0.8235757051071122,NHB female
3106,62.33333333333333,0.8243901029698344,NHB female
3107,62.416666666666664,0.8254198213985479,NHB female
3108,62.5,0.8261499230064752,NHB female
3109,62.58333333333333,0.8269665241097822,NHB female
3110,62.666666666666664,0.8277407231070538,NHB female
3111,62.75,0.8294624550100318,NHB female
3112,62.83333333333333,0.8299361704127816,NHB female
3113,62.916666666666664,0.8305396922414814,NHB female
3114,63.0,0.8314461279172147,NHB female
3115,63.08333333333333,0.8322232717946456,NHB female
3116,63.166666666666664,0.8327852654732516,NHB female
3117,63.25,0.8331319143139393,NHB female
3118,63.33333333333333,0.8339124822823252,NHB female
3119,63.416666666666664,0.8346946840926124,NHB female
3120,63.5,0.8355212106721495,NHB female
3121,63.58333333333333,0.8360870281532986,NHB female
3122,63.666666666666664,0.836435501120286,NHB female
3123,63.75,0.8367843456926765,NHB female
3124,63.83333333333333,0.8377444377768374,NHB female
3125,63.916666666666664,0.8383995746364195,NHB female
3126,64.0,0.8401043126913774,NHB female
3127,64.08333333333333,0.8406297092542756,NHB female
3128,64.16666666666666,0.8410244072775863,NHB female
3129,64.25,0.8412876119012989,NHB female
3130,64.33333333333333,0.8416386484246023,NHB female
3131,64.41666666666666,0.8420782968187596,NHB female
3132,64.5,0.84247453192571,NHB female
3133,64.58333333333333,0.8426949089095856,NHB female
3134,64.66666666666666,0.8429155331607645,NHB female
3135,64.75,0.8431804310812354,NHB female
3136,64.83333333333333,0.8433130293638612,NHB female
3137,64.91666666666666,0.8437109364563344,NHB female
3138,65.0,0.843843722406669,NHB female
3139,65.08333333333333,0.8444642696352543,NHB female
3140,65.16666666666666,0.8452190819150718,NHB female
3141,65.25,0.8459301053688066,NHB female
3142,65.33333333333333,0.8476207366122332,NHB female
3143,65.41666666666666,0.8480216174571589,NHB female
3144,65.5,0.8484226158279844,NHB female
3145,65.58333333333333,0.8486456549453651,NHB female
3146,65.66666666666666,0.8491370651565816,NHB female
3147,65.75,0.8497181668315339,NHB female
3148,65.83333333333333,0.8502553673075606,NHB female
3149,65.91666666666666,0.8508383802530537,NHB female
3150,66.0,0.8511526883018884,NHB female
3151,66.08333333333333,0.8517371084323855,NHB female
3152,66.16666666666666,0.8531769908391119,NHB female
3153,66.25,0.8538527641246022,NHB female
3154,66.33333333333333,0.8545291629330352,NHB female
3155,66.41666666666666,0.8548452075821564,NHB female
3156,66.5,0.855387842320167,NHB female
3157,66.58333333333333,0.8568366804684935,NHB female
3158,66.66666666666666,0.8584692048597302,NHB female
3159,66.75,0.8588773359575392,NHB female
3160,66.83333333333333,0.8591497735329106,NHB female
3161,66.91666666666666,0.8597404357729339,NHB female
3162,67.0,0.8599224728452599,NHB female
3163,67.08333333333333,0.8606060001410702,NHB female
3164,67.16666666666666,0.8611535379473901,NHB female
3165,67.25,0.8617929624436849,NHB female
3166,67.33333333333333,0.8622958659875553,NHB female
3167,67.41666666666666,0.863028578373388,NHB female
3168,67.5,0.8637168769745267,NHB female
3169,67.58333333333333,0.8640385161724964,NHB female
3170,67.66666666666666,0.8644071003373964,NHB female
3171,67.75,0.8649607290532697,NHB female
3172,67.83333333333333,0.8652842317557431,NHB female
3173,67.91666666666666,0.8656540760062421,NHB female
3174,68.0,0.8664873725713308,NHB female
3175,68.08333333333333,0.8667192458388346,NHB female
3176,68.16666666666666,0.8677405542998398,NHB female
3177,68.25,0.868252466299383,NHB female
3178,68.33333333333333,0.8685786894107748,NHB female
3179,68.41666666666666,0.8687652349190632,NHB female
3180,68.5,0.8689989983053849,NHB female
3181,68.58333333333333,0.8691860757801363,NHB female
3182,68.66666666666666,0.8694204253398279,NHB female
3183,68.75,0.8697489864550764,NHB female
3184,68.83333333333333,0.869937142487644,NHB female
3185,68.91666666666666,0.8701257760735938,NHB female
3186,69.0,0.8702202644140277,NHB female
3187,69.08333333333333,0.8708348861126133,NHB female
3188,69.16666666666666,0.8714028529014182,NHB female
3189,69.25,0.871639680059979,NHB female
3190,69.33333333333333,0.8723509489181616,NHB female
3191,69.41666666666666,0.8728733222670829,NHB female
3192,69.5,0.8734927551046121,NHB female
3193,69.58333333333333,0.8740180777523467,NHB female
3194,69.66666666666666,0.8744007107736,NHB female
3195,69.75,0.8750232005791445,NHB female
3196,69.83333333333333,0.8753107238906956,NHB female
3197,69.91666666666666,0.8755989117399468,NHB female
3198,70.0,0.8759834591534245,NHB female
3199,70.08333333333333,0.8764172519507891,NHB female
3200,70.16666666666666,0.8770453112645654,NHB female
3201,70.25,0.8773836299835702,NHB female
3202,70.33333333333333,0.877722616788513,NHB female
3203,70.41666666666666,0.8786445494397107,NHB female
3204,70.5,0.878790467817138,NHB female
3205,70.58333333333333,0.878985338447657,NHB female
3206,70.66666666666666,0.8793755509798694,NHB female
3207,70.75,0.8800600837266395,NHB female
3208,70.83333333333333,0.8803538141338396,NHB female
3209,70.91666666666666,0.8806976250127653,NHB female
3210,71.0,0.8808944124354248,NHB female
3211,71.08333333333333,0.8814366978092701,NHB female
3212,71.16666666666666,0.881930094822132,NHB female
3213,71.25,0.88217720638592,NHB female
3214,71.33333333333333,0.8829197870179415,NHB female
3215,71.41666666666666,0.8838615838200834,NHB female
3216,71.5,0.884507073093422,NHB female
3217,71.58333333333333,0.8849552992004333,NHB female
3218,71.66666666666666,0.8853048273712654,NHB female
3219,71.75,0.8854048231625721,NHB female
3220,71.83333333333333,0.8859564848453779,NHB female
3221,71.91666666666666,0.8861574425813332,NHB female
3222,72.0,0.8866613936987244,NHB female
3223,72.08333333333333,0.8868128484064767,NHB female
3224,72.16666666666666,0.8869647095222104,NHB female
3225,72.25,0.887066177466984,NHB female
3226,72.33333333333333,0.8871677366599093,NHB female
3227,72.41666666666666,0.8873712213548419,NHB female
3228,72.5,0.8877286109516307,NHB female
3229,72.58333333333333,0.8878309549708179,NHB female
3230,72.66666666666666,0.8880360172103593,NHB female
3231,72.75,0.8882413615162551,NHB female
3232,72.83333333333333,0.8884982779265626,NHB female
3233,72.91666666666666,0.8886011867609634,NHB female
3234,73.0,0.8888588158387596,NHB female
3235,73.08333333333333,0.8893238417139112,NHB female
3236,73.16666666666666,0.889893270030631,NHB female
3237,73.25,0.8902048928512991,NHB female
3238,73.33333333333333,0.890725495540482,NHB female
3239,73.41666666666666,0.8909344334075174,NHB female
3240,73.5,0.8912479903790339,NHB female
3241,73.58333333333333,0.8915615473505504,NHB female
3242,73.66666666666666,0.8918761656851233,NHB female
3243,73.75,0.8922960640708122,NHB female
3244,73.83333333333333,0.8929790646401192,NHB female
3245,73.91666666666666,0.8934004069053155,NHB female
3246,74.0,0.8939278665445768,NHB female
3247,74.08333333333333,0.894192649703477,NHB female
3248,74.16666666666666,0.8953594475513584,NHB female
3249,74.25,0.8955186370327712,NHB female
3250,74.33333333333333,0.8961044142971135,NHB female
3251,74.41666666666666,0.8964247501214799,NHB female
3252,74.5,0.8967988609311548,NHB female
3253,74.58333333333333,0.8971741378004959,NHB female
3254,74.66666666666666,0.8973889176693199,NHB female
3255,74.75,0.897442697062575,NHB female
3256,74.83333333333333,0.8977655427171524,NHB female
3257,74.91666666666666,0.8981431897889096,NHB female
3258,75.0,0.8982513754609341,NHB female
3259,75.08333333333333,0.8986312369925467,NHB female
3260,75.16666666666666,0.8990121180129719,NHB female
3261,75.25,0.8991757936725943,NHB female
3262,75.33333333333333,0.8995583245367091,NHB female
3263,75.41666666666666,0.8999964561635937,NHB female
3264,75.5,0.9003257762859969,NHB female
3265,75.58333333333333,0.9007653538988479,NHB female
3266,75.66666666666666,0.9012598787133055,NHB female
3267,75.75,0.9016462291040304,NHB female
3268,75.83333333333333,0.9018676219479156,NHB female
3269,75.91666666666666,0.902422669335088,NHB female
3270,76.0,0.9028677198740386,NHB female
3271,76.08333333333333,0.9030349970499156,NHB female
3272,76.16666666666666,0.9032586764108155,NHB female
3273,76.25,0.9032586764108155,NHB female
3274,76.33333333333333,0.9033709704602516,NHB female
3275,76.41666666666666,0.9035959507385746,NHB female
3276,76.5,0.903765477202692,NHB female
3277,76.58333333333333,0.903765477202692,NHB female
3278,76.66666666666666,0.9038221190642561,NHB female
3279,76.75,0.9038221190642561,NHB female
3280,76.83333333333333,0.9039931526403125,NHB female
3281,76.91666666666666,0.9041645934391691,NHB female
3282,77.0,0.9043938647467309,NHB female
3283,77.08333333333333,0.9046811427973718,NHB female
3284,77.16666666666666,0.9049691151756275,NHB female
3285,77.25,0.9051426347462137,NHB female
3286,77.33333333333333,0.9053749859164618,NHB female
3287,77.41666666666666,0.9056659607445169,NHB female
3288,77.5,0.9064238980191283,NHB female
3289,77.58333333333333,0.9067756878761992,NHB female
3290,77.66666666666666,0.9069521376783264,NHB female
3291,77.75,0.9070699943753772,NHB female
3292,77.83333333333333,0.9071292231871201,NHB female
3293,77.91666666666666,0.9074852772835273,NHB female
3294,78.0,0.9077231043342122,NHB female
3295,78.08333333333333,0.9079018200779162,NHB female
3296,78.16666666666666,0.9083193636397391,NHB female
3297,78.25,0.908617997634398,NHB female
3298,78.33333333333333,0.9090371811314878,NHB female
3299,78.41666666666666,0.9093375867420178,NHB female
3300,78.5,0.909698791575715,NHB female
3301,78.58333333333333,0.9100607202667944,NHB female
3302,78.66666666666666,0.9104835375657416,NHB female
3303,78.75,0.9109080736341968,NHB female
3304,78.83333333333333,0.9110902657126545,NHB female
3305,78.91666666666666,0.9115764433437541,NHB female
3306,79.0,0.9118807226164872,NHB female
3307,79.08333333333333,0.9126125090030631,NHB female
3308,79.16666666666666,0.912795839403756,NHB female
3309,79.25,0.9130404513549376,NHB female
3310,79.33333333333333,0.9135303643050506,NHB female
3311,79.41666666666666,0.9138374297727174,NHB female
3312,79.5,0.9142691677767195,NHB female
3313,79.58333333333333,0.9143312016640012,NHB female
3314,79.66666666666666,0.9146427245670411,NHB female
3315,79.75,0.9148923072437456,NHB female
3316,79.83333333333333,0.9152054334128268,NHB female
3317,79.91666666666666,0.9155194873631496,NHB female
3318,80.0,0.9157087640904914,NHB female
3319,80.08333333333333,0.9158352325614734,NHB female
3320,80.16666666666666,0.9158987052367664,NHB female
3321,80.25,0.9160262280491444,NHB female
3322,80.33333333333333,0.9161541393544769,NHB female
3323,80.41666666666666,0.9162182907398215,NHB female
3324,80.5,0.916411187998287,NHB female
3325,80.58333333333333,0.9164754870844423,NHB female
3326,80.75,0.9165398853210772,NHB female
3327,80.83333333333333,0.9170570665119613,NHB female
3328,80.91666666666666,0.9172517682337642,NHB female
3329,81.0,0.9174478540910301,NHB female
3330,81.08333333333333,0.9175136326933481,NHB female
3331,81.16666666666666,0.918041123451504,NHB female
3332,81.25,0.9183059340380905,NHB female
3333,81.33333333333333,0.9186380237371227,NHB female
3334,81.41666666666666,0.9187714040260782,NHB female
3335,81.5,0.9190392641941703,NHB female
3336,81.58333333333333,0.9191063958158998,NHB female
3337,81.66666666666666,0.919510527060783,NHB female
3338,81.75,0.9196459172591669,NHB female
3339,81.83333333333333,0.9197819952993714,NHB female
3340,81.91666666666666,0.9201242222818826,NHB female
3341,82.0,0.9203987094905359,NHB female
3342,82.08333333333333,0.9210878981529554,NHB female
3343,82.16666666666666,0.9212262191027312,NHB female
3344,82.25,0.9215744674709774,NHB female
3345,82.33333333333333,0.9219239573663829,NHB female
3346,82.41666666666666,0.9223448524749199,NHB female
3347,82.5,0.9226272348295566,NHB female
3348,82.58333333333333,0.9226980890101156,NHB female
3349,82.66666666666666,0.9227692694069755,NHB female
3350,82.75,0.9227692694069755,NHB female
3351,82.83333333333333,0.9232007260024673,NHB female
3352,82.91666666666666,0.9232727703495569,NHB female
3353,83.0,0.9235617617983345,NHB female
3354,83.08333333333333,0.923706943637274,NHB female
3355,83.16666666666666,0.9241437359446941,NHB female
3356,83.25,0.9243625520910075,NHB female
3357,83.33333333333333,0.9246554366908487,NHB female
3358,83.41666666666666,0.9248759573639487,NHB female
3359,83.5,0.9249496806638859,NHB female
3360,83.58333333333333,0.9254677795153187,NHB female
3361,83.66666666666666,0.9259884636903614,NHB female
3362,83.75,0.9261375302287493,NHB female
3363,83.83333333333333,0.9265879111419887,NHB female
3364,83.91666666666666,0.9270406064484101,NHB female
3365,84.0,0.9271926051849759,NHB female
3366,84.08333333333333,0.9272689232088911,NHB female
3367,84.16666666666666,0.9273454822370923,NHB female
3368,84.25,0.9273454822370923,NHB female
3369,84.33333333333333,0.9274227742772656,NHB female
3370,84.41666666666666,0.9275003969785733,NHB female
3371,84.5,0.9275788597524061,NHB female
3372,84.58333333333333,0.9276576640399442,NHB female
3373,84.66666666666666,0.9278157893644471,NHB female
3374,84.75,0.9278949387182142,NHB female
3375,84.83333333333333,0.9278949387182142,NHB female
3376,84.91666666666666,0.9278949387182142,NHB female
3377,85.0,0.9278949387182142,NHB female
3378,85.08333333333333,0.9278949387182142,NHB female
3379,85.16666666666666,0.9279758647129187,NHB female
3380,85.25,0.9283006635191738,NHB female
3381,85.33333333333333,0.9284643606344269,NHB female
3382,85.41666666666666,0.9285470607955432,NHB female
3383,85.5,0.9285470607955432,NHB female
3384,85.58333333333333,0.9287980664367766,NHB female
3385,85.66666666666666,0.9292183848167248,NHB female
3386,85.75,0.9294714776004552,NHB female
3387,85.83333333333333,0.9296416308511176,NHB female
3388,85.91666666666666,0.9298999847158015,NHB female
3389,86.0,0.9302457307837876,NHB female
3390,86.08333333333333,0.9303329236203078,NHB female
3391,86.16666666666666,0.9304207761756417,NHB female
3392,86.25,0.9305973731904242,NHB female
3393,86.33333333333333,0.9307748735147454,NHB female
3394,86.41666666666666,0.9313108099778571,NHB female
3395,86.5,0.9314004825496875,NHB female
3396,86.58333333333333,0.9317615326415313,NHB female
3397,86.66666666666666,0.9318521547761375,NHB female
3398,86.75,0.9320341249903533,NHB female
3399,86.83333333333333,0.9320341249903533,NHB female
3400,86.91666666666666,0.932218814868097,NHB female
3401,87.0,0.9324973676837076,NHB female
3402,87.08333333333333,0.932869283013274,NHB female
3403,87.16666666666666,0.932869283013274,NHB female
3404,87.25,0.9330589178070218,NHB female
3405,87.33333333333333,0.9332501780418588,NHB female
3406,87.41666666666666,0.9337297026248914,NHB female
3407,87.5,0.9344049458295869,NHB female
3408,87.58333333333333,0.9347913673563639,NHB female
3409,87.66666666666666,0.9348888391540376,NHB female
3410,87.75,0.9349864570863404,NHB female
3411,87.83333333333333,0.9352815261162056,NHB female
3412,87.91666666666666,0.9355770442617938,NHB female
3413,88.0,0.9357749642487007,NHB female
3414,88.08333333333333,0.9358743838086871,NHB female
3415,88.16666666666666,0.9358743838086871,NHB female
3416,88.25,0.9362783246980813,NHB female
3417,88.33333333333333,0.9362783246980813,NHB female
3418,88.41666666666666,0.9363814342050423,NHB female
3419,88.5,0.9363814342050423,NHB female
3420,88.58333333333333,0.9363814342050423,NHB female
3421,88.66666666666666,0.9364874651480338,NHB female
3422,88.75,0.9365938513035648,NHB female
3423,88.83333333333333,0.9365938513035648,NHB female
3424,88.91666666666666,0.9367016848897832,NHB female
3425,89.0,0.9369184599415304,NHB female
3426,89.08333333333333,0.9372447437694191,NHB female
3427,89.16666666666666,0.9375750345916853,NHB female
3428,89.25,0.937685326050004,NHB female
3429,89.33333333333333,0.9379074817503604,NHB female
3430,89.41666666666666,0.9385811799592173,NHB female
3431,89.5,0.9388069844446613,NHB female
3432,89.58333333333333,0.9391475763679749,NHB female
3433,89.66666666666666,0.9393759156686579,NHB female
3434,89.75,0.9393759156686579,NHB female
3435,89.83333333333333,0.9397223390076941,NHB female
3436,89.91666666666666,0.9399550712895177,NHB female
3437,90.0,0.9400721179341774,NHB female
3438,90.08333333333333,0.9403085198358178,NHB female
3439,90.16666666666666,0.9405482446557543,NHB female
3440,90.25,0.9407884537682563,NHB female
3441,90.33333333333333,0.9409090475487689,NHB female
3442,90.41666666666666,0.9410308845641323,NHB female
3443,90.5,0.9412765892117817,NHB female
3444,90.58333333333333,0.9416498312295034,NHB female
3445,90.66666666666666,0.9417742452354106,NHB female
3446,90.75,0.9418989256524655,NHB female
3447,90.83333333333333,0.9420241434851111,NHB female
3448,90.91666666666666,0.9421510053155594,NHB female
3449,91.0,0.942406409265601,NHB female
3450,91.08333333333333,0.9426640987096029,NHB female
3451,91.16666666666666,0.9433112307783432,NHB female
3452,91.25,0.9434418500622641,NHB female
3453,91.33333333333333,0.9439704309028037,NHB female
3454,91.41666666666666,0.9442404529225492,NHB female
3455,91.5,0.9445124507131709,NHB female
3456,91.58333333333333,0.9445124507131709,NHB female
3457,91.66666666666666,0.9447919849665051,NHB female
3458,91.75,0.9450722286976396,NHB female
3459,91.83333333333333,0.9452127089311495,NHB female
3460,91.91666666666666,0.9454951176479992,NHB female
3461,92.0,0.9454951176479992,NHB female
3462,92.08333333333333,0.9454951176479992,NHB female
3463,92.16666666666666,0.9454951176479992,NHB female
3464,92.25,0.9454951176479992,NHB female
3465,92.33333333333333,0.9454951176479992,NHB female
3466,92.41666666666666,0.9456452688390515,NHB female
3467,92.5,0.9456452688390515,NHB female
3468,92.58333333333333,0.9456452688390515,NHB female
3469,92.66666666666666,0.9456452688390515,NHB female
3470,92.75,0.9456452688390515,NHB female
3471,92.83333333333333,0.9458037374430193,NHB female
3472,92.91666666666666,0.9458037374430193,NHB female
3473,93.0,0.9458037374430193,NHB female
3474,93.08333333333333,0.945966979197709,NHB female
3475,93.16666666666666,0.945966979197709,NHB female
3476,93.25,0.9461322177934346,NHB female
3477,93.33333333333333,0.9466325377520095,NHB female
3478,93.41666666666666,0.9467998338719092,NHB female
3479,93.5,0.9469681888280108,NHB female
3480,93.58333333333333,0.9469681888280108,NHB female
3481,93.66666666666666,0.9469681888280108,NHB female
3482,93.75,0.9471426355752871,NHB female
3483,93.83333333333333,0.9473182414371631,NHB female
3484,93.91666666666666,0.9473182414371631,NHB female
3485,94.0,0.9473182414371631,NHB female
3486,94.08333333333333,0.9475005312591799,NHB female
3487,94.16666666666666,0.9478676604112136,NHB female
3488,94.25,0.9482413689387318,NHB female
3489,94.33333333333333,0.9491824349580276,NHB female
3490,94.41666666666666,0.9495645219132304,NHB female
3491,94.5,0.9495645219132304,NHB female
3492,94.58333333333333,0.9497600082624039,NHB female
3493,94.66666666666666,0.949958585304845,NHB female
3494,94.75,0.949958585304845,NHB female
3495,94.83333333333333,0.949958585304845,NHB female
3496,94.91666666666666,0.949958585304845,NHB female
3497,95.0,0.9503808757242134,NHB female
3498,95.08333333333333,0.9508123463700898,NHB female
3499,95.16666666666666,0.9512457177677102,NHB female
3500,95.25,0.9521321592628427,NHB female
3501,95.33333333333333,0.9523537696366259,NHB female
3502,95.41666666666666,0.9523537696366259,NHB female
3503,95.5,0.9523537696366259,NHB female
3504,95.58333333333333,0.9523537696366259,NHB female
3505,95.66666666666666,0.9523537696366259,NHB female
3506,95.75,0.9523537696366259,NHB female
3507,95.83333333333333,0.9523537696366259,NHB female
3508,95.91666666666666,0.9523537696366259,NHB female
3509,96.0,0.9523537696366259,NHB female
3510,96.08333333333333,0.9523537696366259,NHB female
3511,96.16666666666666,0.9523537696366259,NHB female
3512,96.25,0.9523537696366259,NHB female
3513,96.33333333333333,0.9526155621111498,NHB female
3514,96.41666666666666,0.9528847918718819,NHB female
3515,96.5,0.9531571341153972,NHB female
3516,96.58333333333333,0.9531571341153972,NHB female
3517,96.66666666666666,0.9531571341153972,NHB female
3518,96.75,0.9531571341153972,NHB female
3519,96.83333333333333,0.9531571341153972,NHB female
3520,96.91666666666666,0.9531571341153972,NHB female
3521,97.0,0.9531571341153972,NHB female
3522,97.16666666666666,0.9531571341153972,NHB female
3523,97.25,0.9534653108646379,NHB female
3524,97.33333333333333,0.9534653108646379,NHB female
3525,97.41666666666666,0.9547315609091376,NHB female
3526,97.5,0.9547315609091376,NHB female
3527,97.58333333333333,0.9550549069026437,NHB female
3528,97.66666666666666,0.9553805959830594,NHB female
3529,97.75,0.9557111100868886,NHB female
3530,97.83333333333333,0.9557111100868886,NHB female
3531,97.91666666666666,0.9557111100868886,NHB female
3532,98.0,0.9557111100868886,NHB female
3533,98.08333333333333,0.9557111100868886,NHB female
3534,98.16666666666666,0.9560682785539298,NHB female
3535,98.33333333333333,0.9564405812780491,NHB female
3536,98.41666666666666,0.9564405812780491,NHB female
3537,98.5,0.9564405812780491,NHB female
3538,98.66666666666666,0.9568476786492822,NHB female
3539,98.75,0.9572707406233089,NHB female
3540,98.83333333333333,0.9572707406233089,NHB female
3541,98.91666666666666,0.9572707406233089,NHB female
3542,99.0,0.9572707406233089,NHB female
3543,99.08333333333333,0.9572707406233089,NHB female
3544,99.16666666666666,0.9572707406233089,NHB female
3545,99.25,0.9572707406233089,NHB female
3546,99.33333333333333,0.9572707406233089,NHB female
3547,99.41666666666666,0.9572707406233089,NHB female
3548,99.58333333333333,0.9572707406233089,NHB female
3549,99.66666666666666,0.9572707406233089,NHB female
3550,99.75,0.9578329677203706,NHB female
3551,99.83333333333333,0.9578329677203706,NHB female
3552,99.91666666666666,0.9578329677203706,NHB female
3553,100.0,0.9584268695834639,NHB female
3554,100.08333333333333,0.9584268695834639,NHB female
3555,100.16666666666666,0.9584268695834639,NHB female
