age,female,"bs(age, df=6, degree=3, include_intercept=False)[0]","bs(age, df=6, degree=3, include_intercept=False)[1]","bs(age, df=6, degree=3, include_intercept=False)[2]","bs(age, df=6, degree=3, include_intercept=False)[3]","bs(age, df=6, degree=3, include_intercept=False)[4]","bs(age, df=6, degree=3, include_intercept=False)[5]","bs(age, df=6, degree=3, include_intercept=False)[0]:female","bs(age, df=6, degree=3, include_intercept=False)[1]:female","bs(age, df=6, degree=3, include_intercept=False)[2]:female","bs(age, df=6, degree=3, include_intercept=False)[3]:female","bs(age, df=6, degree=3, include_intercept=False)[4]:female","bs(age, df=6, degree=3, include_intercept=False)[5]:female"
40.0,0,0.0036310820624546117,0.28388860639483854,0.67415185798934,0.038328453553367045,0.0,0.0,0.0,0.0,0.0,0.0,0.0,0.0
40.0,1,0.0036310820624546117,0.28388860639483854,0.67415185798934,0.038328453553367045,0.0,0.0,0.0036310820624546117,0.28388860639483854,0.67415185798934,0.038328453553367045,0.0,0.0
40.083,0,0.003452537050485484,0.28117605124119255,0.6762388906652977,0.03913252104302425,0.0,0.0,0.0,0.0,0.0,0.0,0.0,0.0
40.083,1,0.003452537050485484,0.28117605124119255,0.6762388906652977,0.03913252104302425,0.0,0.0,0.003452537050485484,0.28117605124119255,0.6762388906652977,0.03913252104302425,0.0,0.0
40.167,0,0.0032799429785631573,0.27846727525888504,0.6783050258041267,0.03994775595842497,0.0,0.0,0.0,0.0,0.0,0.0,0.0,0.0
40.167,1,0.0032799429785631573,0.27846727525888504,0.6783050258041267,0.03994775595842497,0.0,0.0,0.0032799429785631573,0.27846727525888504,0.6783050258041267,0.03994775595842497,0.0,0.0
40.25,0,0.0031131989832970082,0.27576254941062067,0.6803500162897836,0.040774235316298535,0.0,0.0,0.0,0.0,0.0,0.0,0.0,0.0
40.25,1,0.0031131989832970082,0.27576254941062067,0.6803500162897836,0.040774235316298535,0.0,0.0,0.0031131989832970082,0.27576254941062067,0.6803500162897836,0.040774235316298535,0.0,0.0
40.333,0,0.0029522042012964126,0.2730621446591039,0.6823736150062254,0.04161203613337417,0.0,0.0,0.0,0.0,0.0,0.0,0.0,0.0
40.333,1,0.0029522042012964126,0.2730621446591039,0.6823736150062254,0.04161203613337417,0.0,0.0,0.0029522042012964126,0.2730621446591039,0.6823736150062254,0.04161203613337417,0.0,0.0
40.417,0,0.0027968577691707473,0.27036633196703913,0.684375574837409,0.04246123542638117,0.0,0.0,0.0,0.0,0.0,0.0,0.0,0.0
40.417,1,0.0027968577691707473,0.27036633196703913,0.684375574837409,0.04246123542638117,0.0,0.0,0.0027968577691707473,0.27036633196703913,0.684375574837409,0.04246123542638117,0.0,0.0
40.5,0,0.0026470588235293865,0.26767538229713095,0.6863556486672909,0.043321910212048766,0.0,0.0,0.0,0.0,0.0,0.0,0.0,0.0
40.5,1,0.0026470588235293865,0.26767538229713095,0.6863556486672909,0.043321910212048766,0.0,0.0,0.0026470588235293865,0.26767538229713095,0.6863556486672909,0.043321910212048766,0.0,0.0
40.583,0,0.0025027065009817087,0.2649895666120838,0.6883135893798282,0.04419413750710625,0.0,0.0,0.0,0.0,0.0,0.0,0.0,0.0
40.583,1,0.0025027065009817087,0.2649895666120838,0.6883135893798282,0.04419413750710625,0.0,0.0,0.0025027065009817087,0.2649895666120838,0.6883135893798282,0.04419413750710625,0.0,0.0
40.667,0,0.002363699938137089,0.26230915587460224,0.6902491498589778,0.04507799432828288,0.0,0.0,0.0,0.0,0.0,0.0,0.0,0.0
40.667,1,0.002363699938137089,0.26230915587460224,0.6902491498589778,0.04507799432828288,0.0,0.0,0.002363699938137089,0.26230915587460224,0.6902491498589778,0.04507799432828288,0.0,0.0
40.75,0,0.0022299382716049047,0.25963442104739076,0.6921620829886963,0.04597355769230792,0.0,0.0,0.0,0.0,0.0,0.0,0.0,0.0
40.75,1,0.0022299382716049047,0.25963442104739076,0.6921620829886963,0.04597355769230792,0.0,0.0,0.0022299382716049047,0.25963442104739076,0.6921620829886963,0.04597355769230792,0.0,0.0
40.833,0,0.0021013206379945307,0.25696563309315396,0.6940521416529409,0.04688090461591064,0.0,0.0,0.0,0.0,0.0,0.0,0.0,0.0
40.833,1,0.0021013206379945307,0.25696563309315396,0.6940521416529409,0.04688090461591064,0.0,0.0,0.0021013206379945307,0.25696563309315396,0.6940521416529409,0.04688090461591064,0.0,0.0
40.917,0,0.0019777461739153446,0.2543030629745962,0.6959190787356682,0.047800112115820304,0.0,0.0,0.0,0.0,0.0,0.0,0.0,0.0
40.917,1,0.0019777461739153446,0.2543030629745962,0.6959190787356682,0.047800112115820304,0.0,0.0,0.0019777461739153446,0.2543030629745962,0.6959190787356682,0.047800112115820304,0.0,0.0
41.0,0,0.0018591140159767215,0.25164698165442206,0.6977626471208349,0.04873125720876617,0.0,0.0,0.0,0.0,0.0,0.0,0.0,0.0
41.0,1,0.0018591140159767215,0.25164698165442206,0.6977626471208349,0.04873125720876617,0.0,0.0,0.0018591140159767215,0.25164698165442206,0.6977626471208349,0.04873125720876617,0.0,0.0
41.083,0,0.0017453233007880382,0.24899766009533605,0.6995825996923983,0.04967441691147753,0.0,0.0,0.0,0.0,0.0,0.0,0.0,0.0
41.083,1,0.0017453233007880382,0.24899766009533605,0.6995825996923983,0.04967441691147753,0.0,0.0,0.0017453233007880382,0.24899766009533605,0.6995825996923983,0.04967441691147753,0.0,0.0
41.167,0,0.0016362731649586708,0.24635536926004264,0.701378689334315,0.050629668240683615,0.0,0.0,0.0,0.0,0.0,0.0,0.0,0.0
41.167,1,0.0016362731649586708,0.24635536926004264,0.701378689334315,0.050629668240683615,0.0,0.0,0.0016362731649586708,0.24635536926004264,0.701378689334315,0.050629668240683615,0.0,0.0
41.25,0,0.0015318627450979958,0.24372038011124642,0.703150668930542,0.05159708821311373,0.0,0.0,0.0,0.0,0.0,0.0,0.0,0.0
41.25,1,0.0015318627450979958,0.24372038011124642,0.703150668930542,0.05159708821311373,0.0,0.0,0.0015318627450979958,0.24372038011124642,0.703150668930542,0.05159708821311373,0.0,0.0
41.333,0,0.001431991177815389,0.24109296361165183,0.7048982913650357,0.05257675384549709,0.0,0.0,0.0,0.0,0.0,0.0,0.0,0.0
41.333,1,0.001431991177815389,0.24109296361165183,0.7048982913650357,0.05257675384549709,0.0,0.0,0.001431991177815389,0.24109296361165183,0.7048982913650357,0.05257675384549709,0.0,0.0
41.417,0,0.0013365575997202272,0.23847339072396334,0.7066213095217533,0.05356874215456299,0.0,0.0,0.0,0.0,0.0,0.0,0.0,0.0
41.417,1,0.0013365575997202272,0.23847339072396334,0.7066213095217533,0.05356874215456299,0.0,0.0,0.0013365575997202272,0.23847339072396334,0.7066213095217533,0.05356874215456299,0.0,0.0
41.5,0,0.0012454611474218863,0.23586193241088557,0.7083194762846519,0.05457313015704071,0.0,0.0,0.0,0.0,0.0,0.0,0.0,0.0
41.5,1,0.0012454611474218863,0.23586193241088557,0.7083194762846519,0.05457313015704071,0.0,0.0,0.0012454611474218863,0.23586193241088557,0.7083194762846519,0.05457313015704071,0.0,0.0
41.583,0,0.0011586009575297426,0.23325885963512294,0.7099925445376878,0.05558999486965949,0.0,0.0,0.0,0.0,0.0,0.0,0.0,0.0
41.583,1,0.0011586009575297426,0.23325885963512294,0.7099925445376878,0.05558999486965949,0.0,0.0,0.0011586009575297426,0.23325885963512294,0.7099925445376878,0.05558999486965949,0.0,0.0
41.667,0,0.0010758761666531723,0.23066444335938002,0.7116402671648182,0.05661941330914862,0.0,0.0,0.0,0.0,0.0,0.0,0.0,0.0
41.667,1,0.0010758761666531723,0.23066444335938002,0.7116402671648182,0.05661941330914862,0.0,0.0,0.0010758761666531723,0.23066444335938002,0.7116402671648182,0.05661941330914862,0.0,0.0
41.75,0,0.000997185911401552,0.22807895454636123,0.7132623970499998,0.05766146249223734,0.0,0.0,0.0,0.0,0.0,0.0,0.0,0.0
41.75,1,0.000997185911401552,0.22807895454636123,0.7132623970499998,0.05766146249223734,0.0,0.0,0.000997185911401552,0.22807895454636123,0.7132623970499998,0.05766146249223734,0.0,0.0
41.833,0,0.0009224293283842573,0.22550266415877115,0.7148586870771896,0.05871621943565493,0.0,0.0,0.0,0.0,0.0,0.0,0.0,0.0
41.833,1,0.0009224293283842573,0.22550266415877115,0.7148586870771896,0.05871621943565493,0.0,0.0,0.0009224293283842573,0.22550266415877115,0.7148586870771896,0.05871621943565493,0.0,0.0
41.917,0,0.0008515055542106651,0.22293584315931433,0.7164288901303444,0.05978376115613066,0.0,0.0,0.0,0.0,0.0,0.0,0.0,0.0
41.917,1,0.0008515055542106651,0.22293584315931433,0.7164288901303444,0.05978376115613066,0.0,0.0,0.0008515055542106651,0.22293584315931433,0.7164288901303444,0.05978376115613066,0.0,0.0
42.0,0,0.0007843137254901514,0.22037876251069513,0.717972759093421,0.06086416467039379,0.0,0.0,0.0,0.0,0.0,0.0,0.0,0.0
42.0,1,0.0007843137254901514,0.22037876251069513,0.717972759093421,0.06086416467039379,0.0,0.0,0.0007843137254901514,0.22037876251069513,0.717972759093421,0.06086416467039379,0.0,0.0
42.083,0,0.0007207529788320925,0.21783169317561818,0.7194900468503762,0.06195750699517358,0.0,0.0,0.0,0.0,0.0,0.0,0.0,0.0
42.083,1,0.0007207529788320925,0.21783169317561818,0.7194900468503762,0.06195750699517358,0.0,0.0,0.0007207529788320925,0.21783169317561818,0.7194900468503762,0.06195750699517358,0.0,0.0
42.167,0,0.0006607224508458645,0.21529490611678798,0.7209805062851669,0.0630638651471993,0.0,0.0,0.0,0.0,0.0,0.0,0.0,0.0
42.167,1,0.0006607224508458645,0.21529490611678798,0.7209805062851669,0.0630638651471993,0.0,0.0,0.0006607224508458645,0.21529490611678798,0.7209805062851669,0.0630638651471993,0.0,0.0
42.25,0,0.0006041212781408438,0.21276867229690893,0.7224438902817499,0.06418331614320022,0.0,0.0,0.0,0.0,0.0,0.0,0.0,0.0
42.25,1,0.0006041212781408438,0.21276867229690893,0.7224438902817499,0.06418331614320022,0.0,0.0,0.0006041212781408438,0.21276867229690893,0.7224438902817499,0.06418331614320022,0.0,0.0
42.333,0,0.0005508485973264066,0.21025326267868566,0.7238799517240823,0.06531593699990561,0.0,0.0,0.0,0.0,0.0,0.0,0.0,0.0
42.333,1,0.0005508485973264066,0.21025326267868566,0.7238799517240823,0.06531593699990561,0.0,0.0,0.0005508485973264066,0.21025326267868566,0.7238799517240823,0.06531593699990561,0.0,0.0
42.417,0,0.0005008035450119291,0.20774894822482268,0.7252884434961206,0.06646180473404473,0.0,0.0,0.0,0.0,0.0,0.0,0.0,0.0
42.417,1,0.0005008035450119291,0.20774894822482268,0.7252884434961206,0.06646180473404473,0.0,0.0,0.0005008035450119291,0.20774894822482268,0.7252884434961206,0.06646180473404473,0.0,0.0
42.5,0,0.0004538852578067877,0.20525599989802443,0.726669118481822,0.06762099636234685,0.0,0.0,0.0,0.0,0.0,0.0,0.0,0.0
42.5,1,0.0004538852578067877,0.20525599989802443,0.726669118481822,0.06762099636234685,0.0,0.0,0.0004538852578067877,0.20525599989802443,0.726669118481822,0.06762099636234685,0.0,0.0
42.583,0,0.0004099928723203586,0.20277468866099543,0.728021729565143,0.0687935889015412,0.0,0.0,0.0,0.0,0.0,0.0,0.0,0.0
42.583,1,0.0004099928723203586,0.20277468866099543,0.728021729565143,0.0687935889015412,0.0,0.0,0.0004099928723203586,0.20277468866099543,0.728021729565143,0.0687935889015412,0.0,0.0
42.667,0,0.00036902552516201786,0.2003052854764402,0.7293460296300407,0.06997965936835711,0.0,0.0,0.0,0.0,0.0,0.0,0.0,0.0
42.667,1,0.00036902552516201786,0.2003052854764402,0.7293460296300407,0.06997965936835711,0.0,0.0,0.00036902552516201786,0.2003052854764402,0.7293460296300407,0.06997965936835711,0.0,0.0
42.75,0,0.000330882352941142,0.19784806130706323,0.7306417715604718,0.07117928477952379,0.0,0.0,0.0,0.0,0.0,0.0,0.0,0.0
42.75,1,0.000330882352941142,0.19784806130706323,0.7306417715604718,0.07117928477952379,0.0,0.0,0.000330882352941142,0.19784806130706323,0.7306417715604718,0.07117928477952379,0.0,0.0
42.833,0,0.00029546249226710715,0.195403287115569,0.7319087082403932,0.07239254215177056,0.0,0.0,0.0,0.0,0.0,0.0,0.0,0.0
42.833,1,0.00029546249226710715,0.195403287115569,0.7319087082403932,0.07239254215177056,0.0,0.0,0.00029546249226710715,0.195403287115569,0.7319087082403932,0.07239254215177056,0.0,0.0
42.917,0,0.0002626650797492895,0.19297123386466214,0.7331465925537619,0.07361950850182662,0.0,0.0,0.0,0.0,0.0,0.0,0.0,0.0
42.917,1,0.0002626650797492895,0.19297123386466214,0.7331465925537619,0.07361950850182662,0.0,0.0,0.0002626650797492895,0.19297123386466214,0.7331465925537619,0.07361950850182662,0.0,0.0
43.0,0,0.0002323892519970654,0.1905521725170471,0.7343551773845346,0.07486026084642129,0.0,0.0,0.0,0.0,0.0,0.0,0.0,0.0
43.0,1,0.0002323892519970654,0.1905521725170471,0.7343551773845346,0.07486026084642129,0.0,0.0,0.0002323892519970654,0.1905521725170471,0.7343551773845346,0.07486026084642129,0.0,0.0
43.083,0,0.0002045341456198111,0.18814637403542833,0.7355342156166681,0.07611487620228381,0.0,0.0,0.0,0.0,0.0,0.0,0.0,0.0
43.083,1,0.0002045341456198111,0.18814637403542833,0.7355342156166681,0.07611487620228381,0.0,0.0,0.0002045341456198111,0.18814637403542833,0.7355342156166681,0.07611487620228381,0.0,0.0
43.167,0,0.0001789988972269028,0.18575410938251036,0.7366834601341193,0.07738343158614347,0.0,0.0,0.0,0.0,0.0,0.0,0.0,0.0
43.167,1,0.0001789988972269028,0.18575410938251036,0.7366834601341193,0.07738343158614347,0.0,0.0,0.0001789988972269028,0.18575410938251036,0.7366834601341193,0.07738343158614347,0.0,0.0
43.25,0,0.00015568264342771682,0.18337564952099766,0.737802663820845,0.0786660040147295,0.0,0.0,0.0,0.0,0.0,0.0,0.0,0.0
43.25,1,0.00015568264342771682,0.18337564952099766,0.737802663820845,0.0786660040147295,0.0,0.0,0.00015568264342771682,0.18337564952099766,0.737802663820845,0.0786660040147295,0.0,0.0
43.333,0,0.00013448452083162935,0.1810112654135949,0.7388915795608024,0.07996267050477118,0.0,0.0,0.0,0.0,0.0,0.0,0.0,0.0
43.333,1,0.00013448452083162935,0.1810112654135949,0.7388915795608024,0.07996267050477118,0.0,0.0,0.00013448452083162935,0.1810112654135949,0.7388915795608024,0.07996267050477118,0.0,0.0
43.417,0,0.00011530366604801663,0.1786612280230064,0.7399499602379478,0.08127350807299778,0.0,0.0,0.0,0.0,0.0,0.0,0.0,0.0
43.417,1,0.00011530366604801663,0.1786612280230064,0.7399499602379478,0.08127350807299778,0.0,0.0,0.00011530366604801663,0.1786612280230064,0.7399499602379478,0.08127350807299778,0.0,0.0
43.5,0,9.803921568625499e-05,0.1763258083119368,0.7409775587362384,0.08259859373613858,0.0,0.0,0.0,0.0,0.0,0.0,0.0,0.0
43.5,1,9.803921568625499e-05,0.1763258083119368,0.7409775587362384,0.08259859373613858,0.0,0.0,9.803921568625499e-05,0.1763258083119368,0.7409775587362384,0.08259859373613858,0.0,0.0
43.583,0,8.259030635572064e-05,0.1740052772430905,0.7419741279396308,0.08393800451092281,0.0,0.0,0.0,0.0,0.0,0.0,0.0,0.0
43.583,1,8.259030635572064e-05,0.1740052772430905,0.7419741279396308,0.08393800451092281,0.0,0.0,8.259030635572064e-05,0.1740052772430905,0.7419741279396308,0.08393800451092281,0.0,0.0
43.667,0,6.885607466578982e-05,0.17169990577917213,0.7429394207320824,0.0852918174140798,0.0,0.0,0.0,0.0,0.0,0.0,0.0,0.0
43.667,1,6.885607466578982e-05,0.17169990577917213,0.7429394207320824,0.0852918174140798,0.0,0.0,6.885607466578982e-05,0.17169990577917213,0.7429394207320824,0.0852918174140798,0.0,0.0
43.75,0,5.6735657225838786e-05,0.16940996488288607,0.7438731899975495,0.08666010946233874,0.0,0.0,0.0,0.0,0.0,0.0,0.0,0.0
43.75,1,5.6735657225838786e-05,0.16940996488288607,0.7438731899975495,0.08666010946233874,0.0,0.0,5.6735657225838786e-05,0.16940996488288607,0.7438731899975495,0.08666010946233874,0.0,0.0
43.833,0,4.612819064524381e-05,0.16713572551693692,0.7447751886199889,0.08804295767242894,0.0,0.0,0.0,0.0,0.0,0.0,0.0,0.0
43.833,1,4.612819064524381e-05,0.16713572551693692,0.7447751886199889,0.08804295767242894,0.0,0.0,4.612819064524381e-05,0.16713572551693692,0.7447751886199889,0.08804295767242894,0.0,0.0
43.917,0,3.6932811533381116e-05,0.1648774586440291,0.7456451694833579,0.08944043906107964,0.0,0.0,0.0,0.0,0.0,0.0,0.0,0.0
43.917,1,3.6932811533381116e-05,0.1648774586440291,0.7456451694833579,0.08944043906107964,0.0,0.0,3.6932811533381116e-05,0.1648774586440291,0.7456451694833579,0.08944043906107964,0.0,0.0
44.0,0,2.9048656499626983e-05,0.16263543522686724,0.746482885471613,0.09085263064502012,0.0,0.0,0.0,0.0,0.0,0.0,0.0,0.0
44.0,1,2.9048656499626983e-05,0.16263543522686724,0.746482885471613,0.09085263064502012,0.0,0.0,2.9048656499626983e-05,0.16263543522686724,0.746482885471613,0.09085263064502012,0.0,0.0
44.083,0,2.2374862153357654e-05,0.16040992622815575,0.7472880894687113,0.09227960944097967,0.0,0.0,0.0,0.0,0.0,0.0,0.0,0.0
44.083,1,2.2374862153357654e-05,0.16040992622815575,0.7472880894687113,0.09227960944097967,0.0,0.0,2.2374862153357654e-05,0.16040992622815575,0.7472880894687113,0.09227960944097967,0.0,0.0
44.167,0,1.6810565103949366e-05,0.15820120261059914,0.7480605343586093,0.09372145246568751,0.0,0.0,0.0,0.0,0.0,0.0,0.0,0.0
44.167,1,1.6810565103949366e-05,0.15820120261059914,0.7480605343586093,0.09372145246568751,0.0,0.0,1.6810565103949366e-05,0.15820120261059914,0.7480605343586093,0.09372145246568751,0.0,0.0
44.25,0,1.2254901960778392e-05,0.156009535336902,0.7487999730252644,0.09517823673587293,0.0,0.0,0.0,0.0,0.0,0.0,0.0,0.0
44.25,1,1.2254901960778392e-05,0.156009535336902,0.7487999730252644,0.09517823673587293,0.0,0.0,1.2254901960778392e-05,0.156009535336902,0.7487999730252644,0.09517823673587293,0.0,0.0
44.333,0,8.607009333220976e-06,0.15383519536976872,0.7495061583526327,0.09665003926826521,0.0,0.0,0.0,0.0,0.0,0.0,0.0,0.0
44.333,1,8.607009333220976e-06,0.15383519536976872,0.7495061583526327,0.09665003926826521,0.0,0.0,8.607009333220976e-06,0.15383519536976872,0.7495061583526327,0.09665003926826521,0.0,0.0
44.417,0,5.766023830653368e-06,0.15167845367190394,0.7501788432246718,0.09813693707959359,0.0,0.0,0.0,0.0,0.0,0.0,0.0,0.0
44.417,1,5.766023830653368e-06,0.15167845367190394,0.7501788432246718,0.09813693707959359,0.0,0.0,5.766023830653368e-06,0.15167845367190394,0.7501788432246718,0.09813693707959359,0.0,0.0
44.5,0,3.6310820624518254e-06,0.14953958120601207,0.7508177805253382,0.09963900718658736,0.0,0.0,0.0,0.0,0.0,0.0,0.0,0.0
44.5,1,3.6310820624518254e-06,0.14953958120601207,0.7508177805253382,0.09963900718658736,0.0,0.0,3.6310820624518254e-06,0.14953958120601207,0.7508177805253382,0.09963900718658736,0.0,0.0
44.583,0,2.101320637992596e-06,0.14741884893479765,0.7514227231385886,0.10115632660597577,0.0,0.0,0.0,0.0,0.0,0.0,0.0,0.0
44.583,1,2.101320637992596e-06,0.14741884893479765,0.7514227231385886,0.10115632660597577,0.0,0.0,2.101320637992596e-06,0.14741884893479765,0.7514227231385886,0.10115632660597577,0.0,0.0
44.667,0,1.0758761666519338e-06,0.14531652782096516,0.7519934239483801,0.10268897235448807,0.0,0.0,0.0,0.0,0.0,0.0,0.0,0.0
44.667,1,1.0758761666519338e-06,0.14531652782096516,0.7519934239483801,0.10268897235448807,0.0,0.0,1.0758761666519338e-06,0.14531652782096516,0.7519934239483801,0.10268897235448807,0.0,0.0
44.75,0,4.5388525780609113e-07,0.14323288882721913,0.7525296358386695,0.10423702144885354,0.0,0.0,0.0,0.0,0.0,0.0,0.0,0.0
44.75,1,4.5388525780609113e-07,0.14323288882721913,0.7525296358386695,0.10423702144885354,0.0,0.0,4.5388525780609113e-07,0.14323288882721913,0.7525296358386695,0.10423702144885354,0.0,0.0
44.833,0,1.3448452083131973e-07,0.14116820291626409,0.7530311116934136,0.10580055090580148,0.0,0.0,0.0,0.0,0.0,0.0,0.0,0.0
44.833,1,1.3448452083131973e-07,0.14116820291626409,0.7530311116934136,0.10580055090580148,0.0,0.0,1.3448452083131973e-07,0.14116820291626409,0.7530311116934136,0.10580055090580148,0.0,0.0
44.917,0,1.681056510387197e-08,0.13912274105080452,0.7534976043965692,0.10737963774206111,0.0,0.0,0.0,0.0,0.0,0.0,0.0,0.0
44.917,1,1.681056510387197e-08,0.13912274105080452,0.7534976043965692,0.10737963774206111,0.0,0.0,1.681056510387197e-08,0.13912274105080452,0.7534976043965692,0.10737963774206111,0.0,0.0
45.0,0,0.0,0.13709677419354496,0.7539288668320934,0.1089743589743617,4.536824786090434e-44,0.0,0.0,0.0,0.0,0.0,0.0,0.0
45.0,1,0.0,0.13709677419354496,0.7539288668320934,0.1089743589743617,4.536824786090434e-44,0.0,0.0,0.13709677419354496,0.7539288668320934,0.1089743589743617,4.536824786090434e-44,0.0
45.083,0,0.0,0.13509051199807007,0.7543247292093,0.11058474964417671,9.148453194219036e-09,0.0,0.0,0.0,0.0,0.0,0.0,0.0
45.083,1,0.0,0.13509051199807007,0.7543247292093,0.11058474964417671,9.148453194219036e-09,0.0,0.0,0.13509051199807007,0.7543247292093,0.11058474964417671,9.148453194219036e-09,0.0
45.167,0,0.0,0.13310391888148543,0.7546853310389328,0.11221067689195623,7.318762555356508e-08,0.0,0.0,0.0,0.0,0.0,0.0,0.0
45.167,1,0.0,0.13310391888148543,0.7546853310389328,0.11221067689195623,7.318762555356508e-08,0.0,0.0,0.13310391888148543,0.7546853310389328,0.11221067689195623,7.318762555356508e-08,0.0
45.25,0,0.0,0.13113689795177683,0.7550108891570924,0.1138519658828945,2.4700823624307156e-07,0.0,0.0,0.0,0.0,0.0,0.0,0.0
45.25,1,0.0,0.13113689795177683,0.7550108891570924,0.1138519658828945,2.4700823624307156e-07,0.0,0.0,0.13113689795177683,0.7550108891570924,0.1138519658828945,2.4700823624307156e-07,0.0
45.333,0,0.0,0.12918935231693,0.7553016203998797,0.11550844178218586,5.855010044277718e-07,0.0,0.0,0.0,0.0,0.0,0.0,0.0
45.333,1,0.0,0.12918935231693,0.7553016203998797,0.11550844178218586,5.855010044277718e-07,0.0,0.0,0.12918935231693,0.7553016203998797,0.11550844178218586,5.855010044277718e-07,0.0
45.417,0,0.0,0.12726118508493073,0.7555577416033956,0.11717992975502459,1.1435566492726994e-06,0.0,0.0,0.0,0.0,0.0,0.0,0.0
45.417,1,0.0,0.12726118508493073,0.7555577416033956,0.11717992975502459,1.1435566492726994e-06,0.0,0.0,0.12726118508493073,0.7555577416033956,0.11717992975502459,1.1435566492726994e-06,0.0
45.5,0,0.0,0.1253522993637647,0.7557794696037405,0.11886625496660486,1.9760658899428877e-06,0.0,0.0,0.0,0.0,0.0,0.0,0.0
45.5,1,0.0,0.1253522993637647,0.7557794696037405,0.11886625496660486,1.9760658899428877e-06,0.0,0.0,0.1253522993637647,0.7557794696037405,0.11886625496660486,1.9760658899428877e-06,0.0
45.583,0,0.0,0.12346259826141778,0.7559670212370155,0.12056724258212102,3.13791944560337e-06,0.0,0.0,0.0,0.0,0.0,0.0,0.0
45.583,1,0.0,0.12346259826141778,0.7559670212370155,0.12056724258212102,3.13791944560337e-06,0.0,0.0,0.12346259826141778,0.7559670212370155,0.12056724258212102,3.13791944560337e-06,0.0
45.667,0,0.0,0.12159198488587568,0.7561206133393215,0.12228271776676734,4.68400803541918e-06,0.0,0.0,0.0,0.0,0.0,0.0,0.0
45.667,1,0.0,0.12159198488587568,0.7561206133393215,0.12228271776676734,4.68400803541918e-06,0.0,0.0,0.12159198488587568,0.7561206133393215,0.12228271776676734,4.68400803541918e-06,0.0
45.75,0,0.0,0.1197403623451242,0.7562404627467592,0.1240125056857381,6.669222378555349e-06,0.0,0.0,0.0,0.0,0.0,0.0,0.0
45.75,1,0.0,0.1197403623451242,0.7562404627467592,0.1240125056857381,6.669222378555349e-06,0.0,0.0,0.1197403623451242,0.7562404627467592,0.1240125056857381,6.669222378555349e-06,0.0
45.833,0,0.0,0.11790763374714903,0.7563267862954293,0.12575643150422755,9.148453194176915e-06,0.0,0.0,0.0,0.0,0.0,0.0,0.0
45.833,1,0.0,0.11790763374714903,0.7563267862954293,0.12575643150422755,9.148453194176915e-06,0.0,0.0,0.11790763374714903,0.7563267862954293,0.12575643150422755,9.148453194176915e-06,0.0
45.917,0,0.0,0.116093702199936,0.7563798008214326,0.12751432038742994,1.2176591201448906e-05,0.0,0.0,0.0,0.0,0.0,0.0,0.0
45.917,1,0.0,0.116093702199936,0.7563798008214326,0.12751432038742994,1.2176591201448906e-05,0.0,0.0,0.116093702199936,0.7563798008214326,0.12751432038742994,1.2176591201448906e-05,0.0
46.0,0,0.0,0.11429847081147085,0.7563997231608701,0.1292859975005396,1.5808527119536363e-05,0.0,0.0,0.0,0.0,0.0,0.0,0.0
46.0,1,0.0,0.11429847081147085,0.7563997231608701,0.1292859975005396,1.5808527119536363e-05,0.0,0.0,0.11429847081147085,0.7563997231608701,0.1292859975005396,1.5808527119536363e-05,0.0
46.083,0,0.0,0.1125218426897393,0.7563867701498422,0.13107128800875073,2.009915166760431e-05,0.0,0.0,0.0,0.0,0.0,0.0,0.0
46.083,1,0.0,0.1125218426897393,0.7563867701498422,0.13107128800875073,2.009915166760431e-05,0.0,0.0,0.1125218426897393,0.7563867701498422,0.13107128800875073,2.009915166760431e-05,0.0
46.167,0,0.0,0.1107637209427272,0.7563411586244502,0.1328700170772577,2.510335556481778e-05,0.0,0.0,0.0,0.0,0.0,0.0,0.0
46.167,1,0.0,0.1107637209427272,0.7563411586244502,0.1328700170772577,2.510335556481778e-05,0.0,0.0,0.1107637209427272,0.7563411586244502,0.1328700170772577,2.510335556481778e-05,0.0
46.25,0,0.0,0.10902400867842026,0.7562631054207947,0.13468200987125473,3.087602953034182e-05,0.0,0.0,0.0,0.0,0.0,0.0,0.0
46.25,1,0.0,0.10902400867842026,0.7562631054207947,0.13468200987125473,3.087602953034182e-05,0.0,0.0,0.10902400867842026,0.7562631054207947,0.13468200987125473,3.087602953034182e-05,0.0
46.333,0,0.0,0.10730260900480422,0.7561528273749765,0.13650709155593613,3.747206428334146e-05,0.0,0.0,0.0,0.0,0.0,0.0,0.0
46.333,1,0.0,0.10730260900480422,0.7561528273749765,0.13650709155593613,3.747206428334146e-05,0.0,0.0,0.10730260900480422,0.7561528273749765,0.13650709155593613,3.747206428334146e-05,0.0
46.417,0,0.0,0.10559942502986489,0.7560105413230961,0.13834508729649606,4.494635054298172e-05,0.0,0.0,0.0,0.0,0.0,0.0,0.0
46.417,1,0.0,0.10559942502986489,0.7560105413230961,0.13834508729649606,4.494635054298172e-05,0.0,0.0,0.10559942502986489,0.7560105413230961,0.13834508729649606,4.494635054298172e-05,0.0
46.5,0,0.0,0.10391435986158798,0.7558364641012546,0.14019582225812893,5.335377902842763e-05,0.0,0.0,0.0,0.0,0.0,0.0,0.0
46.5,1,0.0,0.10391435986158798,0.7558364641012546,0.14019582225812893,5.335377902842763e-05,0.0,0.0,0.10391435986158798,0.7558364641012546,0.14019582225812893,5.335377902842763e-05,0.0
46.583,0,0.0,0.1022473166079593,0.7556308125455529,0.14205912160602896,6.274924045884425e-05,0.0,0.0,0.0,0.0,0.0,0.0,0.0
46.583,1,0.0,0.1022473166079593,0.7556308125455529,0.14205912160602896,6.274924045884425e-05,0.0,0.0,0.1022473166079593,0.7556308125455529,0.14205912160602896,6.274924045884425e-05,0.0
46.667,0,0.0,0.1005981983769646,0.7553938034920915,0.1439348105053904,7.31876255533966e-05,0.0,0.0,0.0,0.0,0.0,0.0,0.0
46.667,1,0.0,0.1005981983769646,0.7553938034920915,0.1439348105053904,7.31876255533966e-05,0.0,0.0,0.1005981983769646,0.7553938034920915,0.1439348105053904,7.31876255533966e-05,0.0
46.75,0,0.0,0.09896690827658963,0.7551256537769716,0.14582271412140757,8.472382503124971e-05,0.0,0.0,0.0,0.0,0.0,0.0,0.0
46.75,1,0.0,0.09896690827658963,0.7551256537769716,0.14582271412140757,8.472382503124971e-05,0.0,0.0,0.09896690827658963,0.7551256537769716,0.14582271412140757,8.472382503124971e-05,0.0
46.833,0,0.0,0.09735334941482018,0.7548265802362937,0.1477226576192747,9.741272961156861e-05,0.0,0.0,0.0,0.0,0.0,0.0,0.0
46.833,1,0.0,0.09735334941482018,0.7548265802362937,0.1477226576192747,9.741272961156861e-05,0.0,0.0,0.09735334941482018,0.7548265802362937,0.1477226576192747,9.741272961156861e-05,0.0
46.917,0,0.0,0.09575742489964197,0.7544967997061585,0.14963446616418605,0.00011130923001351834,0.0,0.0,0.0,0.0,0.0,0.0,0.0
46.917,1,0.0,0.09575742489964197,0.7544967997061585,0.14963446616418605,0.00011130923001351834,0.0,0.0,0.09575742489964197,0.7544967997061585,0.14963446616418605,0.00011130923001351834,0.0
47.0,0,0.0,0.09417903783904077,0.7541365290226669,0.15155796492133594,0.00012646821695626393,0.0,0.0,0.0,0.0,0.0,0.0,0.0
47.0,1,0.0,0.09417903783904077,0.7541365290226669,0.15155796492133594,0.00012646821695626393,0.0,0.0,0.09417903783904077,0.7541365290226669,0.15155796492133594,0.00012646821695626393,0.0
47.083,0,0.0,0.09261809134100239,0.75374598502192,0.1534929790559187,0.0001429445811589704,0.0,0.0,0.0,0.0,0.0,0.0,0.0
47.083,1,0.0,0.09261809134100239,0.75374598502192,0.1534929790559187,0.0001429445811589704,0.0,0.0,0.09261809134100239,0.75374598502192,0.1534929790559187,0.0001429445811589704,0.0
47.167,0,0.0,0.09107448851351256,0.7533253845400182,0.15543933373312843,0.00016079321334080285,0.0,0.0,0.0,0.0,0.0,0.0,0.0
47.167,1,0.0,0.09107448851351256,0.7533253845400182,0.15543933373312843,0.00016079321334080285,0.0,0.0,0.09107448851351256,0.7533253845400182,0.15543933373312843,0.00016079321334080285,0.0
47.25,0,0.0,0.08954813246455702,0.7528749444130625,0.15739685411815954,0.00018006900422092625,0.0,0.0,0.0,0.0,0.0,0.0,0.0
47.25,1,0.0,0.08954813246455702,0.7528749444130625,0.15739685411815954,0.00018006900422092625,0.0,0.0,0.08954813246455702,0.7528749444130625,0.15739685411815954,0.00018006900422092625,0.0
47.333,0,0.0,0.08803892630212155,0.7523948814771536,0.15936536537620627,0.0002008268445185056,0.0,0.0,0.0,0.0,0.0,0.0,0.0
47.333,1,0.0,0.08803892630212155,0.7523948814771536,0.15936536537620627,0.0002008268445185056,0.0,0.0,0.08803892630212155,0.7523948814771536,0.15936536537620627,0.0002008268445185056,0.0
47.417,0,0.0,0.08654677313419194,0.7518854125683925,0.1613446926724629,0.000223121624952706,0.0,0.0,0.0,0.0,0.0,0.0,0.0
47.417,1,0.0,0.08654677313419194,0.7518854125683925,0.1613446926724629,0.000223121624952706,0.0,0.0,0.08654677313419194,0.7518854125683925,0.1613446926724629,0.000223121624952706,0.0
47.5,0,0.0,0.08507157606875393,0.7513467545228796,0.1633346611721237,0.00024700823624269246,0.0,0.0,0.0,0.0,0.0,0.0,0.0
47.5,1,0.0,0.08507157606875393,0.7513467545228796,0.1633346611721237,0.00024700823624269246,0.0,0.0,0.08507157606875393,0.7513467545228796,0.1633346611721237,0.00024700823624269246,0.0
47.583,0,0.0,0.08361323821379325,0.7507791241767162,0.16533509604038293,0.00027254156910763,0.0,0.0,0.0,0.0,0.0,0.0,0.0
47.583,1,0.0,0.08361323821379325,0.7507791241767162,0.16533509604038293,0.00027254156910763,0.0,0.0,0.08361323821379325,0.7507791241767162,0.16533509604038293,0.00027254156910763,0.0
47.667,0,0.0,0.08217166267729571,0.7501827383660027,0.16734582244243484,0.00029977651426668373,0.0,0.0,0.0,0.0,0.0,0.0,0.0
47.667,1,0.0,0.08217166267729571,0.7501827383660027,0.16734582244243484,0.00029977651426668373,0.0,0.0,0.08217166267729571,0.7501827383660027,0.16734582244243484,0.00029977651426668373,0.0
47.75,0,0.0,0.08074675256724706,0.7495578139268402,0.1693666655434738,0.0003287679624390185,0.0,0.0,0.0,0.0,0.0,0.0,0.0
47.75,1,0.0,0.08074675256724706,0.7495578139268402,0.1693666655434738,0.0003287679624390185,0.0,0.0,0.08074675256724706,0.7495578139268402,0.1693666655434738,0.0003287679624390185,0.0
47.833,0,0.0,0.07933841099163307,0.7489045676953292,0.17139745050869393,0.00035957080434379966,0.0,0.0,0.0,0.0,0.0,0.0,0.0
47.833,1,0.0,0.07933841099163307,0.7489045676953292,0.17139745050869393,0.00035957080434379966,0.0,0.0,0.07933841099163307,0.7489045676953292,0.17139745050869393,0.00035957080434379966,0.0
47.917,0,0.0,0.07794654105843946,0.7482232165075706,0.17343800250328967,0.00039223993070019195,0.0,0.0,0.0,0.0,0.0,0.0,0.0
47.917,1,0.0,0.07794654105843946,0.7482232165075706,0.17343800250328967,0.00039223993070019195,0.0,0.0,0.07794654105843946,0.7482232165075706,0.17343800250328967,0.00039223993070019195,0.0
48.0,0,0.0,0.07657104587565203,0.7475139771996654,0.1754881466924552,0.00042683023222736034,0.0,0.0,0.0,0.0,0.0,0.0,0.0
48.0,1,0.0,0.07657104587565203,0.7475139771996654,0.1754881466924552,0.00042683023222736034,0.0,0.0,0.07657104587565203,0.7475139771996654,0.1754881466924552,0.00042683023222736034,0.0
48.083,0,0.0,0.07521182855125653,0.7467770666077143,0.1775477082413848,0.00046339659964447034,0.0,0.0,0.0,0.0,0.0,0.0,0.0
48.083,1,0.0,0.07521182855125653,0.7467770666077143,0.1775477082413848,0.00046339659964447034,0.0,0.0,0.07521182855125653,0.7467770666077143,0.1775477082413848,0.00046339659964447034,0.0
48.167,0,0.0,0.07386879219323875,0.7460127015678178,0.17961651231527273,0.0005019939236706864,0.0,0.0,0.0,0.0,0.0,0.0,0.0
48.167,1,0.0,0.07386879219323875,0.7460127015678178,0.17961651231527273,0.0005019939236706864,0.0,0.0,0.07386879219323875,0.7460127015678178,0.17961651231527273,0.0005019939236706864,0.0
48.25,0,0.0,0.0725418399095844,0.745221098916077,0.1816943840793133,0.0005426770950251739,0.0,0.0,0.0,0.0,0.0,0.0,0.0
48.25,1,0.0,0.0725418399095844,0.745221098916077,0.1816943840793133,0.0005426770950251739,0.0,0.0,0.0725418399095844,0.745221098916077,0.1816943840793133,0.0005426770950251739,0.0
48.333,0,0.0,0.07123087480827929,0.7444024754885928,0.18378114869870077,0.0005855010044270979,0.0,0.0,0.0,0.0,0.0,0.0,0.0
48.333,1,0.0,0.07123087480827929,0.7444024754885928,0.18378114869870077,0.0005855010044270979,0.0,0.0,0.07123087480827929,0.7444024754885928,0.18378114869870077,0.0005855010044270979,0.0
48.417,0,0.0,0.06993579999730917,0.743557048121466,0.18587663133862947,0.0006305205425956234,0.0,0.0,0.0,0.0,0.0,0.0,0.0
48.417,1,0.0,0.06993579999730917,0.743557048121466,0.18587663133862947,0.0006305205425956234,0.0,0.0,0.06993579999730917,0.743557048121466,0.18587663133862947,0.0006305205425956234,0.0
48.5,0,0.0,0.06865651858465978,0.7426850336507969,0.1879806571642935,0.0006777906002499151,0.0,0.0,0.0,0.0,0.0,0.0,0.0
48.5,1,0.0,0.06865651858465978,0.7426850336507969,0.1879806571642935,0.0006777906002499151,0.0,0.0,0.06865651858465978,0.7426850336507969,0.1879806571642935,0.0006777906002499151,0.0
48.583,0,0.0,0.0673929336783169,0.7417866489126866,0.1900930513408873,0.0007273660681091385,0.0,0.0,0.0,0.0,0.0,0.0,0.0
48.583,1,0.0,0.0673929336783169,0.7417866489126866,0.1900930513408873,0.0007273660681091385,0.0,0.0,0.0673929336783169,0.7417866489126866,0.1900930513408873,0.0007273660681091385,0.0
48.667,0,0.0,0.06614494838626629,0.740862110743236,0.19221363903360508,0.0007793018368924583,0.0,0.0,0.0,0.0,0.0,0.0,0.0
48.667,1,0.0,0.06614494838626629,0.740862110743236,0.19221363903360508,0.0007793018368924583,0.0,0.0,0.06614494838626629,0.740862110743236,0.19221363903360508,0.0007793018368924583,0.0
48.75,0,0.0,0.06491246581649372,0.739911635978546,0.19434224540764114,0.0008336527973190397,0.0,0.0,0.0,0.0,0.0,0.0,0.0
48.75,1,0.0,0.06491246581649372,0.739911635978546,0.19434224540764114,0.0008336527973190397,0.0,0.0,0.06491246581649372,0.739911635978546,0.19434224540764114,0.0008336527973190397,0.0
48.833,0,0.0,0.06369538907698495,0.7389354414547173,0.1964786956281898,0.0008904738401080476,0.0,0.0,0.0,0.0,0.0,0.0,0.0
48.833,1,0.0,0.06369538907698495,0.7389354414547173,0.1964786956281898,0.0008904738401080476,0.0,0.0,0.06369538907698495,0.7389354414547173,0.1964786956281898,0.0008904738401080476,0.0
48.917,0,0.0,0.06249362127572572,0.7379337440078504,0.19862281486044514,0.0009498198559786472,0.0,0.0,0.0,0.0,0.0,0.0,0.0
48.917,1,0.0,0.06249362127572572,0.7379337440078504,0.19862281486044514,0.0009498198559786472,0.0,0.0,0.06249362127572572,0.7379337440078504,0.19862281486044514,0.0009498198559786472,0.0
49.0,0,0.0,0.061307065520701816,0.7369067604740465,0.20077442826960168,0.0010117457356500035,0.0,0.0,0.0,0.0,0.0,0.0,0.0
49.0,1,0.0,0.061307065520701816,0.7369067604740465,0.20077442826960168,0.0010117457356500035,0.0,0.0,0.061307065520701816,0.7369067604740465,0.20077442826960168,0.0010117457356500035,0.0
49.083,0,0.0,0.060135624919898996,0.7358547076894062,0.20293336102085352,0.0010763063698412815,0.0,0.0,0.0,0.0,0.0,0.0,0.0
49.083,1,0.0,0.060135624919898996,0.7358547076894062,0.20293336102085352,0.0010763063698412815,0.0,0.0,0.060135624919898996,0.7358547076894062,0.20293336102085352,0.0010763063698412815,0.0
49.167,0,0.0,0.058979202581303014,0.7347778024900303,0.205099438279395,0.0011435566492716464,0.0,0.0,0.0,0.0,0.0,0.0,0.0
49.167,1,0.0,0.058979202581303014,0.7347778024900303,0.205099438279395,0.0011435566492716464,0.0,0.0,0.058979202581303014,0.7347778024900303,0.205099438279395,0.0011435566492716464,0.0
49.25,0,0.0,0.057837701612899646,0.7336762617120197,0.20727248521042038,0.0012135514646602627,0.0,0.0,0.0,0.0,0.0,0.0,0.0
49.25,1,0.0,0.057837701612899646,0.7336762617120197,0.20727248521042038,0.0012135514646602627,0.0,0.0,0.057837701612899646,0.7336762617120197,0.20727248521042038,0.0012135514646602627,0.0
49.333,0,0.0,0.05671102512267464,0.7325503021914751,0.20945232697912394,0.0012863457067262961,0.0,0.0,0.0,0.0,0.0,0.0,0.0
49.333,1,0.0,0.05671102512267464,0.7325503021914751,0.20945232697912394,0.0012863457067262961,0.0,0.0,0.05671102512267464,0.7325503021914751,0.20945232697912394,0.0012863457067262961,0.0
49.417,0,0.0,0.05559907621861377,0.7314001407644972,0.21163878875069994,0.0013619942661889108,0.0,0.0,0.0,0.0,0.0,0.0,0.0
49.417,1,0.0,0.05559907621861377,0.7314001407644972,0.21163878875069994,0.0013619942661889108,0.0,0.0,0.05559907621861377,0.7314001407644972,0.21163878875069994,0.0013619942661889108,0.0
49.5,0,0.0,0.05450175800870279,0.7302259942671872,0.2138316956903427,0.0014405520337672732,0.0,0.0,0.0,0.0,0.0,0.0,0.0
49.5,1,0.0,0.05450175800870279,0.7302259942671872,0.2138316956903427,0.0014405520337672732,0.0,0.0,0.05450175800870279,0.7302259942671872,0.2138316956903427,0.0014405520337672732,0.0
49.583,0,0.0,0.05341897360092747,0.7290280795356455,0.21603087296324647,0.001522073900180547,0.0,0.0,0.0,0.0,0.0,0.0,0.0
49.583,1,0.0,0.05341897360092747,0.7290280795356455,0.21603087296324647,0.001522073900180547,0.0,0.0,0.05341897360092747,0.7290280795356455,0.21603087296324647,0.001522073900180547,0.0
49.667,0,0.0,0.052350626103273575,0.7278066134059732,0.2182361457346055,0.0016066147561478981,0.0,0.0,0.0,0.0,0.0,0.0,0.0
49.667,1,0.0,0.052350626103273575,0.7278066134059732,0.2182361457346055,0.0016066147561478981,0.0,0.0,0.052350626103273575,0.7278066134059732,0.2182361457346055,0.0016066147561478981,0.0
49.75,0,0.0,0.05129661862372684,0.7265618127142706,0.22044733916961404,0.0016942294923884904,0.0,0.0,0.0,0.0,0.0,0.0,0.0
49.75,1,0.0,0.05129661862372684,0.7265618127142706,0.22044733916961404,0.0016942294923884904,0.0,0.0,0.05129661862372684,0.7265618127142706,0.22044733916961404,0.0016942294923884904,0.0
49.833,0,0.0,0.050256854270273064,0.725293894296639,0.22266427843346645,0.0017849729996214905,0.0,0.0,0.0,0.0,0.0,0.0,0.0
49.833,1,0.0,0.050256854270273064,0.725293894296639,0.22266427843346645,0.0017849729996214905,0.0,0.0,0.050256854270273064,0.725293894296639,0.22266427843346645,0.0017849729996214905,0.0
49.917,0,0.0,0.04923123615089799,0.724003074989179,0.2248867886913569,0.0018789001685660621,0.0,0.0,0.0,0.0,0.0,0.0,0.0
49.917,1,0.0,0.04923123615089799,0.724003074989179,0.2248867886913569,0.0018789001685660621,0.0,0.0,0.04923123615089799,0.724003074989179,0.2248867886913569,0.0018789001685660621,0.0
50.0,0,0.0,0.04821966737358738,0.7226895716279915,0.22711469510847976,0.0019760658899413714,0.0,0.0,0.0,0.0,0.0,0.0,0.0
50.0,1,0.0,0.04821966737358738,0.7226895716279915,0.22711469510847976,0.0019760658899413714,0.0,0.0,0.04821966737358738,0.7226895716279915,0.22711469510847976,0.0019760658899413714,0.0
50.083,0,0.0,0.047222051046327,0.7213536010491773,0.22934782285002928,0.0020765250544665824,0.0,0.0,0.0,0.0,0.0,0.0,0.0
50.083,1,0.0,0.047222051046327,0.7213536010491773,0.22934782285002928,0.0020765250544665824,0.0,0.0,0.047222051046327,0.7213536010491773,0.22934782285002928,0.0020765250544665824,0.0
50.167,0,0.0,0.0462382902771026,0.7199953800888369,0.2315859970811996,0.0021803325528608605,0.0,0.0,0.0,0.0,0.0,0.0,0.0
50.167,1,0.0,0.0462382902771026,0.7199953800888369,0.2315859970811996,0.0021803325528608605,0.0,0.0,0.0462382902771026,0.7199953800888369,0.2315859970811996,0.0021803325528608605,0.0
50.25,0,0.0,0.045268288173899975,0.7186151255830715,0.23382904296718515,0.0022875432758433702,0.0,0.0,0.0,0.0,0.0,0.0,0.0
50.25,1,0.0,0.045268288173899975,0.7186151255830715,0.23382904296718515,0.0022875432758433702,0.0,0.0,0.045268288173899975,0.7186151255830715,0.23382904296718515,0.0022875432758433702,0.0
50.333,0,0.0,0.04431194784470485,0.7172130543679817,0.23607678567318022,0.002398212114133278,0.0,0.0,0.0,0.0,0.0,0.0,0.0
50.333,1,0.0,0.04431194784470485,0.7172130543679817,0.23607678567318022,0.002398212114133278,0.0,0.0,0.04431194784470485,0.7172130543679817,0.23607678567318022,0.002398212114133278,0.0
50.417,0,0.0,0.043369172397503014,0.7157893832796682,0.23832905036437896,0.002512393958449748,0.0,0.0,0.0,0.0,0.0,0.0,0.0
50.417,1,0.0,0.043369172397503014,0.7157893832796682,0.23832905036437896,0.002512393958449748,0.0,0.0,0.043369172397503014,0.7157893832796682,0.23832905036437896,0.002512393958449748,0.0
50.5,0,0.0,0.04243986494028021,0.7143443291542321,0.24058566220597577,0.002630143699511945,0.0,0.0,0.0,0.0,0.0,0.0,0.0
50.5,1,0.0,0.04243986494028021,0.7143443291542321,0.24058566220597577,0.002630143699511945,0.0,0.0,0.04243986494028021,0.7143443291542321,0.24058566220597577,0.002630143699511945,0.0
50.583,0,0.0,0.04152392858102221,0.7128781088277739,0.24284644636316477,0.002751516228039034,0.0,0.0,0.0,0.0,0.0,0.0,0.0
50.583,1,0.0,0.04152392858102221,0.7128781088277739,0.24284644636316477,0.002751516228039034,0.0,0.0,0.04152392858102221,0.7128781088277739,0.24284644636316477,0.002751516228039034,0.0
50.667,0,0.0,0.04062126642771478,0.7113909391363946,0.2451112280011404,0.0028765664347501804,0.0,0.0,0.0,0.0,0.0,0.0,0.0
50.667,1,0.0,0.04062126642771478,0.7113909391363946,0.2451112280011404,0.0028765664347501804,0.0,0.0,0.04062126642771478,0.7113909391363946,0.2451112280011404,0.0028765664347501804,0.0
50.75,0,0.0,0.03973178158834367,0.7098830369161949,0.2473798322850968,0.003005349210364549,0.0,0.0,0.0,0.0,0.0,0.0,0.0
50.75,1,0.0,0.03973178158834367,0.7098830369161949,0.2473798322850968,0.003005349210364549,0.0,0.0,0.03973178158834367,0.7098830369161949,0.2473798322850968,0.003005349210364549,0.0
50.833,0,0.0,0.03885537717089466,0.7083546190032757,0.24965208438022835,0.0031379194456013053,0.0,0.0,0.0,0.0,0.0,0.0,0.0
50.833,1,0.0,0.03885537717089466,0.7083546190032757,0.24965208438022835,0.0031379194456013053,0.0,0.0,0.03885537717089466,0.7083546190032757,0.24965208438022835,0.0031379194456013053,0.0
50.917,0,0.0,0.0379919562833535,0.7068059022337376,0.2519278094517292,0.003274332031179615,0.0,0.0,0.0,0.0,0.0,0.0,0.0
50.917,1,0.0,0.0379919562833535,0.7068059022337376,0.2519278094517292,0.003274332031179615,0.0,0.0,0.0379919562833535,0.7068059022337376,0.2519278094517292,0.003274332031179615,0.0
51.0,0,0.0,0.037141422033705955,0.7052371034436816,0.2542068326647938,0.0034146418578186407,0.0,0.0,0.0,0.0,0.0,0.0,0.0
51.0,1,0.0,0.037141422033705955,0.7052371034436816,0.2542068326647938,0.0034146418578186407,0.0,0.0,0.037141422033705955,0.7052371034436816,0.2542068326647938,0.0034146418578186407,0.0
51.083,0,0.0,0.03630367752993779,0.7036484394692084,0.2564889791846163,0.0035589038162375498,0.0,0.0,0.0,0.0,0.0,0.0,0.0
51.083,1,0.0,0.03630367752993779,0.7036484394692084,0.2564889791846163,0.0035589038162375498,0.0,0.0,0.03630367752993779,0.7036484394692084,0.2564889791846163,0.0035589038162375498,0.0
51.167,0,0.0,0.035478625880034746,0.7020401271464187,0.25877407417639087,0.003707172797155506,0.0,0.0,0.0,0.0,0.0,0.0,0.0
51.167,1,0.0,0.035478625880034746,0.7020401271464187,0.25877407417639087,0.003707172797155506,0.0,0.0,0.035478625880034746,0.7020401271464187,0.25877407417639087,0.003707172797155506,0.0
51.25,0,0.0,0.03466617019198262,0.7004123833114136,0.26106194280531203,0.0038595036912916748,0.0,0.0,0.0,0.0,0.0,0.0,0.0
51.25,1,0.0,0.03466617019198262,0.7004123833114136,0.26106194280531203,0.0038595036912916748,0.0,0.0,0.03466617019198262,0.7004123833114136,0.26106194280531203,0.0038595036912916748,0.0
51.333,0,0.0,0.03386621357376715,0.6987654248002938,0.2633524102365739,0.004015951389365221,0.0,0.0,0.0,0.0,0.0,0.0,0.0
51.333,1,0.0,0.03386621357376715,0.6987654248002938,0.2633524102365739,0.004015951389365221,0.0,0.0,0.03386621357376715,0.6987654248002938,0.2633524102365739,0.004015951389365221,0.0
51.417,0,0.0,0.033078659133374114,0.6970994684491597,0.26564530163537076,0.0041765707820953105,0.0,0.0,0.0,0.0,0.0,0.0,0.0
51.417,1,0.0,0.033078659133374114,0.6970994684491597,0.26564530163537076,0.0041765707820953105,0.0,0.0,0.033078659133374114,0.6970994684491597,0.26564530163537076,0.0041765707820953105,0.0
51.5,0,0.0,0.032303409978789256,0.6954147310941128,0.26794044216689694,0.004341416760201108,0.0,0.0,0.0,0.0,0.0,0.0,0.0
51.5,1,0.0,0.032303409978789256,0.6954147310941128,0.26794044216689694,0.004341416760201108,0.0,0.0,0.032303409978789256,0.6954147310941128,0.26794044216689694,0.004341416760201108,0.0
51.583,0,0.0,0.031540369217998354,0.6937114295712532,0.2702376569963466,0.004510544214401777,0.0,0.0,0.0,0.0,0.0,0.0,0.0
51.583,1,0.0,0.031540369217998354,0.6937114295712532,0.2702376569963466,0.004510544214401777,0.0,0.0,0.031540369217998354,0.6937114295712532,0.2702376569963466,0.004510544214401777,0.0
51.667,0,0.0,0.03078943995898717,0.6919897807166823,0.27253677128891424,0.004684008035416484,0.0,0.0,0.0,0.0,0.0,0.0,0.0
51.667,1,0.0,0.03078943995898717,0.6919897807166823,0.27253677128891424,0.004684008035416484,0.0,0.0,0.03078943995898717,0.6919897807166823,0.27253677128891424,0.004684008035416484,0.0
51.75,0,0.0,0.030050525309741453,0.6902500013665003,0.27483761020979386,0.004861863113964394,0.0,0.0,0.0,0.0,0.0,0.0,0.0
51.75,1,0.0,0.030050525309741453,0.6902500013665003,0.27483761020979386,0.004861863113964394,0.0,0.0,0.030050525309741453,0.6902500013665003,0.27483761020979386,0.004861863113964394,0.0
51.833,0,0.0,0.029323528378246977,0.6884923083568085,0.27713999892417995,0.005044164340764671,0.0,0.0,0.0,0.0,0.0,0.0,0.0
51.833,1,0.0,0.029323528378246977,0.6884923083568085,0.27713999892417995,0.005044164340764671,0.0,0.0,0.029323528378246977,0.6884923083568085,0.27713999892417995,0.005044164340764671,0.0
51.917,0,0.0,0.028608352272489496,0.6867169185237074,0.2794437625972666,0.005230966606536483,0.0,0.0,0.0,0.0,0.0,0.0,0.0
51.917,1,0.0,0.028608352272489496,0.6867169185237074,0.2794437625972666,0.005230966606536483,0.0,0.0,0.028608352272489496,0.6867169185237074,0.2794437625972666,0.005230966606536483,0.0
52.0,0,0.0,0.027904900100454783,0.6849240487032979,0.2817487263942482,0.005422324801998991,0.0,0.0,0.0,0.0,0.0,0.0,0.0
52.0,1,0.0,0.027904900100454783,0.6849240487032979,0.2817487263942482,0.005422324801998991,0.0,0.0,0.027904900100454783,0.6849240487032979,0.2817487263942482,0.005422324801998991,0.0
52.083,0,0.0,0.0272130749701286,0.683113915731681,0.2840547154803191,0.005618293817871361,0.0,0.0,0.0,0.0,0.0,0.0,0.0
52.083,1,0.0,0.0272130749701286,0.683113915731681,0.2840547154803191,0.005618293817871361,0.0,0.0,0.0272130749701286,0.683113915731681,0.2840547154803191,0.005618293817871361,0.0
52.167,0,0.0,0.026532779989496692,0.6812867364449573,0.28636155502067334,0.005818928544872761,0.0,0.0,0.0,0.0,0.0,0.0,0.0
52.167,1,0.0,0.026532779989496692,0.6812867364449573,0.28636155502067334,0.005818928544872761,0.0,0.0,0.026532779989496692,0.6812867364449573,0.28636155502067334,0.005818928544872761,0.0
52.25,0,0.0,0.025863918266544834,0.6794427276792273,0.2886690701805053,0.006024283873722352,0.0,0.0,0.0,0.0,0.0,0.0,0.0
52.25,1,0.0,0.025863918266544834,0.6794427276792273,0.2886690701805053,0.006024283873722352,0.0,0.0,0.025863918266544834,0.6794427276792273,0.2886690701805053,0.006024283873722352,0.0
52.333,0,0.0,0.025206392909258787,0.6775821062705923,0.2909770861250094,0.0062344146951393035,0.0,0.0,0.0,0.0,0.0,0.0,0.0
52.333,1,0.0,0.025206392909258787,0.6775821062705923,0.2909770861250094,0.0062344146951393035,0.0,0.0,0.025206392909258787,0.6775821062705923,0.2909770861250094,0.0062344146951393035,0.0
52.417,0,0.0,0.02456010702562432,0.6757050890551531,0.29328542801937973,0.006449375899842776,0.0,0.0,0.0,0.0,0.0,0.0,0.0
52.417,1,0.0,0.02456010702562432,0.6757050890551531,0.29328542801937973,0.006449375899842776,0.0,0.0,0.02456010702562432,0.6757050890551531,0.29328542801937973,0.006449375899842776,0.0
52.5,0,0.0,0.023924963723627186,0.6738118928690102,0.29559392102881066,0.006669222378551938,0.0,0.0,0.0,0.0,0.0,0.0,0.0
52.5,1,0.0,0.023924963723627186,0.6738118928690102,0.29559392102881066,0.006669222378551938,0.0,0.0,0.023924963723627186,0.6738118928690102,0.29559392102881066,0.006669222378551938,0.0
52.583,0,0.0,0.02330086611125315,0.6719027345482644,0.29790239031849636,0.006894009021985952,0.0,0.0,0.0,0.0,0.0,0.0,0.0
52.583,1,0.0,0.02330086611125315,0.6719027345482644,0.29790239031849636,0.006894009021985952,0.0,0.0,0.02330086611125315,0.6719027345482644,0.29790239031849636,0.006894009021985952,0.0
52.667,0,0.0,0.022687717296487973,0.6699778309290167,0.3002106610536313,0.0071237907208639845,0.0,0.0,0.0,0.0,0.0,0.0,0.0
52.667,1,0.0,0.022687717296487973,0.6699778309290167,0.3002106610536313,0.0071237907208639845,0.0,0.0,0.022687717296487973,0.6699778309290167,0.3002106610536313,0.0071237907208639845,0.0
52.75,0,0.0,0.022085420387317416,0.6680373988473678,0.30251855839940955,0.007358622365905201,0.0,0.0,0.0,0.0,0.0,0.0,0.0
52.75,1,0.0,0.022085420387317416,0.6680373988473678,0.30251855839940955,0.007358622365905201,0.0,0.0,0.022085420387317416,0.6680373988473678,0.30251855839940955,0.007358622365905201,0.0
52.833,0,0.0,0.021493878491727247,0.6660816551394185,0.30482590752102545,0.007598558847828766,0.0,0.0,0.0,0.0,0.0,0.0,0.0
52.833,1,0.0,0.021493878491727247,0.6660816551394185,0.30482590752102545,0.007598558847828766,0.0,0.0,0.021493878491727247,0.6660816551394185,0.30482590752102545,0.007598558847828766,0.0
52.917,0,0.0,0.02091299471770323,0.6641108166412697,0.3071325335836733,0.007843655057353844,0.0,0.0,0.0,0.0,0.0,0.0,0.0
52.917,1,0.0,0.02091299471770323,0.6641108166412697,0.3071325335836733,0.007843655057353844,0.0,0.0,0.02091299471770323,0.6641108166412697,0.3071325335836733,0.007843655057353844,0.0
53.0,0,0.0,0.020342672173231113,0.6621251001890219,0.30943826175254735,0.008093965885199597,0.0,0.0,0.0,0.0,0.0,0.0,0.0
53.0,1,0.0,0.020342672173231113,0.6621251001890219,0.30943826175254735,0.008093965885199597,0.0,0.0,0.020342672173231113,0.6621251001890219,0.30943826175254735,0.008093965885199597,0.0
53.083,0,0.0,0.019782813966296674,0.6601247226187762,0.31174291719284186,0.008349546222085195,0.0,0.0,0.0,0.0,0.0,0.0,0.0
53.083,1,0.0,0.019782813966296674,0.6601247226187762,0.31174291719284186,0.008349546222085195,0.0,0.0,0.019782813966296674,0.6601247226187762,0.31174291719284186,0.008349546222085195,0.0
53.167,0,0.0,0.019233323204885664,0.6581099007666332,0.3140463250697511,0.0086104509587298,0.0,0.0,0.0,0.0,0.0,0.0,0.0
53.167,1,0.0,0.019233323204885664,0.6581099007666332,0.3140463250697511,0.0086104509587298,0.0,0.0,0.019233323204885664,0.6581099007666332,0.3140463250697511,0.0086104509587298,0.0
53.25,0,0.0,0.018694102996983857,0.6560808514686942,0.3163483105484695,0.008876734985852583,0.0,0.0,0.0,0.0,0.0,0.0,0.0
53.25,1,0.0,0.018694102996983857,0.6560808514686942,0.3163483105484695,0.008876734985852583,0.0,0.0,0.018694102996983857,0.6560808514686942,0.3163483105484695,0.008876734985852583,0.0
53.333,0,0.0,0.018165056450577005,0.6540377915610591,0.31864869879419105,0.009148453194172701,0.0,0.0,0.0,0.0,0.0,0.0,0.0
53.333,1,0.0,0.018165056450577005,0.6540377915610591,0.31864869879419105,0.009148453194172701,0.0,0.0,0.018165056450577005,0.6540377915610591,0.31864869879419105,0.009148453194172701,0.0
53.417,0,0.0,0.017646086673650873,0.6519809378798296,0.3209473149721103,0.009425660474409327,0.0,0.0,0.0,0.0,0.0,0.0,0.0
53.417,1,0.0,0.017646086673650873,0.6519809378798296,0.3209473149721103,0.009425660474409327,0.0,0.0,0.017646086673650873,0.6519809378798296,0.3209473149721103,0.009425660474409327,0.0
53.5,0,0.0,0.017137096774191226,0.6499105072611059,0.32324398424742135,0.009708411717281616,0.0,0.0,0.0,0.0,0.0,0.0,0.0
53.5,1,0.0,0.017137096774191226,0.6499105072611059,0.32324398424742135,0.009708411717281616,0.0,0.0,0.017137096774191226,0.6499105072611059,0.32324398424742135,0.009708411717281616,0.0
53.583,0,0.0,0.016637989860183826,0.6478267165409889,0.32553853178531844,0.009996761813508741,0.0,0.0,0.0,0.0,0.0,0.0,0.0
53.583,1,0.0,0.016637989860183826,0.6478267165409889,0.32553853178531844,0.009996761813508741,0.0,0.0,0.016637989860183826,0.6478267165409889,0.32553853178531844,0.009996761813508741,0.0
53.667,0,0.0,0.016148669039614434,0.6457297825555797,0.32783078275099603,0.010290765653809864,0.0,0.0,0.0,0.0,0.0,0.0,0.0
53.667,1,0.0,0.016148669039614434,0.6457297825555797,0.32783078275099603,0.010290765653809864,0.0,0.0,0.016148669039614434,0.6457297825555797,0.32783078275099603,0.010290765653809864,0.0
53.75,0,0.0,0.015669037420468806,0.6436199221409787,0.3301205623096482,0.010590478128904148,0.0,0.0,0.0,0.0,0.0,0.0,0.0
53.75,1,0.0,0.015669037420468806,0.6436199221409787,0.3301205623096482,0.010590478128904148,0.0,0.0,0.015669037420468806,0.6436199221409787,0.3301205623096482,0.010590478128904148,0.0
53.833,0,0.0,0.015198998110732718,0.6414973521332872,0.33240769562646943,0.010895954129510766,0.0,0.0,0.0,0.0,0.0,0.0,0.0
53.833,1,0.0,0.015198998110732718,0.6414973521332872,0.33240769562646943,0.010895954129510766,0.0,0.0,0.015198998110732718,0.6414973521332872,0.33240769562646943,0.010895954129510766,0.0
53.917,0,0.0,0.014738454218391919,0.6393622893686055,0.33469200786665376,0.011207248546348874,0.0,0.0,0.0,0.0,0.0,0.0,0.0
53.917,1,0.0,0.014738454218391919,0.6393622893686055,0.33469200786665376,0.011207248546348874,0.0,0.0,0.014738454218391919,0.6393622893686055,0.33469200786665376,0.011207248546348874,0.0
54.0,0,0.0,0.014287308851432177,0.6372149506830346,0.3369733241953956,0.01152441627013764,0.0,0.0,0.0,0.0,0.0,0.0,0.0
54.0,1,0.0,0.014287308851432177,0.6372149506830346,0.3369733241953956,0.01152441627013764,0.0,0.0,0.014287308851432177,0.6372149506830346,0.3369733241953956,0.01152441627013764,0.0
54.083,0,0.0,0.01384546511783926,0.6350555529126752,0.3392514697778892,0.011847512191596231,0.0,0.0,0.0,0.0,0.0,0.0,0.0
54.083,1,0.0,0.01384546511783926,0.6350555529126752,0.3392514697778892,0.011847512191596231,0.0,0.0,0.01384546511783926,0.6350555529126752,0.3392514697778892,0.011847512191596231,0.0
54.167,0,0.0,0.013412826125598921,0.6328843128936286,0.34152626977932893,0.012176591201443814,0.0,0.0,0.0,0.0,0.0,0.0,0.0
54.167,1,0.0,0.013412826125598921,0.6328843128936286,0.34152626977932893,0.012176591201443814,0.0,0.0,0.013412826125598921,0.6328843128936286,0.34152626977932893,0.012176591201443814,0.0
54.25,0,0.0,0.012989294982696927,0.6307014474619947,0.3437975493649088,0.012511708190399543,0.0,0.0,0.0,0.0,0.0,0.0,0.0
54.25,1,0.0,0.012989294982696927,0.6307014474619947,0.3437975493649088,0.012511708190399543,0.0,0.0,0.012989294982696927,0.6307014474619947,0.3437975493649088,0.012511708190399543,0.0
54.333,0,0.0,0.012574774797119036,0.628507173453875,0.34606513369982334,0.012852918049182595,0.0,0.0,0.0,0.0,0.0,0.0,0.0
54.333,1,0.0,0.012574774797119036,0.628507173453875,0.34606513369982334,0.012852918049182595,0.0,0.0,0.012574774797119036,0.628507173453875,0.34606513369982334,0.012852918049182595,0.0
54.417,0,0.0,0.012169168676851016,0.6263017077053701,0.3483288479492667,0.013200275668512132,0.0,0.0,0.0,0.0,0.0,0.0,0.0
54.417,1,0.0,0.012169168676851016,0.6263017077053701,0.3483288479492667,0.013200275668512132,0.0,0.0,0.012169168676851016,0.6263017077053701,0.3483288479492667,0.013200275668512132,0.0
54.5,0,0.0,0.011772379729878628,0.6240852670525807,0.3505885172784332,0.013553835939107318,0.0,0.0,0.0,0.0,0.0,0.0,0.0
54.5,1,0.0,0.011772379729878628,0.6240852670525807,0.3505885172784332,0.013553835939107318,0.0,0.0,0.011772379729878628,0.6240852670525807,0.3505885172784332,0.013553835939107318,0.0
54.583,0,0.0,0.011384311064187629,0.6218580683316078,0.3528439668525171,0.013913653751687316,0.0,0.0,0.0,0.0,0.0,0.0,0.0
54.583,1,0.0,0.011384311064187629,0.6218580683316078,0.3528439668525171,0.013913653751687316,0.0,0.0,0.011384311064187629,0.6218580683316078,0.3528439668525171,0.013913653751687316,0.0
54.667,0,0.0,0.011004865787763789,0.6196203283785521,0.35509502183671277,0.014279783996971294,0.0,0.0,0.0,0.0,0.0,0.0,0.0
54.667,1,0.0,0.011004865787763789,0.6196203283785521,0.35509502183671277,0.014279783996971294,0.0,0.0,0.011004865787763789,0.6196203283785521,0.35509502183671277,0.014279783996971294,0.0
54.75,0,0.0,0.010633947008592864,0.6173722640295144,0.35734150739621423,0.014652281565678413,0.0,0.0,0.0,0.0,0.0,0.0,0.0
54.75,1,0.0,0.010633947008592864,0.6173722640295144,0.35734150739621423,0.014652281565678413,0.0,0.0,0.010633947008592864,0.6173722640295144,0.35734150739621423,0.014652281565678413,0.0
54.833,0,0.0,0.010271457834660618,0.6151140921205953,0.35958324869621605,0.015031201348527846,0.0,0.0,0.0,0.0,0.0,0.0,0.0
54.833,1,0.0,0.010271457834660618,0.6151140921205953,0.35958324869621605,0.015031201348527846,0.0,0.0,0.010271457834660618,0.6151140921205953,0.35958324869621605,0.015031201348527846,0.0
54.917,0,0.0,0.009917301373952818,0.6128460294878961,0.3618200709019123,0.015416598236238751,0.0,0.0,0.0,0.0,0.0,0.0,0.0
54.917,1,0.0,0.009917301373952818,0.6128460294878961,0.3618200709019123,0.015416598236238751,0.0,0.0,0.009917301373952818,0.6128460294878961,0.3618200709019123,0.015416598236238751,0.0
55.0,0,0.0,0.009571380734455221,0.6105682929675171,0.3640517991784973,0.015808527119530295,0.0,0.0,0.0,0.0,0.0,0.0,0.0
55.0,1,0.0,0.009571380734455221,0.6105682929675171,0.3640517991784973,0.015808527119530295,0.0,0.0,0.009571380734455221,0.6105682929675171,0.3640517991784973,0.015808527119530295,0.0
55.083,0,0.0,0.009233599024153591,0.6082810993955593,0.36627825869116537,0.016207042889121642,0.0,0.0,0.0,0.0,0.0,0.0,0.0
55.083,1,0.0,0.009233599024153591,0.6082810993955593,0.36627825869116537,0.016207042889121642,0.0,0.0,0.009233599024153591,0.6082810993955593,0.36627825869116537,0.016207042889121642,0.0
55.167,0,0.0,0.008903859351033692,0.6059846656081236,0.3684992746051107,0.016612200435731958,0.0,0.0,0.0,0.0,0.0,0.0,0.0
55.167,1,0.0,0.008903859351033692,0.6059846656081236,0.3684992746051107,0.016612200435731958,0.0,0.0,0.008903859351033692,0.6059846656081236,0.3684992746051107,0.016612200435731958,0.0
55.25,0,0.0,0.00858206482308128,0.6036792084413105,0.3707146720855277,0.017024054650080413,0.0,0.0,0.0,0.0,0.0,0.0,0.0
55.25,1,0.0,0.00858206482308128,0.6036792084413105,0.3707146720855277,0.017024054650080413,0.0,0.0,0.00858206482308128,0.6036792084413105,0.3707146720855277,0.017024054650080413,0.0
55.333,0,0.0,0.008268118548282124,0.6013649447312212,0.3729242762976105,0.017442660422886162,0.0,0.0,0.0,0.0,0.0,0.0,0.0
55.333,1,0.0,0.008268118548282124,0.6013649447312212,0.3729242762976105,0.017442660422886162,0.0,0.0,0.008268118548282124,0.6013649447312212,0.3729242762976105,0.017442660422886162,0.0
55.417,0,0.0,0.007961923634621983,0.5990420913139561,0.3751279124065535,0.017868072644868376,0.0,0.0,0.0,0.0,0.0,0.0,0.0
55.417,1,0.0,0.007961923634621983,0.5990420913139561,0.3751279124065535,0.017868072644868376,0.0,0.0,0.007961923634621983,0.5990420913139561,0.3751279124065535,0.017868072644868376,0.0
55.5,0,0.0,0.007663383190086623,0.5967108650256163,0.37732540557755084,0.01830034620674622,0.0,0.0,0.0,0.0,0.0,0.0,0.0
55.5,1,0.0,0.007663383190086623,0.5967108650256163,0.37732540557755084,0.01830034620674622,0.0,0.0,0.007663383190086623,0.5967108650256163,0.37732540557755084,0.01830034620674622,0.0
55.583,0,0.0,0.0073724003226617995,0.5943714827023026,0.3795165809757969,0.01873953599923886,0.0,0.0,0.0,0.0,0.0,0.0,0.0
55.583,1,0.0,0.0073724003226617995,0.5943714827023026,0.3795165809757969,0.01873953599923886,0.0,0.0,0.0073724003226617995,0.5943714827023026,0.3795165809757969,0.01873953599923886,0.0
55.667,0,0.0,0.0070888781403332796,0.5920241611801154,0.3817012637664859,0.01918569691306546,0.0,0.0,0.0,0.0,0.0,0.0,0.0
55.667,1,0.0,0.0070888781403332796,0.5920241611801154,0.3817012637664859,0.01918569691306546,0.0,0.0,0.0070888781403332796,0.5920241611801154,0.3817012637664859,0.01918569691306546,0.0
55.75,0,0.0,0.0068127197510868265,0.5896691172951558,0.38387927911481207,0.019638883838945177,0.0,0.0,0.0,0.0,0.0,0.0,0.0
55.75,1,0.0,0.0068127197510868265,0.5896691172951558,0.38387927911481207,0.019638883838945177,0.0,0.0,0.0068127197510868265,0.5896691172951558,0.38387927911481207,0.019638883838945177,0.0
55.833,0,0.0,0.0065438282629082,0.5873065678835248,0.3860504521859699,0.020099151667597192,0.0,0.0,0.0,0.0,0.0,0.0,0.0
55.833,1,0.0,0.0065438282629082,0.5873065678835248,0.3860504521859699,0.020099151667597192,0.0,0.0,0.0065438282629082,0.5873065678835248,0.3860504521859699,0.020099151667597192,0.0
55.917,0,0.0,0.006282106783783164,0.5849367297813227,0.3882146081451533,0.020566555289740655,0.0,0.0,0.0,0.0,0.0,0.0,0.0
55.917,1,0.0,0.006282106783783164,0.5849367297813227,0.3882146081451533,0.020566555289740655,0.0,0.0,0.006282106783783164,0.5849367297813227,0.3882146081451533,0.020566555289740655,0.0
56.0,0,0.0,0.006027458421697479,0.5825598198246509,0.3903715721575569,0.02104114959609474,0.0,0.0,0.0,0.0,0.0,0.0,0.0
56.0,1,0.0,0.006027458421697479,0.5825598198246509,0.3903715721575569,0.02104114959609474,0.0,0.0,0.006027458421697479,0.5825598198246509,0.3903715721575569,0.02104114959609474,0.0
56.083,0,0.0,0.005779786284636909,0.5801760548496097,0.3925211693883748,0.02152298947737861,0.0,0.0,0.0,0.0,0.0,0.0,0.0
56.083,1,0.0,0.005779786284636909,0.5801760548496097,0.3925211693883748,0.02152298947737861,0.0,0.0,0.005779786284636909,0.5801760548496097,0.3925211693883748,0.02152298947737861,0.0
56.167,0,0.0,0.005538993480587216,0.5777856516923001,0.39466322500280127,0.02201212982431143,0.0,0.0,0.0,0.0,0.0,0.0,0.0
56.167,1,0.0,0.005538993480587216,0.5777856516923001,0.39466322500280127,0.02201212982431143,0.0,0.0,0.005538993480587216,0.5777856516923001,0.39466322500280127,0.02201212982431143,0.0
56.25,0,0.0,0.0053049831175341605,0.5753888271888228,0.3967975641660305,0.022508625527612364,0.0,0.0,0.0,0.0,0.0,0.0,0.0
56.25,1,0.0,0.0053049831175341605,0.5753888271888228,0.3967975641660305,0.022508625527612364,0.0,0.0,0.0053049831175341605,0.5753888271888228,0.3967975641660305,0.022508625527612364,0.0
56.333,0,0.0,0.0050776583034635074,0.5729857981752788,0.39892401204325706,0.02301253147800058,0.0,0.0,0.0,0.0,0.0,0.0,0.0
56.333,1,0.0,0.0050776583034635074,0.5729857981752788,0.39892401204325706,0.02301253147800058,0.0,0.0,0.0050776583034635074,0.5729857981752788,0.39892401204325706,0.02301253147800058,0.0
56.417,0,0.0,0.004856922146361017,0.5705767814877689,0.401042393799675,0.023523902566195236,0.0,0.0,0.0,0.0,0.0,0.0,0.0
56.417,1,0.0,0.004856922146361017,0.5705767814877689,0.401042393799675,0.023523902566195236,0.0,0.0,0.004856922146361017,0.5705767814877689,0.401042393799675,0.023523902566195236,0.0
56.5,0,0.0,0.0046426777542124525,0.5681619939623936,0.40315253460047856,0.024042793682915505,0.0,0.0,0.0,0.0,0.0,0.0,0.0
56.5,1,0.0,0.0046426777542124525,0.5681619939623936,0.40315253460047856,0.024042793682915505,0.0,0.0,0.0046426777542124525,0.5681619939623936,0.40315253460047856,0.024042793682915505,0.0
56.583,0,0.0,0.0044348282350035765,0.5657416524352539,0.40525425961086203,0.024569259718880545,0.0,0.0,0.0,0.0,0.0,0.0,0.0
56.583,1,0.0,0.0044348282350035765,0.5657416524352539,0.40525425961086203,0.024569259718880545,0.0,0.0,0.0044348282350035765,0.5657416524352539,0.40525425961086203,0.024569259718880545,0.0
56.667,0,0.0,0.004233276696720149,0.5633159737424505,0.4073473939960198,0.025103355564809533,0.0,0.0,0.0,0.0,0.0,0.0,0.0
56.667,1,0.0,0.004233276696720149,0.5633159737424505,0.4073473939960198,0.025103355564809533,0.0,0.0,0.004233276696720149,0.5633159737424505,0.4073473939960198,0.025103355564809533,0.0
56.75,0,0.0,0.004037926247347936,0.5608851747200844,0.4094317629211461,0.025645136111421617,0.0,0.0,0.0,0.0,0.0,0.0,0.0
56.75,1,0.0,0.004037926247347936,0.5608851747200844,0.4094317629211461,0.025645136111421617,0.0,0.0,0.004037926247347936,0.5608851747200844,0.4094317629211461,0.025645136111421617,0.0
56.833,0,0.0,0.003848679994872697,0.5584494722042562,0.41150719155143517,0.026194656249435976,0.0,0.0,0.0,0.0,0.0,0.0,0.0
56.833,1,0.0,0.003848679994872697,0.5584494722042562,0.41150719155143517,0.026194656249435976,0.0,0.0,0.003848679994872697,0.5584494722042562,0.41150719155143517,0.026194656249435976,0.0
56.917,0,0.0,0.0036654410472801956,0.5560090830310668,0.41357350505208124,0.026751970869571765,0.0,0.0,0.0,0.0,0.0,0.0,0.0
56.917,1,0.0,0.0036654410472801956,0.5560090830310668,0.41357350505208124,0.026751970869571765,0.0,0.0,0.0036654410472801956,0.5560090830310668,0.41357350505208124,0.026751970869571765,0.0
57.0,0,0.0,0.003488112512556194,0.553564224036617,0.4156305285882787,0.027317134862548158,0.0,0.0,0.0,0.0,0.0,0.0,0.0
57.0,1,0.0,0.003488112512556194,0.553564224036617,0.4156305285882787,0.027317134862548158,0.0,0.0,0.003488112512556194,0.553564224036617,0.4156305285882787,0.027317134862548158,0.0
57.083,0,0.0,0.0033165974986864534,0.5511151120570075,0.4176780873252217,0.027890203119084314,0.0,0.0,0.0,0.0,0.0,0.0,0.0
57.083,1,0.0,0.0033165974986864534,0.5511151120570075,0.4176780873252217,0.027890203119084314,0.0,0.0,0.0033165974986864534,0.5511151120570075,0.4176780873252217,0.027890203119084314,0.0
57.167,0,0.0,0.003150799113656738,0.5486619639283392,0.41971600642810464,0.028471230529899395,0.0,0.0,0.0,0.0,0.0,0.0,0.0
57.167,1,0.0,0.003150799113656738,0.5486619639283392,0.41971600642810464,0.028471230529899395,0.0,0.0,0.003150799113656738,0.5486619639283392,0.41971600642810464,0.028471230529899395,0.0
57.25,0,0.0,0.002990620465452807,0.5462049964867127,0.4217441110621217,0.02906027198571258,0.0,0.0,0.0,0.0,0.0,0.0,0.0
57.25,1,0.0,0.002990620465452807,0.5462049964867127,0.4217441110621217,0.02906027198571258,0.0,0.0,0.002990620465452807,0.5462049964867127,0.4217441110621217,0.02906027198571258,0.0
57.333,0,0.0,0.0028359646620604267,0.5437444265682293,0.4237622263924672,0.029657382377243025,0.0,0.0,0.0,0.0,0.0,0.0,0.0
57.333,1,0.0,0.0028359646620604267,0.5437444265682293,0.4237622263924672,0.029657382377243025,0.0,0.0,0.0028359646620604267,0.5437444265682293,0.4237622263924672,0.029657382377243025,0.0
57.417,0,0.0,0.0026867348114653564,0.5412804710089894,0.42577017758433544,0.03026261659520989,0.0,0.0,0.0,0.0,0.0,0.0,0.0
57.417,1,0.0,0.0026867348114653564,0.5412804710089894,0.42577017758433544,0.03026261659520989,0.0,0.0,0.0026867348114653564,0.5412804710089894,0.42577017758433544,0.03026261659520989,0.0
57.5,0,0.0,0.0025428340216533596,0.5388133466450937,0.4277677898029206,0.030876029530332343,0.0,0.0,0.0,0.0,0.0,0.0,0.0
57.5,1,0.0,0.0025428340216533596,0.5388133466450937,0.4277677898029206,0.030876029530332343,0.0,0.0,0.0025428340216533596,0.5388133466450937,0.4277677898029206,0.030876029530332343,0.0
57.583,0,0.0,0.002404165400610198,0.5363432703126432,0.4297548882134169,0.031497676073329546,0.0,0.0,0.0,0.0,0.0,0.0,0.0
57.583,1,0.0,0.002404165400610198,0.5363432703126432,0.4297548882134169,0.031497676073329546,0.0,0.0,0.002404165400610198,0.5363432703126432,0.4297548882134169,0.031497676073329546,0.0
57.667,0,0.0,0.0022706320563216343,0.5338704588477389,0.4317312979810189,0.032127611114920684,0.0,0.0,0.0,0.0,0.0,0.0,0.0
57.667,1,0.0,0.0022706320563216343,0.5338704588477389,0.4317312979810189,0.032127611114920684,0.0,0.0,0.0022706320563216343,0.5338704588477389,0.4317312979810189,0.032127611114920684,0.0
57.75,0,0.0,0.002142137096773431,0.5313951290864811,0.43369684427092053,0.0327658895458249,0.0,0.0,0.0,0.0,0.0,0.0,0.0
57.75,1,0.0,0.002142137096773431,0.5313951290864811,0.43369684427092053,0.0327658895458249,0.0,0.0,0.002142137096773431,0.5313951290864811,0.43369684427092053,0.0327658895458249,0.0
57.833,0,0.0,0.0020185836299513493,0.528917497864971,0.4356513522483163,0.033412566256761374,0.0,0.0,0.0,0.0,0.0,0.0,0.0
57.833,1,0.0,0.0020185836299513493,0.528917497864971,0.4356513522483163,0.033412566256761374,0.0,0.0,0.0020185836299513493,0.528917497864971,0.4356513522483163,0.033412566256761374,0.0
57.917,0,0.0,0.0018998747638411533,0.5264377820193091,0.43759464707840035,0.03406769613844925,0.0,0.0,0.0,0.0,0.0,0.0,0.0
57.917,1,0.0,0.0018998747638411533,0.5264377820193091,0.43759464707840035,0.03406769613844925,0.0,0.0,0.0018998747638411533,0.5264377820193091,0.43759464707840035,0.03406769613844925,0.0
58.0,0,0.0,0.0017859136064286038,0.5239561983855965,0.4395265539263671,0.03473133408160771,0.0,0.0,0.0,0.0,0.0,0.0,0.0
58.0,1,0.0,0.0017859136064286038,0.5239561983855965,0.4395265539263671,0.03473133408160771,0.0,0.0,0.0017859136064286038,0.5239561983855965,0.4395265539263671,0.03473133408160771,0.0
58.083,0,0.0,0.0016766032656994633,0.5214729637999338,0.44144689795741066,0.035403534976955926,0.0,0.0,0.0,0.0,0.0,0.0,0.0
58.083,1,0.0,0.0016766032656994633,0.5214729637999338,0.44144689795741066,0.035403534976955926,0.0,0.0,0.0016766032656994633,0.5214729637999338,0.44144689795741066,0.035403534976955926,0.0
58.167,0,0.0,0.0015718468496394948,0.5189882950984219,0.44335550433672544,0.03608435371521304,0.0,0.0,0.0,0.0,0.0,0.0,0.0
58.167,1,0.0,0.0015718468496394948,0.5189882950984219,0.44335550433672544,0.03608435371521304,0.0,0.0,0.0015718468496394948,0.5189882950984219,0.44335550433672544,0.03608435371521304,0.0
58.25,0,0.0,0.0014715474662344602,0.5165024091171617,0.4452521982295057,0.03677384518709824,0.0,0.0,0.0,0.0,0.0,0.0,0.0
58.25,1,0.0,0.0014715474662344602,0.5165024091171617,0.4452521982295057,0.03677384518709824,0.0,0.0,0.0014715474662344602,0.5165024091171617,0.4452521982295057,0.03677384518709824,0.0
58.333,0,0.0,0.0013756082234701217,0.5140155226922537,0.44713680480094553,0.037472064283330664,0.0,0.0,0.0,0.0,0.0,0.0,0.0
58.333,1,0.0,0.0013756082234701217,0.5140155226922537,0.44713680480094553,0.037472064283330664,0.0,0.0,0.0013756082234701217,0.5140155226922537,0.44713680480094553,0.037472064283330664,0.0
58.417,0,0.0,0.0012839322293322416,0.5115278526597989,0.44900914921623936,0.03817906589462951,0.0,0.0,0.0,0.0,0.0,0.0,0.0
58.417,1,0.0,0.0012839322293322416,0.5115278526597989,0.44900914921623936,0.03817906589462951,0.0,0.0,0.0012839322293322416,0.5115278526597989,0.44900914921623936,0.03817906589462951,0.0
58.5,0,0.0,0.001196422591806582,0.5090396158558981,0.4508690566405814,0.03889490491171392,0.0,0.0,0.0,0.0,0.0,0.0,0.0
58.5,1,0.0,0.001196422591806582,0.5090396158558981,0.4508690566405814,0.03889490491171392,0.0,0.0,0.001196422591806582,0.5090396158558981,0.4508690566405814,0.03889490491171392,0.0
58.583,0,0.0,0.0011129824188789057,0.506551029116652,0.45271635223916595,0.03961963622530306,0.0,0.0,0.0,0.0,0.0,0.0,0.0
58.583,1,0.0,0.0011129824188789057,0.506551029116652,0.45271635223916595,0.03961963622530306,0.0,0.0,0.0011129824188789057,0.506551029116652,0.45271635223916595,0.03961963622530306,0.0
58.667,0,0.0,0.0010335148185349747,0.5040623092781615,0.45455086117718746,0.04035331472611611,0.0,0.0,0.0,0.0,0.0,0.0,0.0
58.667,1,0.0,0.0010335148185349747,0.5040623092781615,0.45455086117718746,0.04035331472611611,0.0,0.0,0.0010335148185349747,0.5040623092781615,0.45455086117718746,0.04035331472611611,0.0
58.75,0,0.0,0.0009579228987605513,0.5015736731765273,0.45637240861983996,0.04109599530487222,0.0,0.0,0.0,0.0,0.0,0.0,0.0
58.75,1,0.0,0.0009579228987605513,0.5015736731765273,0.45637240861983996,0.04109599530487222,0.0,0.0,0.0009579228987605513,0.5015736731765273,0.45637240861983996,0.04109599530487222,0.0
58.833,0,0.0,0.0008861097675413977,0.49908533764785035,0.4581808197323177,0.04184773285229057,0.0,0.0,0.0,0.0,0.0,0.0,0.0
58.833,1,0.0,0.0008861097675413977,0.49908533764785035,0.4581808197323177,0.04184773285229057,0.0,0.0,0.0008861097675413977,0.49908533764785035,0.4581808197323177,0.04184773285229057,0.0
58.917,0,0.0,0.0008179785328632763,0.4965975195282313,0.45997591967981516,0.042608582259090304,0.0,0.0,0.0,0.0,0.0,0.0,0.0
58.917,1,0.0,0.0008179785328632763,0.4965975195282313,0.45997591967981516,0.042608582259090304,0.0,0.0,0.0008179785328632763,0.4965975195282313,0.45997591967981516,0.042608582259090304,0.0
59.0,0,0.0,0.0007534323027119495,0.4941104356537709,0.4617575336275265,0.0433785984159906,0.0,0.0,0.0,0.0,0.0,0.0,0.0
59.0,1,0.0,0.0007534323027119495,0.4941104356537709,0.4617575336275265,0.0433785984159906,0.0,0.0,0.0007534323027119495,0.4941104356537709,0.4617575336275265,0.0433785984159906,0.0
59.083,0,0.0,0.0006923741850731794,0.4916243028605702,0.46352548674064603,0.04415783621371063,0.0,0.0,0.0,0.0,0.0,0.0,0.0
59.083,1,0.0,0.0006923741850731794,0.4916243028605702,0.46352548674064603,0.04415783621371063,0.0,0.0,0.0006923741850731794,0.4916243028605702,0.46352548674064603,0.04415783621371063,0.0
59.167,0,0.0,0.0006347072879327283,0.48913933798472986,0.465279604184368,0.04494635054296954,0.0,0.0,0.0,0.0,0.0,0.0,0.0
59.167,1,0.0,0.0006347072879327283,0.48913933798472986,0.465279604184368,0.04494635054296954,0.0,0.0,0.0006347072879327283,0.48913933798472986,0.465279604184368,0.04494635054296954,0.0
59.25,0,0.0,0.0005803347192763585,0.4866557578623506,0.46701971112388657,0.04574419629448652,0.0,0.0,0.0,0.0,0.0,0.0,0.0
59.25,1,0.0,0.0005803347192763585,0.4866557578623506,0.46701971112388657,0.04574419629448652,0.0,0.0,0.0005803347192763585,0.4866557578623506,0.46701971112388657,0.04574419629448652,0.0
59.333,0,0.0,0.0005291595870898324,0.4841737793295333,0.4687456327243962,0.046551428358980705,0.0,0.0,0.0,0.0,0.0,0.0,0.0
59.333,1,0.0,0.0005291595870898324,0.4841737793295333,0.4687456327243962,0.046551428358980705,0.0,0.0,0.0005291595870898324,0.4841737793295333,0.4687456327243962,0.046551428358980705,0.0
59.417,0,0.0,0.0004810849993589125,0.4816936192223787,0.470457194151091,0.047368101627171276,0.0,0.0,0.0,0.0,0.0,0.0,0.0
59.417,1,0.0,0.0004810849993589125,0.4816936192223787,0.470457194151091,0.047368101627171276,0.0,0.0,0.0004810849993589125,0.4816936192223787,0.470457194151091,0.047368101627171276,0.0
59.5,0,0.0,0.0004360140640693607,0.4792154943769878,0.47215422056916545,0.04819427098977741,0.0,0.0,0.0,0.0,0.0,0.0,0.0
59.5,1,0.0,0.0004360140640693607,0.4792154943769878,0.47215422056916545,0.04819427098977741,0.0,0.0,0.0004360140640693607,0.4792154943769878,0.47215422056916545,0.04819427098977741,0.0
59.583,0,0.0,0.0003938498892069394,0.4767396216294612,0.4738365371438136,0.04902999133751825,0.0,0.0,0.0,0.0,0.0,0.0,0.0
59.583,1,0.0,0.0003938498892069394,0.4767396216294612,0.4738365371438136,0.04902999133751825,0.0,0.0,0.0003938498892069394,0.4767396216294612,0.4738365371438136,0.04902999133751825,0.0
59.667,0,0.0,0.0003544955827574108,0.4742662178158997,0.4755039690402299,0.049875317561112985,0.0,0.0,0.0,0.0,0.0,0.0,0.0
59.667,1,0.0,0.0003544955827574108,0.4742662178158997,0.4755039690402299,0.049875317561112985,0.0,0.0,0.0003544955827574108,0.4742662178158997,0.4755039690402299,0.049875317561112985,0.0
59.75,0,0.0,0.00031785425270653735,0.4717954997724042,0.4771563414236086,0.050730304551280754,0.0,0.0,0.0,0.0,0.0,0.0,0.0
59.75,1,0.0,0.00031785425270653735,0.4717954997724042,0.4771563414236086,0.050730304551280754,0.0,0.0,0.00031785425270653735,0.4717954997724042,0.4771563414236086,0.050730304551280754,0.0
59.833,0,0.0,0.0002838290070400814,0.46932768433507543,0.4787934794591438,0.051595007198740724,0.0,0.0,0.0,0.0,0.0,0.0,0.0
59.833,1,0.0,0.0002838290070400814,0.46932768433507543,0.4787934794591438,0.051595007198740724,0.0,0.0,0.0002838290070400814,0.46932768433507543,0.4787934794591438,0.051595007198740724,0.0
59.917,0,0.0,0.0002523229537438051,0.4668629883400142,0.48041520831202994,0.05246948039421209,0.0,0.0,0.0,0.0,0.0,0.0,0.0
59.917,1,0.0,0.0002523229537438051,0.4668629883400142,0.48041520831202994,0.05246948039421209,0.0,0.0,0.0002523229537438051,0.4668629883400142,0.48041520831202994,0.05246948039421209,0.0
60.0,0,0.0,0.00022323920080347077,0.46440162862332124,0.4820213531474612,0.053353779028413977,0.0,0.0,0.0,0.0,0.0,0.0,0.0
60.0,1,0.0,0.00022323920080347077,0.46440162862332124,0.4820213531474612,0.053353779028413977,0.0,0.0,0.00022323920080347077,0.46440162862332124,0.4820213531474612,0.053353779028413977,0.0
60.083,0,0.0,0.00019648085620484074,0.46194382202109757,0.483611739130632,0.054247957992065596,0.0,0.0,0.0,0.0,0.0,0.0,0.0
60.083,1,0.0,0.00019648085620484074,0.46194382202109757,0.483611739130632,0.054247957992065596,0.0,0.0,0.00019648085620484074,0.46194382202109757,0.483611739130632,0.054247957992065596,0.0
60.167,0,0.0,0.00017195102793367723,0.45948978536944374,0.48518619142673636,0.05515207217588606,0.0,0.0,0.0,0.0,0.0,0.0,0.0
60.167,1,0.0,0.00017195102793367723,0.45948978536944374,0.48518619142673636,0.05515207217588606,0.0,0.0,0.00017195102793367723,0.45948978536944374,0.48518619142673636,0.05515207217588606,0.0
60.25,0,0.0,0.0001495528239757426,0.4570397355044608,0.48674453520096894,0.056066176470594586,0.0,0.0,0.0,0.0,0.0,0.0,0.0
60.25,1,0.0,0.0001495528239757426,0.4570397355044608,0.48674453520096894,0.056066176470594586,0.0,0.0,0.0001495528239757426,0.4570397355044608,0.48674453520096894,0.056066176470594586,0.0
60.333,0,0.0,0.00012918935231679915,0.45459388926224914,0.48828659561852356,0.056990325766910294,0.0,0.0,0.0,0.0,0.0,0.0,0.0
60.333,1,0.0,0.00012918935231679915,0.45459388926224914,0.48828659561852356,0.056990325766910294,0.0,0.0,0.00012918935231679915,0.45459388926224914,0.48828659561852356,0.056990325766910294,0.0
60.417,0,0.0,0.00011076372094260909,0.45215246347891,0.48981219784459484,0.05792457495555237,0.0,0.0,0.0,0.0,0.0,0.0,0.0
60.417,1,0.0,0.00011076372094260909,0.45215246347891,0.48981219784459484,0.05792457495555237,0.0,0.0,0.00011076372094260909,0.45215246347891,0.48981219784459484,0.05792457495555237,0.0
60.5,0,0.0,9.417903783893478e-05,0.4497156749905441,0.49132116704437695,0.05886897892723999,0.0,0.0,0.0,0.0,0.0,0.0,0.0
60.5,1,0.0,9.417903783893478e-05,0.4497156749905441,0.49132116704437695,0.05886897892723999,0.0,0.0,9.417903783893478e-05,0.4497156749905441,0.49132116704437695,0.05886897892723999,0.0
60.583,0,0.0,7.933841099153852e-05,0.44728374063325205,0.4928133283830641,0.05982359257269229,0.0,0.0,0.0,0.0,0.0,0.0,0.0
60.583,1,0.0,7.933841099153852e-05,0.44728374063325205,0.4928133283830641,0.05982359257269229,0.0,0.0,7.933841099153852e-05,0.44728374063325205,0.4928133283830641,0.05982359257269229,0.0
60.667,0,0.0,6.614494838618253e-05,0.4448568772431347,0.4942885070258506,0.06078847078262846,0.0,0.0,0.0,0.0,0.0,0.0,0.0
60.667,1,0.0,6.614494838618253e-05,0.4448568772431347,0.4942885070258506,0.06078847078262846,0.0,0.0,6.614494838618253e-05,0.4448568772431347,0.4942885070258506,0.06078847078262846,0.0
60.75,0,0.0,5.4501758008629184e-05,0.4424353016562929,0.49574652813793074,0.06176366844776766,0.0,0.0,0.0,0.0,0.0,0.0,0.0
60.75,1,0.0,5.4501758008629184e-05,0.4424353016562929,0.49574652813793074,0.06176366844776766,0.0,0.0,5.4501758008629184e-05,0.4424353016562929,0.49574652813793074,0.06176366844776766,0.0
60.833,0,0.0,4.431194784464073e-05,0.4400192307088275,0.49718721688449874,0.06274924045882904,0.0,0.0,0.0,0.0,0.0,0.0,0.0
60.833,1,0.0,4.431194784464073e-05,0.4400192307088275,0.49718721688449874,0.06274924045882904,0.0,0.0,4.431194784464073e-05,0.4400192307088275,0.49718721688449874,0.06274924045882904,0.0
60.917,0,0.0,3.547862587997946e-05,0.4376088812368392,0.49861039843074906,0.0637452417065318,0.0,0.0,0.0,0.0,0.0,0.0,0.0
60.917,1,0.0,3.547862587997946e-05,0.4376088812368392,0.49861039843074906,0.0637452417065318,0.0,0.0,3.547862587997946e-05,0.4376088812368392,0.49861039843074906,0.0637452417065318,0.0
61.0,0,0.0,2.7904900100407673e-05,0.43520447007642876,0.5000158979418756,0.06475172708159505,0.0,0.0,0.0,0.0,0.0,0.0,0.0
61.0,1,0.0,2.7904900100407673e-05,0.43520447007642876,0.5000158979418756,0.06475172708159505,0.0,0.0,2.7904900100407673e-05,0.43520447007642876,0.5000158979418756,0.06475172708159505,0.0
61.083,0,0.0,2.1493878491687665e-05,0.4328062140636973,0.501403540583073,0.065768751474738,0.0,0.0,0.0,0.0,0.0,0.0,0.0
61.083,1,0.0,2.1493878491687665e-05,0.4328062140636973,0.501403540583073,0.065768751474738,0.0,0.0,2.1493878491687665e-05,0.4328062140636973,0.501403540583073,0.065768751474738,0.0
61.167,0,0.0,1.614866903958172e-05,0.4304143300347452,0.5027731515195355,0.06679636977667981,0.0,0.0,0.0,0.0,0.0,0.0,0.0
61.167,1,0.0,1.614866903958172e-05,0.4304143300347452,0.5027731515195355,0.06679636977667981,0.0,0.0,1.614866903958172e-05,0.4304143300347452,0.5027731515195355,0.06679636977667981,0.0
61.25,0,0.0,1.177237972985213e-05,0.4280290348256734,0.5041245559164571,0.06783463687813962,0.0,0.0,0.0,0.0,0.0,0.0,0.0
61.25,1,0.0,1.177237972985213e-05,0.4280290348256734,0.5041245559164571,0.06783463687813962,0.0,0.0,1.177237972985213e-05,0.4280290348256734,0.5041245559164571,0.06783463687813962,0.0
61.333,0,0.0,8.268118548261186e-06,0.4256505452725828,0.5054575789390323,0.06888360766983662,0.0,0.0,0.0,0.0,0.0,0.0,0.0
61.333,1,0.0,8.268118548261186e-06,0.4256505452725828,0.5054575789390323,0.06888360766983662,0.0,0.0,8.268118548261186e-06,0.4256505452725828,0.5054575789390323,0.06888360766983662,0.0
61.417,0,0.0,5.538993480571185e-06,0.42327907821157407,0.5067720457524552,0.06994333704248995,0.0,0.0,0.0,0.0,0.0,0.0,0.0
61.417,1,0.0,5.538993480571185e-06,0.42327907821157407,0.5067720457524552,0.06994333704248995,0.0,0.0,5.538993480571185e-06,0.42327907821157407,0.5067720457524552,0.06994333704248995,0.0
61.5,0,0.0,3.488112512544416e-06,0.42091485047874816,0.5080677815219203,0.07101387988681881,0.0,0.0,0.0,0.0,0.0,0.0,0.0
61.5,1,0.0,3.488112512544416e-06,0.42091485047874816,0.5080677815219203,0.07101387988681881,0.0,0.0,3.488112512544416e-06,0.42091485047874816,0.5080677815219203,0.07101387988681881,0.0
61.583,0,0.0,2.0185836299431706e-06,0.4185580789102058,0.5093446114126219,0.07209529109354236,0.0,0.0,0.0,0.0,0.0,0.0,0.0
61.583,1,0.0,2.0185836299431706e-06,0.4185580789102058,0.5093446114126219,0.07209529109354236,0.0,0.0,2.0185836299431706e-06,0.4185580789102058,0.5093446114126219,0.07209529109354236,0.0
61.667,0,0.0,1.03351481852974e-06,0.4162089803420478,0.5106023605897541,0.07318762555337976,0.0,0.0,0.0,0.0,0.0,0.0,0.0
61.667,1,0.0,1.03351481852974e-06,0.4162089803420478,0.5106023605897541,0.07318762555337976,0.0,0.0,1.03351481852974e-06,0.4162089803420478,0.5106023605897541,0.07318762555337976,0.0
61.75,0,0.0,4.3601406406641625e-07,0.41386777161037475,0.5118408542185109,0.07429093815705012,0.0,0.0,0.0,0.0,0.0,0.0,0.0
61.75,1,0.0,4.3601406406641625e-07,0.41386777161037475,0.5118408542185109,0.07429093815705012,0.0,0.0,4.3601406406641625e-07,0.41386777161037475,0.5118408542185109,0.07429093815705012,0.0
61.833,0,0.0,1.2918935231549054e-07,0.41153466955128776,0.5130599174640872,0.07540528379527268,0.0,0.0,0.0,0.0,0.0,0.0,0.0
61.833,1,0.0,1.2918935231549054e-07,0.41153466955128776,0.5130599174640872,0.07540528379527268,0.0,0.0,1.2918935231549054e-07,0.41153466955128776,0.5130599174640872,0.07540528379527268,0.0
61.917,0,0.0,1.6148669039254562e-08,0.4092098910008875,0.5142593754916769,0.07653071735876658,0.0,0.0,0.0,0.0,0.0,0.0,0.0
61.917,1,0.0,1.6148669039254562e-08,0.4092098910008875,0.5142593754916769,0.07653071735876658,0.0,0.0,1.6148669039254562e-08,0.4092098910008875,0.5142593754916769,0.07653071735876658,0.0
62.0,0,0.0,0.0,0.40689365279527484,0.5154390534664743,0.07766729373825099,2.8698592549372254e-42,0.0,0.0,0.0,0.0,0.0,0.0
62.0,1,0.0,0.0,0.40689365279527484,0.5154390534664743,0.07766729373825099,2.8698592549372254e-42,0.0,0.0,0.40689365279527484,0.5154390534664743,0.07766729373825099,2.8698592549372254e-42
62.083,0,0.0,0.0,0.4045861328669386,0.5165988168919812,0.07881504344750742,6.793572780296531e-09,0.0,0.0,0.0,0.0,0.0,0.0
62.083,1,0.0,0.0,0.4045861328669386,0.5165988168919812,0.07881504344750742,6.793572780296531e-09,0.0,0.0,0.4045861328669386,0.5165988168919812,0.07881504344750742,6.793572780296531e-09
62.167,0,0.0,0.0,0.4022873535339209,0.51773869262493,0.07997389949256696,5.434858224176056e-08,0.0,0.0,0.0,0.0,0.0,0.0
62.167,1,0.0,0.0,0.4022873535339209,0.51773869262493,0.07997389949256696,5.434858224176056e-08,0.0,0.0,0.4022873535339209,0.51773869262493,0.07997389949256696,5.434858224176056e-08
62.25,0,0.0,0.0,0.3999972982106518,0.5188587478603601,0.081143770502523,1.834264650652537e-07,0.0,0.0,0.0,0.0,0.0,0.0
62.25,1,0.0,0.0,0.3999972982106518,0.5188587478603601,0.081143770502523,1.834264650652537e-07,0.0,0.0,0.3999972982106518,0.5188587478603601,0.081143770502523,1.834264650652537e-07
62.333,0,0.0,0.0,0.39771595031156143,0.5199590497933118,0.08232456510646902,4.3478865793163766e-07,0.0,0.0,0.0,0.0,0.0,0.0
62.333,1,0.0,0.0,0.39771595031156143,0.5199590497933118,0.08232456510646902,4.3478865793163766e-07,0.0,0.0,0.39771595031156143,0.5199590497933118,0.08232456510646902,4.3478865793163766e-07
62.417,0,0.0,0.0,0.39544329325107985,0.5210396656188242,0.08351619193349838,8.49196597521774e-07,0.0,0.0,0.0,0.0,0.0,0.0
62.417,1,0.0,0.0,0.39544329325107985,0.5210396656188242,0.08351619193349838,8.49196597521774e-07,0.0,0.0,0.39544329325107985,0.5210396656188242,0.08351619193349838,8.49196597521774e-07
62.5,0,0.0,0.0,0.39317931044363735,0.5221006625319375,0.08471855961270457,1.4674117205165244e-06,0.0,0.0,0.0,0.0,0.0,0.0
62.5,1,0.0,0.0,0.39317931044363735,0.5221006625319375,0.08471855961270457,1.4674117205165244e-06,0.0,0.0,0.39317931044363735,0.5221006625319375,0.08471855961270457,1.4674117205165244e-06
62.583,0,0.0,0.0,0.390923985303664,0.5231421077276914,0.085931576773181,2.3301954635967507e-06,0.0,0.0,0.0,0.0,0.0,0.0
62.583,1,0.0,0.0,0.390923985303664,0.5231421077276914,0.085931576773181,2.3301954635967507e-06,0.0,0.0,0.390923985303664,0.5231421077276914,0.085931576773181,2.3301954635967507e-06
62.667,0,0.0,0.0,0.38867730124558986,0.5241640684011255,0.08715515204402106,3.4783092634433142e-06,0.0,0.0,0.0,0.0,0.0,0.0
62.667,1,0.0,0.0,0.38867730124558986,0.5241640684011255,0.08715515204402106,3.4783092634433142e-06,0.0,0.0,0.38867730124558986,0.5241640684011255,0.08715515204402106,3.4783092634433142e-06
62.75,0,0.0,0.0,0.38643924168384525,0.5251666117472797,0.08838919405431823,4.9525145567370765e-06,0.0,0.0,0.0,0.0,0.0,0.0
62.75,1,0.0,0.0,0.38643924168384525,0.5251666117472797,0.08838919405431823,4.9525145567370765e-06,0.0,0.0,0.38643924168384525,0.5251666117472797,0.08838919405431823,4.9525145567370765e-06
62.833,0,0.0,0.0,0.3842097900328601,0.5261498049611938,0.08963361143316591,6.793572780158899e-06,0.0,0.0,0.0,0.0,0.0,0.0
62.833,1,0.0,0.0,0.3842097900328601,0.5261498049611938,0.08963361143316591,6.793572780158899e-06,0.0,0.0,0.3842097900328601,0.5261498049611938,0.08963361143316591,6.793572780158899e-06
62.917,0,0.0,0.0,0.3819889297070648,0.5271137152379074,0.09088831280965753,9.042245370389645e-06,0.0,0.0,0.0,0.0,0.0,0.0
62.917,1,0.0,0.0,0.3819889297070648,0.5271137152379074,0.09088831280965753,9.042245370389645e-06,0.0,0.0,0.3819889297070648,0.5271137152379074,0.09088831280965753,9.042245370389645e-06
63.0,0,0.0,0.0,0.3797766441208891,0.5280584097724602,0.09215320681288654,1.1739293764110174e-05,0.0,0.0,0.0,0.0,0.0,0.0
63.0,1,0.0,0.0,0.3797766441208891,0.5280584097724602,0.09215320681288654,1.1739293764110174e-05,0.0,0.0,0.3797766441208891,0.5280584097724602,0.09215320681288654,1.1739293764110174e-05
63.083,0,0.0,0.0,0.37757291668876347,0.5289839557598923,0.09342820207194635,1.492547939800135e-05,0.0,0.0,0.0,0.0,0.0,0.0
63.083,1,0.0,0.0,0.37757291668876347,0.5289839557598923,0.09342820207194635,1.492547939800135e-05,0.0,0.0,0.37757291668876347,0.5289839557598923,0.09342820207194635,1.492547939800135e-05
63.167,0,0.0,0.0,0.3753777308251179,0.529890420395243,0.09471320721593038,1.8641563708744034e-05,0.0,0.0,0.0,0.0,0.0,0.0
63.167,1,0.0,0.0,0.3753777308251179,0.529890420395243,0.09471320721593038,1.8641563708744034e-05,0.0,0.0,0.3753777308251179,0.529890420395243,0.09471320721593038,1.8641563708744034e-05
63.25,0,0.0,0.0,0.3731910699443825,0.5307778708735523,0.09600813087393203,2.292830813301908e-05,0.0,0.0,0.0,0.0,0.0,0.0
63.25,1,0.0,0.0,0.3731910699443825,0.5307778708735523,0.09600813087393203,2.292830813301908e-05,0.0,0.0,0.3731910699443825,0.5307778708735523,0.09600813087393203,2.292830813301908e-05
63.333,0,0.0,0.0,0.3710129174609876,0.5316463743898601,0.0973128816750448,2.7826474107507364e-05,0.0,0.0,0.0,0.0,0.0,0.0
63.333,1,0.0,0.0,0.3710129174609876,0.5316463743898601,0.0973128816750448,2.7826474107507364e-05,0.0,0.0,0.3710129174609876,0.5316463743898601,0.0973128816750448,2.7826474107507364e-05
63.417,0,0.0,0.0,0.3688432567893631,0.5324959981392059,0.09862736824836209,3.337682306888974e-05,0.0,0.0,0.0,0.0,0.0,0.0
63.417,1,0.0,0.0,0.3688432567893631,0.5324959981392059,0.09862736824836209,3.337682306888974e-05,0.0,0.0,0.3688432567893631,0.5324959981392059,0.09862736824836209,3.337682306888974e-05
63.5,0,0.0,0.0,0.36668207134393926,0.5333268093166295,0.09995149922297729,3.9620116453847064e-05,0.0,0.0,0.0,0.0,0.0,0.0
63.5,1,0.0,0.0,0.36668207134393926,0.5333268093166295,0.09995149922297729,3.9620116453847064e-05,0.0,0.0,0.36668207134393926,0.5333268093166295,0.09995149922297729,3.9620116453847064e-05
63.583,0,0.0,0.0,0.3645293445391463,0.534138875117171,0.10128518322798391,4.6597115699060204e-05,0.0,0.0,0.0,0.0,0.0,0.0
63.583,1,0.0,0.0,0.3645293445391463,0.534138875117171,0.10128518322798391,4.6597115699060204e-05,0.0,0.0,0.3645293445391463,0.534138875117171,0.10128518322798391,4.6597115699060204e-05
63.667,0,0.0,0.0,0.3623850597894141,0.5349322627358695,0.10262832889247525,5.434858224121002e-05,0.0,0.0,0.0,0.0,0.0,0.0
63.667,1,0.0,0.0,0.3623850597894141,0.5349322627358695,0.10262832889247525,5.434858224121002e-05,0.0,0.0,0.3623850597894141,0.5349322627358695,0.10262832889247525,5.434858224121002e-05
63.75,0,0.0,0.0,0.3602492005091731,0.5357070393677652,0.10398084484554485,6.291527751697738e-05,0.0,0.0,0.0,0.0,0.0,0.0
63.75,1,0.0,0.0,0.3602492005091731,0.5357070393677652,0.10398084484554485,6.291527751697738e-05,0.0,0.0,0.3602492005091731,0.5357070393677652,0.10398084484554485,6.291527751697738e-05
63.833,0,0.0,0.0,0.3581217501128531,0.5364632722078978,0.10534263971628609,7.233796296304314e-05,0.0,0.0,0.0,0.0,0.0,0.0
63.833,1,0.0,0.0,0.3581217501128531,0.5364632722078978,0.10534263971628609,7.233796296304314e-05,0.0,0.0,0.3581217501128531,0.5364632722078978,0.10534263971628609,7.233796296304314e-05
63.917,0,0.0,0.0,0.3560026920148845,0.537201028451307,0.10671362213379242,8.265740001608817e-05,0.0,0.0,0.0,0.0,0.0,0.0
63.917,1,0.0,0.0,0.3560026920148845,0.537201028451307,0.10671362213379242,8.265740001608817e-05,0.0,0.0,0.3560026920148845,0.537201028451307,0.10671362213379242,8.265740001608817e-05
64.0,0,0.0,0.0,0.3538920096296973,0.5379203752930326,0.10809370072715725,9.391435011279331e-05,0.0,0.0,0.0,0.0,0.0,0.0
64.0,1,0.0,0.0,0.3538920096296973,0.5379203752930326,0.10809370072715725,9.391435011279331e-05,0.0,0.0,0.3538920096296973,0.5379203752930326,0.10809370072715725,9.391435011279331e-05
64.083,0,0.0,0.0,0.3517896863717216,0.5386213799281144,0.10948278412547414,0.00010614957468984052,0.0,0.0,0.0,0.0,0.0,0.0
64.083,1,0.0,0.0,0.3517896863717216,0.5386213799281144,0.10948278412547414,0.00010614957468984052,0.0,0.0,0.3517896863717216,0.5386213799281144,0.10948278412547414,0.00010614957468984052
64.167,0,0.0,0.0,0.3496957056553879,0.539304109551592,0.11088078095783616,0.00011940383518390742,0.0,0.0,0.0,0.0,0.0,0.0
64.167,1,0.0,0.0,0.3496957056553879,0.539304109551592,0.11088078095783616,0.00011940383518390742,0.0,0.0,0.3496957056553879,0.539304109551592,0.11088078095783616,0.00011940383518390742
64.25,0,0.0,0.0,0.3476100508951261,0.5399686313585054,0.11228759985333696,0.00013371789303167684,0.0,0.0,0.0,0.0,0.0,0.0
64.25,1,0.0,0.0,0.3476100508951261,0.5399686313585054,0.11228759985333696,0.00013371789303167684,0.0,0.0,0.3476100508951261,0.5399686313585054,0.11228759985333696,0.00013371789303167684
64.333,0,0.0,0.0,0.34553270550536586,0.5406150125438941,0.11370314944107021,0.00014913250966983236,0.0,0.0,0.0,0.0,0.0,0.0
64.333,1,0.0,0.0,0.34553270550536586,0.5406150125438941,0.11370314944107021,0.00014913250966983236,0.0,0.0,0.34553270550536586,0.5406150125438941,0.11370314944107021,0.00014913250966983236
64.417,0,0.0,0.0,0.3434636529005378,0.541243320302798,0.1151273383501291,0.00016568844653505252,0.0,0.0,0.0,0.0,0.0,0.0
64.417,1,0.0,0.0,0.3434636529005378,0.541243320302798,0.1151273383501291,0.00016568844653505252,0.0,0.0,0.3434636529005378,0.541243320302798,0.1151273383501291,0.00016568844653505252
64.5,0,0.0,0.0,0.3414028764950725,0.5418536218302568,0.11656007520960682,0.00018342646506401506,0.0,0.0,0.0,0.0,0.0,0.0
64.5,1,0.0,0.0,0.3414028764950725,0.5418536218302568,0.11656007520960682,0.00018342646506401506,0.0,0.0,0.3414028764950725,0.5418536218302568,0.11656007520960682,0.00018342646506401506
64.583,0,0.0,0.0,0.33935035970339944,0.5424459843213102,0.11800126864859704,0.00020238732669340348,0.0,0.0,0.0,0.0,0.0,0.0
64.583,1,0.0,0.0,0.33935035970339944,0.5424459843213102,0.11800126864859704,0.00020238732669340348,0.0,0.0,0.33935035970339944,0.5424459843213102,0.11800126864859704,0.00020238732669340348
64.667,0,0.0,0.0,0.33730608593994854,0.543020474970998,0.11945082729619345,0.00022261179285990233,0.0,0.0,0.0,0.0,0.0,0.0
64.667,1,0.0,0.0,0.33730608593994854,0.543020474970998,0.11945082729619345,0.00022261179285990233,0.0,0.0,0.33730608593994854,0.543020474970998,0.11945082729619345,0.00022261179285990233
64.75,0,0.0,0.0,0.33527003861915033,0.5435771609743602,0.12090865978148924,0.0002441406250001893,0.0,0.0,0.0,0.0,0.0,0.0
64.75,1,0.0,0.0,0.33527003861915033,0.5435771609743602,0.12090865978148924,0.0002441406250001893,0.0,0.0,0.33527003861915033,0.5435771609743602,0.12090865978148924,0.0002441406250001893
64.833,0,0.0,0.0,0.33324220115543535,0.5441161095264361,0.12237467473357751,0.00026701458455094117,0.0,0.0,0.0,0.0,0.0,0.0
64.833,1,0.0,0.0,0.33324220115543535,0.5441161095264361,0.12237467473357751,0.00026701458455094117,0.0,0.0,0.33324220115543535,0.5441161095264361,0.12237467473357751,0.00026701458455094117
64.917,0,0.0,0.0,0.3312225569632333,0.5446373878222658,0.12384878078155201,0.0002912744329488423,0.0,0.0,0.0,0.0,0.0,0.0
64.917,1,0.0,0.0,0.3312225569632333,0.5446373878222658,0.12384878078155201,0.0002912744329488423,0.0,0.0,0.3312225569632333,0.5446373878222658,0.12384878078155201,0.0002912744329488423
65.0,0,0.0,0.0,0.32921108945697397,0.545141063056889,0.12533088655450642,0.00031696093163057827,0.0,0.0,0.0,0.0,0.0,0.0
65.0,1,0.0,0.0,0.32921108945697397,0.545141063056889,0.12533088655450642,0.00031696093163057827,0.0,0.0,0.32921108945697397,0.545141063056889,0.12533088655450642,0.00031696093163057827
65.083,0,0.0,0.0,0.32720778205108786,0.5456272024253455,0.1268209006815339,0.00034411484203282586,0.0,0.0,0.0,0.0,0.0,0.0
65.083,1,0.0,0.0,0.32720778205108786,0.5456272024253455,0.1268209006815339,0.00034411484203282586,0.0,0.0,0.32720778205108786,0.5456272024253455,0.1268209006815339,0.00034411484203282586
65.167,0,0.0,0.0,0.32521261816000546,0.5460958731226747,0.1283187317917276,0.0003727769255922609,0.0,0.0,0.0,0.0,0.0,0.0
65.167,1,0.0,0.0,0.32521261816000546,0.5460958731226747,0.1283187317917276,0.0003727769255922609,0.0,0.0,0.32521261816000546,0.5460958731226747,0.1283187317917276,0.0003727769255922609
65.25,0,0.0,0.0,0.32322558119815653,0.5465471423439168,0.12982428851418124,0.00040298794374556867,0.0,0.0,0.0,0.0,0.0,0.0
65.25,1,0.0,0.0,0.32322558119815653,0.5465471423439168,0.12982428851418124,0.00040298794374556867,0.0,0.0,0.32322558119815653,0.5465471423439168,0.12982428851418124,0.00040298794374556867
65.333,0,0.0,0.0,0.3212466545799708,0.5469810772841113,0.13133747947798846,0.0004347886579294355,0.0,0.0,0.0,0.0,0.0,0.0
65.333,1,0.0,0.0,0.3212466545799708,0.5469810772841113,0.13133747947798846,0.0004347886579294355,0.0,0.0,0.3212466545799708,0.5469810772841113,0.13133747947798846,0.0004347886579294355
65.417,0,0.0,0.0,0.319275821719879,0.5473977451382981,0.13285821331224246,0.0004682198295805376,0.0,0.0,0.0,0.0,0.0,0.0
65.417,1,0.0,0.0,0.319275821719879,0.5473977451382981,0.13285821331224246,0.0004682198295805376,0.0,0.0,0.319275821719879,0.5473977451382981,0.13285821331224246,0.0004682198295805376
65.5,0,0.0,0.0,0.31731306603231124,0.5477972131015166,0.1343863986460364,0.0005033222201355493,0.0,0.0,0.0,0.0,0.0,0.0
65.5,1,0.0,0.0,0.31731306603231124,0.5477972131015166,0.1343863986460364,0.0005033222201355493,0.0,0.0,0.31731306603231124,0.5477972131015166,0.1343863986460364,0.0005033222201355493
65.583,0,0.0,0.0,0.3153583709316977,0.5481795483688072,0.13592194410846403,0.0005401365910311575,0.0,0.0,0.0,0.0,0.0,0.0
65.583,1,0.0,0.0,0.3153583709316977,0.5481795483688072,0.13592194410846403,0.0005401365910311575,0.0,0.0,0.3153583709316977,0.5481795483688072,0.13592194410846403,0.0005401365910311575
65.667,0,0.0,0.0,0.31341171983246785,0.5485448181352092,0.13746475832861899,0.0005787037037040491,0.0,0.0,0.0,0.0,0.0,0.0
65.667,1,0.0,0.0,0.31341171983246785,0.5485448181352092,0.13746475832861899,0.0005787037037040491,0.0,0.0,0.31341171983246785,0.5485448181352092,0.13746475832861899,0.0005787037037040491
65.75,0,0.0,0.0,0.3114730961490524,0.5488930895957624,0.1390147499355944,0.0006190643195908994,0.0,0.0,0.0,0.0,0.0,0.0
65.75,1,0.0,0.0,0.3114730961490524,0.5488930895957624,0.1390147499355944,0.0006190643195908994,0.0,0.0,0.3114730961490524,0.5488930895957624,0.1390147499355944,0.0006190643195908994
65.833,0,0.0,0.0,0.30954248329588163,0.5492244299455065,0.1405718275584834,0.0006612592001283816,0.0,0.0,0.0,0.0,0.0,0.0
65.833,1,0.0,0.0,0.30954248329588163,0.5492244299455065,0.1405718275584834,0.0006612592001283816,0.0,0.0,0.30954248329588163,0.5492244299455065,0.1405718275584834,0.0006612592001283816
65.917,0,0.0,0.0,0.3076198646873855,0.5495389063794816,0.14213589982637984,0.0007053291067531837,0.0,0.0,0.0,0.0,0.0,0.0
65.917,1,0.0,0.0,0.3076198646873855,0.5495389063794816,0.14213589982637984,0.0007053291067531837,0.0,0.0,0.3076198646873855,0.5495389063794816,0.14213589982637984,0.0007053291067531837
66.0,0,0.0,0.0,0.3057052237379937,0.549836586092727,0.14370687536837728,0.0007513148009019941,0.0,0.0,0.0,0.0,0.0,0.0
66.0,1,0.0,0.0,0.3057052237379937,0.549836586092727,0.14370687536837728,0.0007513148009019941,0.0,0.0,0.3057052237379937,0.549836586092727,0.14370687536837728,0.0007513148009019941
66.083,0,0.0,0.0,0.3037985438621367,0.5501175362802828,0.14528466281356894,0.0007992570440114868,0.0,0.0,0.0,0.0,0.0,0.0
66.083,1,0.0,0.0,0.3037985438621367,0.5501175362802828,0.14528466281356894,0.0007992570440114868,0.0,0.0,0.3037985438621367,0.5501175362802828,0.14528466281356894,0.0007992570440114868
66.167,0,0.0,0.0,0.30189980847424513,0.5503818241371886,0.14686917079104797,0.0008491965975183333,0.0,0.0,0.0,0.0,0.0,0.0
66.167,1,0.0,0.0,0.30189980847424513,0.5503818241371886,0.14686917079104797,0.0008491965975183333,0.0,0.0,0.30189980847424513,0.5503818241371886,0.14686917079104797,0.0008491965975183333
66.25,0,0.0,0.0,0.3000090009887486,0.5506295168584843,0.14846030792990805,0.0009011742228592229,0.0,0.0,0.0,0.0,0.0,0.0
66.25,1,0.0,0.0,0.3000090009887486,0.5506295168584843,0.14846030792990805,0.0009011742228592229,0.0,0.0,0.3000090009887486,0.5506295168584843,0.14846030792990805,0.0009011742228592229
66.333,0,0.0,0.0,0.298126104820077,0.5508606816392093,0.15005798285924288,0.0009552306814708457,0.0,0.0,0.0,0.0,0.0,0.0
66.333,1,0.0,0.0,0.298126104820077,0.5508606816392093,0.15005798285924288,0.0009552306814708457,0.0,0.0,0.298126104820077,0.5508606816392093,0.15005798285924288,0.0009552306814708457
66.417,0,0.0,0.0,0.29625110338266086,0.5510753856744037,0.1516621042081456,0.0010114067347898744,0.0,0.0,0.0,0.0,0.0,0.0
66.417,1,0.0,0.0,0.29625110338266086,0.5510753856744037,0.1516621042081456,0.0010114067347898744,0.0,0.0,0.29625110338266086,0.5510753856744037,0.1516621042081456,0.0010114067347898744
66.5,0,0.0,0.0,0.2943839800909305,0.5512736961591072,0.1532725806057094,0.001069743144252979,0.0,0.0,0.0,0.0,0.0,0.0
66.5,1,0.0,0.0,0.2943839800909305,0.5512736961591072,0.1532725806057094,0.001069743144252979,0.0,0.0,0.2943839800909305,0.5512736961591072,0.1532725806057094,0.001069743144252979
66.583,0,0.0,0.0,0.29252471835931576,0.5514556802883595,0.15488932068102798,0.0011302806712968501,0.0,0.0,0.0,0.0,0.0,0.0
66.583,1,0.0,0.0,0.29252471835931576,0.5514556802883595,0.15488932068102798,0.0011302806712968501,0.0,0.0,0.29252471835931576,0.5514556802883595,0.15488932068102798,0.0011302806712968501
66.667,0,0.0,0.0,0.2906733016022465,0.5516214052572002,0.156512233063195,0.0011930600773581795,0.0,0.0,0.0,0.0,0.0,0.0
66.667,1,0.0,0.0,0.2906733016022465,0.5516214052572002,0.156512233063195,0.0011930600773581795,0.0,0.0,0.2906733016022465,0.5516214052572002,0.156512233063195,0.0011930600773581795
66.75,0,0.0,0.0,0.28882971323415335,0.5517709382606695,0.1581412263813037,0.0012581221238736377,0.0,0.0,0.0,0.0,0.0,0.0
66.75,1,0.0,0.0,0.28882971323415335,0.5517709382606695,0.1581412263813037,0.0012581221238736377,0.0,0.0,0.28882971323415335,0.5517709382606695,0.1581412263813037,0.0012581221238736377
66.833,0,0.0,0.0,0.2869939366694664,0.5519043464938066,0.1597762092644471,0.001325507572279894,0.0,0.0,0.0,0.0,0.0,0.0
66.833,1,0.0,0.0,0.2869939366694664,0.5519043464938066,0.1597762092644471,0.001325507572279894,0.0,0.0,0.2869939366694664,0.5519043464938066,0.1597762092644471,0.001325507572279894
66.917,0,0.0,0.0,0.2851659553226157,0.5520216971516517,0.16141709034171906,0.0013952571840136403,0.0,0.0,0.0,0.0,0.0,0.0
66.917,1,0.0,0.0,0.2851659553226157,0.5520216971516517,0.16141709034171906,0.0013952571840136403,0.0,0.0,0.2851659553226157,0.5520216971516517,0.16141709034171906,0.0013952571840136403
67.0,0,0.0,0.0,0.28334575260803097,0.5521230574292444,0.16306377824221316,0.0014674117205115697,0.0,0.0,0.0,0.0,0.0,0.0
67.0,1,0.0,0.0,0.28334575260803097,0.5521230574292444,0.16306377824221316,0.0014674117205115697,0.0,0.0,0.28334575260803097,0.5521230574292444,0.16306377824221316,0.0014674117205115697
67.083,0,0.0,0.0,0.28153331194014275,0.5522084945216243,0.16471618159502263,0.0015420119432103514,0.0,0.0,0.0,0.0,0.0,0.0
67.083,1,0.0,0.0,0.28153331194014275,0.5522084945216243,0.16471618159502263,0.0015420119432103514,0.0,0.0,0.28153331194014275,0.5522084945216243,0.16471618159502263,0.0015420119432103514
67.167,0,0.0,0.0,0.2797286167333815,0.5522780756238314,0.16637420902924052,0.0016190986135466532,0.0,0.0,0.0,0.0,0.0,0.0
67.167,1,0.0,0.0,0.2797286167333815,0.5522780756238314,0.16637420902924052,0.0016190986135466532,0.0,0.0,0.2797286167333815,0.5522780756238314,0.16637420902924052,0.0016190986135466532
67.25,0,0.0,0.0,0.27793165040217693,0.5523318679309053,0.16803776917396068,0.0016987124929571686,0.0,0.0,0.0,0.0,0.0,0.0
67.25,1,0.0,0.0,0.27793165040217693,0.5523318679309053,0.16803776917396068,0.0016987124929571686,0.0,0.0,0.27793165040217693,0.5523318679309053,0.16803776917396068,0.0016987124929571686
67.333,0,0.0,0.0,0.27614239636095894,0.5523699386378857,0.16970677065827666,0.0017808943428785922,0.0,0.0,0.0,0.0,0.0,0.0
67.333,1,0.0,0.0,0.27614239636095894,0.5523699386378857,0.16970677065827666,0.0017808943428785922,0.0,0.0,0.27614239636095894,0.5523699386378857,0.16970677065827666,0.0017808943428785922
67.417,0,0.0,0.0,0.27436083802415806,0.5523923549398126,0.17138112211128173,0.0018656849247475917,0.0,0.0,0.0,0.0,0.0,0.0
67.417,1,0.0,0.0,0.27436083802415806,0.5523923549398126,0.17138112211128173,0.0018656849247475917,0.0,0.0,0.27436083802415806,0.5523923549398126,0.17138112211128173,0.0018656849247475917
67.5,0,0.0,0.0,0.2725869588062045,0.5523991840317257,0.173060732162069,0.0019531250000008327,0.0,0.0,0.0,0.0,0.0,0.0
67.5,1,0.0,0.0,0.2725869588062045,0.5523991840317257,0.173060732162069,0.0019531250000008327,0.0,0.0,0.2725869588062045,0.5523991840317257,0.173060732162069,0.0019531250000008327
67.583,0,0.0,0.0,0.2708207421215283,0.5523904931086645,0.17474550943973216,0.00204325533007501,0.0,0.0,0.0,0.0,0.0,0.0
67.583,1,0.0,0.0,0.2708207421215283,0.5523904931086645,0.17474550943973216,0.00204325533007501,0.0,0.0,0.2708207421215283,0.5523904931086645,0.17474550943973216,0.00204325533007501
67.667,0,0.0,0.0,0.2690621713845592,0.552366349365669,0.1764353625733649,0.002136116676406822,0.0,0.0,0.0,0.0,0.0,0.0
67.667,1,0.0,0.0,0.2690621713845592,0.552366349365669,0.1764353625733649,0.002136116676406822,0.0,0.0,0.2690621713845592,0.552366349365669,0.1764353625733649,0.002136116676406822
67.75,0,0.0,0.0,0.2673112300097277,0.5523268199977789,0.17813020019206044,0.002231749800432933,0.0,0.0,0.0,0.0,0.0,0.0
67.75,1,0.0,0.0,0.2673112300097277,0.5523268199977789,0.17813020019206044,0.002231749800432933,0.0,0.0,0.2673112300097277,0.5523268199977789,0.17813020019206044,0.002231749800432933
67.833,0,0.0,0.0,0.26556790141146414,0.552271972200034,0.1798299309249119,0.002330195463590007,0.0,0.0,0.0,0.0,0.0,0.0
67.833,1,0.0,0.0,0.26556790141146414,0.552271972200034,0.1798299309249119,0.002330195463590007,0.0,0.0,0.26556790141146414,0.552271972200034,0.1798299309249119,0.002330195463590007
67.917,0,0.0,0.0,0.2638321690041984,0.5522018731674739,0.18153446340101295,0.0024314944273147406,0.0,0.0,0.0,0.0,0.0,0.0
67.917,1,0.0,0.0,0.2638321690041984,0.5522018731674739,0.18153446340101295,0.0024314944273147406,0.0,0.0,0.2638321690041984,0.5522018731674739,0.18153446340101295,0.0024314944273147406
68.0,0,0.0,0.0,0.2621040162023604,0.5521165900951385,0.1832437062494573,0.0025356874530438342,0.0,0.0,0.0,0.0,0.0,0.0
68.0,1,0.0,0.0,0.2621040162023604,0.5521165900951385,0.1832437062494573,0.0025356874530438342,0.0,0.0,0.2621040162023604,0.5521165900951385,0.1832437062494573,0.0025356874530438342
68.083,0,0.0,0.0,0.2603834264203805,0.5520161901780675,0.18495756809933817,0.0026428153022139502,0.0,0.0,0.0,0.0,0.0,0.0
68.083,1,0.0,0.0,0.2603834264203805,0.5520161901780675,0.18495756809933817,0.0026428153022139502,0.0,0.0,0.2603834264203805,0.5520161901780675,0.18495756809933817,0.0026428153022139502
68.167,0,0.0,0.0,0.258670383072689,0.5519007406113006,0.18667595757974859,0.0027529187362617504,0.0,0.0,0.0,0.0,0.0,0.0
68.167,1,0.0,0.0,0.258670383072689,0.5519007406113006,0.18667595757974859,0.0027529187362617504,0.0,0.0,0.258670383072689,0.5519007406113006,0.18667595757974859,0.0027529187362617504
68.25,0,0.0,0.0,0.256964869573716,0.5517703085898776,0.18839878331978235,0.002866038516623934,0.0,0.0,0.0,0.0,0.0,0.0
68.25,1,0.0,0.0,0.256964869573716,0.5517703085898776,0.18839878331978235,0.002866038516623934,0.0,0.0,0.256964869573716,0.5517703085898776,0.18839878331978235,0.002866038516623934
68.333,0,0.0,0.0,0.2552668693378912,0.5516249613088384,0.19012595394853318,0.0029822154047372037,0.0,0.0,0.0,0.0,0.0,0.0
68.333,1,0.0,0.0,0.2552668693378912,0.5516249613088384,0.19012595394853318,0.0029822154047372037,0.0,0.0,0.2552668693378912,0.5516249613088384,0.19012595394853318,0.0029822154047372037
68.417,0,0.0,0.0,0.2535763657796451,0.5514647659632226,0.1918573780950942,0.003101490162038218,0.0,0.0,0.0,0.0,0.0,0.0
68.417,1,0.0,0.0,0.2535763657796451,0.5514647659632226,0.1918573780950942,0.003101490162038218,0.0,0.0,0.2535763657796451,0.5514647659632226,0.1918573780950942,0.003101490162038218
68.5,0,0.0,0.0,0.25189334231340793,0.5512897897480699,0.1935929643885585,0.0032239035499636395,0.0,0.0,0.0,0.0,0.0,0.0
68.5,1,0.0,0.0,0.25189334231340793,0.5512897897480699,0.1935929643885585,0.0032239035499636395,0.0,0.0,0.25189334231340793,0.5512897897480699,0.1935929643885585,0.0032239035499636395
68.583,0,0.0,0.0,0.2502177823536098,0.5511000998584203,0.19533262145801988,0.003349496329950168,0.0,0.0,0.0,0.0,0.0,0.0
68.583,1,0.0,0.0,0.2502177823536098,0.5511000998584203,0.19533262145801988,0.003349496329950168,0.0,0.0,0.2502177823536098,0.5511000998584203,0.19533262145801988,0.003349496329950168
68.667,0,0.0,0.0,0.24854966931468037,0.5508957634893131,0.19707625793257194,0.003478309263434506,0.0,0.0,0.0,0.0,0.0,0.0
68.667,1,0.0,0.0,0.24854966931468037,0.5508957634893131,0.19707625793257194,0.003478309263434506,0.0,0.0,0.24854966931468037,0.5508957634893131,0.19707625793257194,0.003478309263434506
68.75,0,0.0,0.0,0.24688898661105013,0.5506768478357886,0.19882378244130797,0.0036103831118533135,0.0,0.0,0.0,0.0,0.0,0.0
68.75,1,0.0,0.0,0.24688898661105013,0.5506768478357886,0.19882378244130797,0.0036103831118533135,0.0,0.0,0.24688898661105013,0.5506768478357886,0.19882378244130797,0.0036103831118533135
68.833,0,0.0,0.0,0.2452357176571495,0.5504434200928863,0.200575103613321,0.0037457586366432486,0.0,0.0,0.0,0.0,0.0,0.0
68.833,1,0.0,0.0,0.2452357176571495,0.5504434200928863,0.200575103613321,0.0037457586366432486,0.0,0.0,0.2452357176571495,0.5504434200928863,0.200575103613321,0.0037457586366432486
68.917,0,0.0,0.0,0.24358984586740837,0.5501955474556459,0.20233013007770476,0.0038844765992410144,0.0,0.0,0.0,0.0,0.0,0.0
68.917,1,0.0,0.0,0.24358984586740837,0.5501955474556459,0.20233013007770476,0.0038844765992410144,0.0,0.0,0.24358984586740837,0.5501955474556459,0.20233013007770476,0.0038844765992410144
69.0,0,0.0,0.0,0.24195135465625653,0.5499332971191072,0.20408877046355303,0.004026577761083316,0.0,0.0,0.0,0.0,0.0,0.0
69.0,1,0.0,0.0,0.24195135465625653,0.5499332971191072,0.20408877046355303,0.004026577761083316,0.0,0.0,0.24195135465625653,0.5499332971191072,0.20408877046355303,0.004026577761083316
69.083,0,0.0,0.0,0.24032022743812442,0.54965673627831,0.20585093339995886,0.0041721028836068106,0.0,0.0,0.0,0.0,0.0,0.0
69.083,1,0.0,0.0,0.24032022743812442,0.54965673627831,0.20585093339995886,0.0041721028836068106,0.0,0.0,0.24032022743812442,0.54965673627831,0.20585093339995886,0.0041721028836068106
69.167,0,0.0,0.0,0.23869644762744244,0.549365932128294,0.20761652751601542,0.004321092728248153,0.0,0.0,0.0,0.0,0.0,0.0
69.167,1,0.0,0.0,0.23869644762744244,0.549365932128294,0.20761652751601542,0.004321092728248153,0.0,0.0,0.23869644762744244,0.549365932128294,0.20761652751601542,0.004321092728248153
69.25,0,0.0,0.0,0.23707999863864046,0.549060951864099,0.20938546144081646,0.00447358805644405,0.0,0.0,0.0,0.0,0.0,0.0
69.25,1,0.0,0.0,0.23707999863864046,0.549060951864099,0.20938546144081646,0.00447358805644405,0.0,0.0,0.23707999863864046,0.549060951864099,0.20938546144081646,0.00447358805644405
69.333,0,0.0,0.0,0.23547086388614838,0.5487418626807647,0.2111576438034557,0.004629629629631209,0.0,0.0,0.0,0.0,0.0,0.0
69.333,1,0.0,0.0,0.23547086388614838,0.5487418626807647,0.2111576438034557,0.004629629629631209,0.0,0.0,0.23547086388614838,0.5487418626807647,0.2111576438034557,0.004629629629631209
69.417,0,0.0,0.0,0.23386902678439656,0.5484087317733309,0.21293298323302626,0.004789258209246284,0.0,0.0,0.0,0.0,0.0,0.0
69.417,1,0.0,0.0,0.23386902678439656,0.5484087317733309,0.21293298323302626,0.004789258209246284,0.0,0.0,0.23386902678439656,0.5484087317733309,0.21293298323302626,0.004789258209246284
69.5,0,0.0,0.0,0.2322744707478154,0.5480616263368374,0.2147113883586212,0.004952514556725928,0.0,0.0,0.0,0.0,0.0,0.0
69.5,1,0.0,0.0,0.2322744707478154,0.5480616263368374,0.2147113883586212,0.004952514556725928,0.0,0.0,0.2322744707478154,0.5480616263368374,0.2147113883586212,0.004952514556725928
69.583,0,0.0,0.0,0.23068717919083484,0.547700613566324,0.21649276780933435,0.00511943943350685,0.0,0.0,0.0,0.0,0.0,0.0
69.583,1,0.0,0.0,0.23068717919083484,0.547700613566324,0.21649276780933435,0.00511943943350685,0.0,0.0,0.23068717919083484,0.547700613566324,0.21649276780933435,0.00511943943350685
69.667,0,0.0,0.0,0.22910713552788461,0.5473257606568303,0.21827703021425943,0.00529007360102576,0.0,0.0,0.0,0.0,0.0,0.0
69.667,1,0.0,0.0,0.22910713552788461,0.5473257606568303,0.21827703021425943,0.00529007360102576,0.0,0.0,0.22910713552788461,0.5473257606568303,0.21827703021425943,0.00529007360102576
69.75,0,0.0,0.0,0.22753432317339525,0.546937134803396,0.22006408420248952,0.005464457820719308,0.0,0.0,0.0,0.0,0.0,0.0
69.75,1,0.0,0.0,0.22753432317339525,0.546937134803396,0.22006408420248952,0.005464457820719308,0.0,0.0,0.22753432317339525,0.546937134803396,0.22006408420248952,0.005464457820719308
69.833,0,0.0,0.0,0.2259687255417971,0.5465348032010611,0.22185383840311773,0.005642632854024149,0.0,0.0,0.0,0.0,0.0,0.0
69.833,1,0.0,0.0,0.2259687255417971,0.5465348032010611,0.22185383840311773,0.005642632854024149,0.0,0.0,0.2259687255417971,0.5465348032010611,0.22185383840311773,0.005642632854024149
69.917,0,0.0,0.0,0.22441032604752004,0.5461188330448652,0.22364620144523784,0.0058246394623769895,0.0,0.0,0.0,0.0,0.0,0.0
69.917,1,0.0,0.0,0.22441032604752004,0.5461188330448652,0.22364620144523784,0.0058246394623769895,0.0,0.0,0.22441032604752004,0.5461188330448652,0.22364620144523784,0.0058246394623769895
70.0,0,0.0,0.0,0.2228591081049939,0.545689291529848,0.22544108195794357,0.006010518407214545,0.0,0.0,0.0,0.0,0.0,0.0
70.0,1,0.0,0.0,0.2228591081049939,0.545689291529848,0.22544108195794357,0.006010518407214545,0.0,0.0,0.2228591081049939,0.545689291529848,0.22544108195794357,0.006010518407214545
70.083,0,0.0,0.0,0.22131505512864916,0.5452462458510494,0.227238388570328,0.006200310449973462,0.0,0.0,0.0,0.0,0.0,0.0
70.083,1,0.0,0.0,0.22131505512864916,0.5452462458510494,0.227238388570328,0.006200310449973462,0.0,0.0,0.22131505512864916,0.5452462458510494,0.227238388570328,0.006200310449973462
70.167,0,0.0,0.0,0.21977815053291616,0.544789763203509,0.2290380299114843,0.00639405635209039,0.0,0.0,0.0,0.0,0.0,0.0
70.167,1,0.0,0.0,0.21977815053291616,0.544789763203509,0.2290380299114843,0.00639405635209039,0.0,0.0,0.21977815053291616,0.544789763203509,0.2290380299114843,0.00639405635209039
70.25,0,0.0,0.0,0.21824837773222483,0.5443199107822669,0.2308399146105062,0.006591796875002043,0.0,0.0,0.0,0.0,0.0,0.0
70.25,1,0.0,0.0,0.21824837773222483,0.5443199107822669,0.2308399146105062,0.006591796875002043,0.0,0.0,0.21824837773222483,0.5443199107822669,0.2308399146105062,0.006591796875002043
70.333,0,0.0,0.0,0.21672572014100497,0.5438367557823625,0.23264395129648746,0.006793572780145136,0.0,0.0,0.0,0.0,0.0,0.0
70.333,1,0.0,0.0,0.21672572014100497,0.5438367557823625,0.23264395129648746,0.006793572780145136,0.0,0.0,0.21672572014100497,0.5438367557823625,0.23264395129648746,0.006793572780145136
70.417,0,0.0,0.0,0.21521016117368705,0.5433403653988356,0.23445004859852114,0.006999424828956317,0.0,0.0,0.0,0.0,0.0,0.0
70.417,1,0.0,0.0,0.21521016117368705,0.5433403653988356,0.23445004859852114,0.006999424828956317,0.0,0.0,0.21521016117368705,0.5433403653988356,0.23445004859852114,0.006999424828956317
70.5,0,0.0,0.0,0.21370168424470137,0.542830806826726,0.2362581151457004,0.007209393782872228,0.0,0.0,0.0,0.0,0.0,0.0
70.5,1,0.0,0.0,0.21370168424470137,0.542830806826726,0.2362581151457004,0.007209393782872228,0.0,0.0,0.21370168424470137,0.542830806826726,0.2362581151457004,0.007209393782872228
70.583,0,0.0,0.0,0.21220027276847794,0.5423081472610736,0.238068059567119,0.007423520403329589,0.0,0.0,0.0,0.0,0.0,0.0
70.583,1,0.0,0.0,0.21220027276847794,0.5423081472610736,0.238068059567119,0.007423520403329589,0.0,0.0,0.21220027276847794,0.5423081472610736,0.238068059567119,0.007423520403329589
70.667,0,0.0,0.0,0.21070591015944648,0.5417724538969179,0.23987979049187053,0.007641845451765114,0.0,0.0,0.0,0.0,0.0,0.0
70.667,1,0.0,0.0,0.21070591015944648,0.5417724538969179,0.23987979049187053,0.007641845451765114,0.0,0.0,0.21070591015944648,0.5417724538969179,0.23987979049187053,0.007641845451765114
70.75,0,0.0,0.0,0.20921857983203754,0.5412237939292988,0.2416932165490483,0.007864409689615449,0.0,0.0,0.0,0.0,0.0,0.0
70.75,1,0.0,0.0,0.20921857983203754,0.5412237939292988,0.2416932165490483,0.007864409689615449,0.0,0.0,0.20921857983203754,0.5412237939292988,0.2416932165490483,0.007864409689615449
70.833,0,0.0,0.0,0.20773826520068137,0.5406622345532561,0.24350824636774537,0.008091253878317238,0.0,0.0,0.0,0.0,0.0,0.0
70.833,1,0.0,0.0,0.20773826520068137,0.5406622345532561,0.24350824636774537,0.008091253878317238,0.0,0.0,0.20773826520068137,0.5406622345532561,0.24350824636774537,0.008091253878317238
70.917,0,0.0,0.0,0.20626494967980794,0.5400878429638295,0.24532478857705542,0.008322418779307197,0.0,0.0,0.0,0.0,0.0,0.0
70.917,1,0.0,0.0,0.20626494967980794,0.5400878429638295,0.24532478857705542,0.008322418779307197,0.0,0.0,0.20626494967980794,0.5400878429638295,0.24532478857705542,0.008322418779307197
71.0,0,0.0,0.0,0.2047986166838471,0.5395006863560586,0.24714275180607218,0.008557945154022048,0.0,0.0,0.0,0.0,0.0,0.0
71.0,1,0.0,0.0,0.2047986166838471,0.5395006863560586,0.24714275180607218,0.008557945154022048,0.0,0.0,0.2047986166838471,0.5395006863560586,0.24714275180607218,0.008557945154022048
71.083,0,0.0,0.0,0.2033392496272293,0.5389008319249835,0.24896204468388888,0.008797873763898434,0.0,0.0,0.0,0.0,0.0,0.0
71.083,1,0.0,0.0,0.2033392496272293,0.5389008319249835,0.24896204468388888,0.008797873763898434,0.0,0.0,0.2033392496272293,0.5389008319249835,0.24896204468388888,0.008797873763898434
71.167,0,0.0,0.0,0.2018868319243848,0.5382883468656436,0.2507825758395985,0.009042245370372992,0.0,0.0,0.0,0.0,0.0,0.0
71.167,1,0.0,0.0,0.2018868319243848,0.5382883468656436,0.2507825758395985,0.009042245370372992,0.0,0.0,0.2018868319243848,0.5382883468656436,0.2507825758395985,0.009042245370372992
71.25,0,0.0,0.0,0.20044134698974364,0.5376632983730791,0.25260425390229496,0.009291100734882445,0.0,0.0,0.0,0.0,0.0,0.0
71.25,1,0.0,0.0,0.20044134698974364,0.5376632983730791,0.25260425390229496,0.009291100734882445,0.0,0.0,0.20044134698974364,0.5376632983730791,0.25260425390229496,0.009291100734882445
71.333,0,0.0,0.0,0.19900277823773557,0.5370257536423291,0.25442698750107173,0.009544480618863515,0.0,0.0,0.0,0.0,0.0,0.0
71.333,1,0.0,0.0,0.19900277823773557,0.5370257536423291,0.25442698750107173,0.009544480618863515,0.0,0.0,0.19900277823773557,0.5370257536423291,0.25442698750107173,0.009544480618863515
71.417,0,0.0,0.0,0.1975711090827911,0.5363757798684339,0.2562506852650222,0.009802425783752846,0.0,0.0,0.0,0.0,0.0,0.0
71.417,1,0.0,0.0,0.1975711090827911,0.5363757798684339,0.2562506852650222,0.009802425783752846,0.0,0.0,0.1975711090827911,0.5363757798684339,0.2562506852650222,0.009802425783752846
71.5,0,0.0,0.0,0.19614632293934042,0.5357134442464332,0.25807525582323937,0.010064976990987068,0.0,0.0,0.0,0.0,0.0,0.0
71.5,1,0.0,0.0,0.19614632293934042,0.5357134442464332,0.25807525582323937,0.010064976990987068,0.0,0.0,0.19614632293934042,0.5357134442464332,0.25807525582323937,0.010064976990987068
71.583,0,0.0,0.0,0.19472840322181365,0.5350388139713665,0.25990060780481694,0.010332175002002909,0.0,0.0,0.0,0.0,0.0,0.0
71.583,1,0.0,0.0,0.19472840322181365,0.5350388139713665,0.25990060780481694,0.010332175002002909,0.0,0.0,0.19472840322181365,0.5350388139713665,0.25990060780481694,0.010332175002002909
71.667,0,0.0,0.0,0.19331733334464055,0.5343519562382737,0.26172664983884864,0.010604060578237094,0.0,0.0,0.0,0.0,0.0,0.0
71.667,1,0.0,0.0,0.19331733334464055,0.5343519562382737,0.26172664983884864,0.010604060578237094,0.0,0.0,0.19331733334464055,0.5343519562382737,0.26172664983884864,0.010604060578237094
71.75,0,0.0,0.0,0.1919130967222515,0.5336529382421945,0.26355329055442767,0.01088067448112626,0.0,0.0,0.0,0.0,0.0,0.0
71.75,1,0.0,0.0,0.1919130967222515,0.5336529382421945,0.26355329055442767,0.01088067448112626,0.0,0.0,0.1919130967222515,0.5336529382421945,0.26355329055442767,0.01088067448112626
71.833,0,0.0,0.0,0.19051567676907694,0.532941827178169,0.2653804385806472,0.01116205747210704,0.0,0.0,0.0,0.0,0.0,0.0
71.833,1,0.0,0.0,0.19051567676907694,0.532941827178169,0.2653804385806472,0.01116205747210704,0.0,0.0,0.19051567676907694,0.532941827178169,0.2653804385806472,0.01116205747210704
71.917,0,0.0,0.0,0.1891250568995467,0.5322186902412365,0.26720800254660076,0.011448250312616162,0.0,0.0,0.0,0.0,0.0,0.0
71.917,1,0.0,0.0,0.1891250568995467,0.5322186902412365,0.26720800254660076,0.011448250312616162,0.0,0.0,0.1891250568995467,0.5322186902412365,0.26720800254660076,0.011448250312616162
72.0,0,0.0,0.0,0.1877412205280907,0.5314835946264367,0.2690358910813822,0.011739293764090355,0.0,0.0,0.0,0.0,0.0,0.0
72.0,1,0.0,0.0,0.1877412205280907,0.5314835946264367,0.2690358910813822,0.011739293764090355,0.0,0.0,0.1877412205280907,0.5314835946264367,0.2690358910813822,0.011739293764090355
72.083,0,0.0,0.0,0.18636415106913934,0.5307366075288098,0.27086401281408473,0.012035228587966254,0.0,0.0,0.0,0.0,0.0,0.0
72.083,1,0.0,0.0,0.18636415106913934,0.5307366075288098,0.27086401281408473,0.012035228587966254,0.0,0.0,0.18636415106913934,0.5307366075288098,0.27086401281408473,0.012035228587966254
72.167,0,0.0,0.0,0.18499383193712296,0.5299777961433952,0.27269227637380133,0.012336095545680483,0.0,0.0,0.0,0.0,0.0,0.0
72.167,1,0.0,0.0,0.18499383193712296,0.5299777961433952,0.27269227637380133,0.012336095545680483,0.0,0.0,0.18499383193712296,0.5299777961433952,0.27269227637380133,0.012336095545680483
72.25,0,0.0,0.0,0.18363024654647148,0.529207227665233,0.27452059038962584,0.012641935398669781,0.0,0.0,0.0,0.0,0.0,0.0
72.25,1,0.0,0.0,0.18363024654647148,0.529207227665233,0.27452059038962584,0.012641935398669781,0.0,0.0,0.18363024654647148,0.529207227665233,0.27452059038962584,0.012641935398669781
72.333,0,0.0,0.0,0.18227337831161478,0.5284249692893624,0.2763488634906519,0.012952788908370877,0.0,0.0,0.0,0.0,0.0,0.0
72.333,1,0.0,0.0,0.18227337831161478,0.5284249692893624,0.2763488634906519,0.012952788908370877,0.0,0.0,0.18227337831161478,0.5284249692893624,0.2763488634906519,0.012952788908370877
72.417,0,0.0,0.0,0.18092321064698322,0.5276310882108237,0.2781770043059727,0.013268696836220398,0.0,0.0,0.0,0.0,0.0,0.0
72.417,1,0.0,0.0,0.18092321064698322,0.5276310882108237,0.2781770043059727,0.013268696836220398,0.0,0.0,0.18092321064698322,0.5276310882108237,0.2781770043059727,0.013268696836220398
72.5,0,0.0,0.0,0.1795797269670072,0.5268256516246566,0.28000492146468126,0.013589699943654976,0.0,0.0,0.0,0.0,0.0,0.0
72.5,1,0.0,0.0,0.1795797269670072,0.5268256516246566,0.28000492146468126,0.013589699943654976,0.0,0.0,0.1795797269670072,0.5268256516246566,0.28000492146468126,0.013589699943654976
72.583,0,0.0,0.0,0.1782429106861166,0.5260087267259006,0.2818325235958715,0.013915838992111339,0.0,0.0,0.0,0.0,0.0,0.0
72.583,1,0.0,0.0,0.1782429106861166,0.5260087267259006,0.2818325235958715,0.013915838992111339,0.0,0.0,0.1782429106861166,0.5260087267259006,0.2818325235958715,0.013915838992111339
72.667,0,0.0,0.0,0.17691274521874134,0.5251803807095954,0.28365971932863704,0.014247154743026234,0.0,0.0,0.0,0.0,0.0,0.0
72.667,1,0.0,0.0,0.17691274521874134,0.5251803807095954,0.28365971932863704,0.014247154743026234,0.0,0.0,0.17691274521874134,0.5251803807095954,0.28365971932863704,0.014247154743026234
72.75,0,0.0,0.0,0.17558921397931182,0.524340680770781,0.28548641729207097,0.014583687957836275,0.0,0.0,0.0,0.0,0.0,0.0
72.75,1,0.0,0.0,0.17558921397931182,0.524340680770781,0.28548641729207097,0.014583687957836275,0.0,0.0,0.17558921397931182,0.524340680770781,0.28548641729207097,0.014583687957836275
72.833,0,0.0,0.0,0.17427230038225835,0.5234896941044971,0.2873125261152664,0.014925479397978092,0.0,0.0,0.0,0.0,0.0,0.0
72.833,1,0.0,0.0,0.17427230038225835,0.5234896941044971,0.2873125261152664,0.014925479397978092,0.0,0.0,0.17427230038225835,0.5234896941044971,0.2873125261152664,0.014925479397978092
72.917,0,0.0,0.0,0.17296198784201086,0.5226274879057836,0.2891379544273172,0.015272569824888416,0.0,0.0,0.0,0.0,0.0,0.0
72.917,1,0.0,0.0,0.17296198784201086,0.5226274879057836,0.2891379544273172,0.015272569824888416,0.0,0.0,0.17296198784201086,0.5226274879057836,0.2891379544273172,0.015272569824888416
73.0,0,0.0,0.0,0.17165825977299923,0.5217541293696798,0.29096261085731695,0.015625000000003997,0.0,0.0,0.0,0.0,0.0,0.0
73.0,1,0.0,0.0,0.17165825977299923,0.5217541293696798,0.29096261085731695,0.015625000000003997,0.0,0.0,0.17165825977299923,0.5217541293696798,0.29096261085731695,0.015625000000003997
73.083,0,0.0,0.0,0.17036109958965387,0.5208696856912258,0.29278640403435885,0.015982810684761452,0.0,0.0,0.0,0.0,0.0,0.0
73.083,1,0.0,0.0,0.17036109958965387,0.5208696856912258,0.29278640403435885,0.015982810684761452,0.0,0.0,0.17036109958965387,0.5208696856912258,0.29278640403435885,0.015982810684761452
73.167,0,0.0,0.0,0.1690704907064051,0.5199742240654615,0.29460924258753607,0.0163460426405974,0.0,0.0,0.0,0.0,0.0,0.0
73.167,1,0.0,0.0,0.1690704907064051,0.5199742240654615,0.29460924258753607,0.0163460426405974,0.0,0.0,0.1690704907064051,0.5199742240654615,0.29460924258753607,0.0163460426405974
73.25,0,0.0,0.0,0.16778641653768286,0.5190678116874263,0.29643103514594227,0.01671473662894858,0.0,0.0,0.0,0.0,0.0,0.0
73.25,1,0.0,0.0,0.16778641653768286,0.5190678116874263,0.29643103514594227,0.01671473662894858,0.0,0.0,0.16778641653768286,0.5190678116874263,0.29643103514594227,0.01671473662894858
73.333,0,0.0,0.0,0.16650886049791705,0.5181505157521601,0.2982516903386711,0.017088933411251745,0.0,0.0,0.0,0.0,0.0,0.0
73.333,1,0.0,0.0,0.16650886049791705,0.5181505157521601,0.2982516903386711,0.017088933411251745,0.0,0.0,0.16650886049791705,0.5181505157521601,0.2982516903386711,0.017088933411251745
73.417,0,0.0,0.0,0.165237806001538,0.5172224034547026,0.3000711167948159,0.01746867374894351,0.0,0.0,0.0,0.0,0.0,0.0
73.417,1,0.0,0.0,0.165237806001538,0.5172224034547026,0.3000711167948159,0.01746867374894351,0.0,0.0,0.165237806001538,0.5172224034547026,0.3000711167948159,0.01746867374894351
73.5,0,0.0,0.0,0.16397323646297615,0.5162835419900939,0.3018892231434696,0.017853998403460483,0.0,0.0,0.0,0.0,0.0,0.0
73.5,1,0.0,0.0,0.16397323646297615,0.5162835419900939,0.3018892231434696,0.017853998403460483,0.0,0.0,0.16397323646297615,0.5162835419900939,0.3018892231434696,0.017853998403460483
73.583,0,0.0,0.0,0.16271513529666135,0.5153339985533733,0.30370591801372604,0.018244948136239416,0.0,0.0,0.0,0.0,0.0,0.0
73.583,1,0.0,0.0,0.16271513529666135,0.5153339985533733,0.30370591801372604,0.018244948136239416,0.0,0.0,0.16271513529666135,0.5153339985533733,0.30370591801372604,0.018244948136239416
73.667,0,0.0,0.0,0.16146348591702347,0.5143738403395806,0.3055211100346789,0.018641563708717057,0.0,0.0,0.0,0.0,0.0,0.0
73.667,1,0.0,0.0,0.16146348591702347,0.5143738403395806,0.3055211100346789,0.018641563708717057,0.0,0.0,0.16146348591702347,0.5143738403395806,0.3055211100346789,0.018641563708717057
73.75,0,0.0,0.0,0.160218271738493,0.5134031345437556,0.30733470783542133,0.019043885882330018,0.0,0.0,0.0,0.0,0.0,0.0
73.75,1,0.0,0.0,0.160218271738493,0.5134031345437556,0.30733470783542133,0.019043885882330018,0.0,0.0,0.160218271738493,0.5134031345437556,0.30733470783542133,0.019043885882330018
73.833,0,0.0,0.0,0.15897947617550018,0.5124219483609385,0.3091466200450464,0.019451955418514914,0.0,0.0,0.0,0.0,0.0,0.0
73.833,1,0.0,0.0,0.15897947617550018,0.5124219483609385,0.3091466200450464,0.019451955418514914,0.0,0.0,0.15897947617550018,0.5124219483609385,0.3091466200450464,0.019451955418514914
73.917,0,0.0,0.0,0.15774708264247495,0.5114303489861686,0.31095675529264794,0.019865813078708487,0.0,0.0,0.0,0.0,0.0,0.0
73.917,1,0.0,0.0,0.15774708264247495,0.5114303489861686,0.31095675529264794,0.019865813078708487,0.0,0.0,0.15774708264247495,0.5114303489861686,0.31095675529264794,0.019865813078708487
74.0,0,0.0,0.0,0.15652107455384726,0.5104284036144856,0.3127650222073196,0.0202854996243475,0.0,0.0,0.0,0.0,0.0,0.0
74.0,1,0.0,0.0,0.15652107455384726,0.5104284036144856,0.3127650222073196,0.0202854996243475,0.0,0.0,0.15652107455384726,0.5104284036144856,0.3127650222073196,0.0202854996243475
74.083,0,0.0,0.0,0.15530143532404747,0.5094161794409294,0.31457132941815463,0.020711055816868554,0.0,0.0,0.0,0.0,0.0,0.0
74.083,1,0.0,0.0,0.15530143532404747,0.5094161794409294,0.31457132941815463,0.020711055816868554,0.0,0.0,0.15530143532404747,0.5094161794409294,0.31457132941815463,0.020711055816868554
74.167,0,0.0,0.0,0.15408814836750587,0.50839374366054,0.31637558555424594,0.021142522417708264,0.0,0.0,0.0,0.0,0.0,0.0
74.167,1,0.0,0.0,0.15408814836750587,0.50839374366054,0.31637558555424594,0.021142522417708264,0.0,0.0,0.15408814836750587,0.50839374366054,0.31637558555424594,0.021142522417708264
74.25,0,0.0,0.0,0.1528811970986524,0.5073611634683568,0.3181776992446874,0.021579940188303382,0.0,0.0,0.0,0.0,0.0,0.0
74.25,1,0.0,0.0,0.1528811970986524,0.5073611634683568,0.3181776992446874,0.021579940188303382,0.0,0.0,0.1528811970986524,0.5073611634683568,0.3181776992446874,0.021579940188303382
74.333,0,0.0,0.0,0.15168056493191703,0.5063185060594195,0.3199775791185727,0.02202334989009066,0.0,0.0,0.0,0.0,0.0,0.0
74.333,1,0.0,0.0,0.15168056493191703,0.5063185060594195,0.3199775791185727,0.02202334989009066,0.0,0.0,0.15168056493191703,0.5063185060594195,0.3199775791185727,0.02202334989009066
74.417,0,0.0,0.0,0.15048623528173008,0.5052658386287682,0.32177513380499506,0.0224727922845067,0.0,0.0,0.0,0.0,0.0,0.0
74.417,1,0.0,0.0,0.15048623528173008,0.5052658386287682,0.32177513380499506,0.0224727922845067,0.0,0.0,0.15048623528173008,0.5052658386287682,0.32177513380499506,0.0224727922845067
74.5,0,0.0,0.0,0.1492981915625219,0.5042032283714426,0.3235702719330475,0.022928308132988115,0.0,0.0,0.0,0.0,0.0,0.0
74.5,1,0.0,0.0,0.1492981915625219,0.5042032283714426,0.3235702719330475,0.022928308132988115,0.0,0.0,0.1492981915625219,0.5042032283714426,0.3235702719330475,0.022928308132988115
74.583,0,0.0,0.0,0.1481164171887224,0.5031307424824822,0.32536290213182373,0.02338993819697166,0.0,0.0,0.0,0.0,0.0,0.0
74.583,1,0.0,0.0,0.1481164171887224,0.5031307424824822,0.32536290213182373,0.02338993819697166,0.0,0.0,0.1481164171887224,0.5031307424824822,0.32536290213182373,0.02338993819697166
74.667,0,0.0,0.0,0.1469408955747615,0.5020484481569268,0.32715293303041754,0.023857723237894094,0.0,0.0,0.0,0.0,0.0,0.0
74.667,1,0.0,0.0,0.1469408955747615,0.5020484481569268,0.32715293303041754,0.023857723237894094,0.0,0.0,0.1469408955747615,0.5020484481569268,0.32715293303041754,0.023857723237894094
74.75,0,0.0,0.0,0.1457716101350696,0.5009564125898164,0.3289402732579222,0.024331704017192025,0.0,0.0,0.0,0.0,0.0,0.0
74.75,1,0.0,0.0,0.1457716101350696,0.5009564125898164,0.3289402732579222,0.024331704017192025,0.0,0.0,0.1457716101350696,0.5009564125898164,0.3289402732579222,0.024331704017192025
74.833,0,0.0,0.0,0.14460854428407696,0.4998547029761906,0.3307248314434305,0.024811921296302036,0.0,0.0,0.0,0.0,0.0,0.0
74.833,1,0.0,0.0,0.14460854428407696,0.4998547029761906,0.3307248314434305,0.024811921296302036,0.0,0.0,0.14460854428407696,0.4998547029761906,0.3307248314434305,0.024811921296302036
74.917,0,0.0,0.0,0.14345168143621356,0.4987433865110892,0.33250651621603633,0.025298415836660905,0.0,0.0,0.0,0.0,0.0,0.0
74.917,1,0.0,0.0,0.14345168143621356,0.4987433865110892,0.33250651621603633,0.025298415836660905,0.0,0.0,0.14345168143621356,0.4987433865110892,0.33250651621603633,0.025298415836660905
75.0,0,0.0,0.0,0.14230100500590934,0.4976225303895516,0.3342852362048335,0.025791228399705393,0.0,0.0,0.0,0.0,0.0,0.0
75.0,1,0.0,0.0,0.14230100500590934,0.4976225303895516,0.3342852362048335,0.025791228399705393,0.0,0.0,0.14230100500590934,0.4976225303895516,0.3342852362048335,0.025791228399705393
75.083,0,0.0,0.0,0.14115649840759462,0.4964922018066181,0.3360609000389151,0.026290399746872098,0.0,0.0,0.0,0.0,0.0,0.0
75.083,1,0.0,0.0,0.14115649840759462,0.4964922018066181,0.3360609000389151,0.026290399746872098,0.0,0.0,0.14115649840759462,0.4964922018066181,0.3360609000389151,0.026290399746872098
75.167,0,0.0,0.0,0.14001814505569976,0.49535246795732846,0.3378334163473743,0.02679597063959761,0.0,0.0,0.0,0.0,0.0,0.0
75.167,1,0.0,0.0,0.14001814505569976,0.49535246795732846,0.3378334163473743,0.02679597063959761,0.0,0.0,0.14001814505569976,0.49535246795732846,0.3378334163473743,0.02679597063959761
75.25,0,0.0,0.0,0.13888592836465466,0.49420339603672203,0.33960269375930463,0.027307981839318696,0.0,0.0,0.0,0.0,0.0,0.0
75.25,1,0.0,0.0,0.13888592836465466,0.49420339603672203,0.33960269375930463,0.027307981839318696,0.0,0.0,0.13888592836465466,0.49420339603672203,0.33960269375930463,0.027307981839318696
75.333,0,0.0,0.0,0.13775983174888926,0.4930450532398386,0.3413686409038001,0.02782647410747213,0.0,0.0,0.0,0.0,0.0,0.0
75.333,1,0.0,0.0,0.13775983174888926,0.4930450532398386,0.3413686409038001,0.02782647410747213,0.0,0.0,0.13775983174888926,0.4930450532398386,0.3413686409038001,0.02782647410747213
75.417,0,0.0,0.0,0.13663983862283394,0.4918775067617181,0.3431311664099535,0.0283514882054945,0.0,0.0,0.0,0.0,0.0,0.0
75.417,1,0.0,0.0,0.13663983862283394,0.4918775067617181,0.3431311664099535,0.0283514882054945,0.0,0.0,0.13663983862283394,0.4918775067617181,0.3431311664099535,0.0283514882054945
75.5,0,0.0,0.0,0.13552593240091892,0.4907008237974003,0.34489017890685825,0.028883064894822407,0.0,0.0,0.0,0.0,0.0,0.0
75.5,1,0.0,0.0,0.13552593240091892,0.4907008237974003,0.34489017890685825,0.028883064894822407,0.0,0.0,0.13552593240091892,0.4907008237974003,0.34489017890685825,0.028883064894822407
75.583,0,0.0,0.0,0.1344180964975743,0.48951507154192514,0.3466455870236079,0.029421244936892604,0.0,0.0,0.0,0.0,0.0,0.0
75.583,1,0.0,0.0,0.1344180964975743,0.48951507154192514,0.3466455870236079,0.029421244936892604,0.0,0.0,0.1344180964975743,0.48951507154192514,0.3466455870236079,0.029421244936892604
75.667,0,0.0,0.0,0.1333163143272299,0.4883203171903318,0.3483972993892963,0.02996606909314187,0.0,0.0,0.0,0.0,0.0,0.0
75.667,1,0.0,0.0,0.1333163143272299,0.4883203171903318,0.3483972993892963,0.02996606909314187,0.0,0.0,0.1333163143272299,0.4883203171903318,0.3483972993892963,0.02996606909314187
75.75,0,0.0,0.0,0.13222056930431614,0.48711662793766053,0.35014522463301667,0.030517578125006817,0.0,0.0,0.0,0.0,0.0,0.0
75.75,1,0.0,0.0,0.13222056930431614,0.48711662793766053,0.35014522463301667,0.030517578125006817,0.0,0.0,0.13222056930431614,0.48711662793766053,0.35014522463301667,0.030517578125006817
75.833,0,0.0,0.0,0.13113084484326326,0.48590407097895094,0.35188927138386183,0.031075812793923994,0.0,0.0,0.0,0.0,0.0,0.0
75.833,1,0.0,0.0,0.13113084484326326,0.48590407097895094,0.35188927138386183,0.031075812793923994,0.0,0.0,0.13113084484326326,0.48590407097895094,0.35188927138386183,0.031075812793923994
75.917,0,0.0,0.0,0.13004712435850127,0.48468271350924286,0.3536293482709257,0.031640813861330205,0.0,0.0,0.0,0.0,0.0,0.0
75.917,1,0.0,0.0,0.13004712435850127,0.48468271350924286,0.3536293482709257,0.031640813861330205,0.0,0.0,0.13004712435850127,0.48468271350924286,0.3536293482709257,0.031640813861330205
76.0,0,0.0,0.0,0.12896939126446003,0.48345262272357575,0.355365363923302,0.03221262208866221,0.0,0.0,0.0,0.0,0.0,0.0
76.0,1,0.0,0.0,0.12896939126446003,0.48345262272357575,0.355365363923302,0.03221262208866221,0.0,0.0,0.12896939126446003,0.48345262272357575,0.355365363923302,0.03221262208866221
76.083,0,0.0,0.0,0.12789762897556997,0.48221386581698966,0.35709722697008384,0.0327912782373566,0.0,0.0,0.0,0.0,0.0,0.0
76.083,1,0.0,0.0,0.12789762897556997,0.48221386581698966,0.35709722697008384,0.0327912782373566,0.0,0.0,0.12789762897556997,0.48221386581698966,0.35709722697008384,0.0327912782373566
76.167,0,0.0,0.0,0.12683182090626133,0.4809665099845244,0.3588248460403643,0.03337682306884996,0.0,0.0,0.0,0.0,0.0,0.0
76.167,1,0.0,0.0,0.12683182090626133,0.4809665099845244,0.3588248460403643,0.03337682306884996,0.0,0.0,0.12683182090626133,0.4809665099845244,0.3588248460403643,0.03337682306884996
76.25,0,0.0,0.0,0.12577195047096415,0.47971062242121965,0.36054812976323725,0.03396929734457907,0.0,0.0,0.0,0.0,0.0,0.0
76.25,1,0.0,0.0,0.12577195047096415,0.47971062242121965,0.36054812976323725,0.03396929734457907,0.0,0.0,0.12577195047096415,0.47971062242121965,0.36054812976323725,0.03396929734457907
76.333,0,0.0,0.0,0.12471800108410828,0.47844627032211473,0.36226698676779623,0.03456874182598071,0.0,0.0,0.0,0.0,0.0,0.0
76.333,1,0.0,0.0,0.12471800108410828,0.47844627032211473,0.36226698676779623,0.03456874182598071,0.0,0.0,0.12471800108410828,0.47844627032211473,0.36226698676779623,0.03456874182598071
76.417,0,0.0,0.0,0.12366995616012409,0.47717352088224996,0.3639813256831345,0.03517519727449145,0.0,0.0,0.0,0.0,0.0,0.0
76.417,1,0.0,0.0,0.12366995616012409,0.47717352088224996,0.3639813256831345,0.03517519727449145,0.0,0.0,0.12366995616012409,0.47717352088224996,0.3639813256831345,0.03517519727449145
76.5,0,0.0,0.0,0.12262779911344192,0.4758924412966651,0.36569105513834516,0.03578870445154788,0.0,0.0,0.0,0.0,0.0,0.0
76.5,1,0.0,0.0,0.12262779911344192,0.4758924412966651,0.36569105513834516,0.03578870445154788,0.0,0.0,0.12262779911344192,0.4758924412966651,0.36569105513834516,0.03578870445154788
76.583,0,0.0,0.0,0.12159151335849169,0.47460309876039963,0.367396083762522,0.036409304118586776,0.0,0.0,0.0,0.0,0.0,0.0
76.583,1,0.0,0.0,0.12159151335849169,0.47460309876039963,0.367396083762522,0.036409304118586776,0.0,0.0,0.12159151335849169,0.47460309876039963,0.367396083762522,0.036409304118586776
76.667,0,0.0,0.0,0.12056108230970335,0.47330556046849326,0.36909632018475846,0.03703703703704493,0.0,0.0,0.0,0.0,0.0,0.0
76.667,1,0.0,0.0,0.12056108230970335,0.47330556046849326,0.36909632018475846,0.03703703703704493,0.0,0.0,0.12056108230970335,0.47330556046849326,0.36909632018475846,0.03703703703704493
76.75,0,0.0,0.0,0.11953648938150724,0.4719998936159858,0.37079167303414806,0.03767194396835892,0.0,0.0,0.0,0.0,0.0,0.0
76.75,1,0.0,0.0,0.11953648938150724,0.4719998936159858,0.37079167303414806,0.03767194396835892,0.0,0.0,0.11953648938150724,0.4719998936159858,0.37079167303414806,0.03767194396835892
76.833,0,0.0,0.0,0.11851771798833362,0.4706861653979173,0.37248205093978365,0.038314065673965315,0.0,0.0,0.0,0.0,0.0,0.0
76.833,1,0.0,0.0,0.11851771798833362,0.4706861653979173,0.37248205093978365,0.038314065673965315,0.0,0.0,0.11851771798833362,0.4706861653979173,0.37248205093978365,0.038314065673965315
76.917,0,0.0,0.0,0.11750475154461257,0.46936444300932745,0.3741673625307592,0.038963442915300905,0.0,0.0,0.0,0.0,0.0,0.0
76.917,1,0.0,0.0,0.11750475154461257,0.46936444300932745,0.3741673625307592,0.038963442915300905,0.0,0.0,0.11750475154461257,0.46936444300932745,0.3741673625307592,0.038963442915300905
77.0,0,0.0,0.0,0.11649757346477391,0.46803479364525546,0.3758475164361682,0.03962011645380247,0.0,0.0,0.0,0.0,0.0,0.0
77.0,1,0.0,0.0,0.11649757346477391,0.46803479364525546,0.3758475164361682,0.03962011645380247,0.0,0.0,0.11649757346477391,0.46803479364525546,0.3758475164361682,0.03962011645380247
77.083,0,0.0,0.0,0.11549616716324804,0.46669728450074155,0.37752242128510394,0.0402841270509066,0.0,0.0,0.0,0.0,0.0,0.0
77.083,1,0.0,0.0,0.11549616716324804,0.46669728450074155,0.37752242128510394,0.0402841270509066,0.0,0.0,0.11549616716324804,0.46669728450074155,0.37752242128510394,0.0402841270509066
77.167,0,0.0,0.0,0.1145005160544652,0.46535198277082557,0.37919198570665935,0.040955515468049854,0.0,0.0,0.0,0.0,0.0,0.0
77.167,1,0.0,0.0,0.1145005160544652,0.46535198277082557,0.37919198570665935,0.040955515468049854,0.0,0.0,0.1145005160544652,0.46535198277082557,0.37919198570665935,0.040955515468049854
77.25,0,0.0,0.0,0.11351060355285546,0.46399895565054716,0.3808561183299284,0.04163432246666902,0.0,0.0,0.0,0.0,0.0,0.0
77.25,1,0.0,0.0,0.11351060355285546,0.46399895565054716,0.3808561183299284,0.04163432246666902,0.0,0.0,0.11351060355285546,0.46399895565054716,0.3808561183299284,0.04163432246666902
77.333,0,0.0,0.0,0.11252641307284866,0.46263827033494576,0.38251472778400464,0.0423205888082009,0.0,0.0,0.0,0.0,0.0,0.0
77.333,1,0.0,0.0,0.11252641307284866,0.46263827033494576,0.38251472778400464,0.0423205888082009,0.0,0.0,0.11252641307284866,0.46263827033494576,0.38251472778400464,0.0423205888082009
77.417,0,0.0,0.0,0.1115479280288752,0.46126999401906144,0.3841677226979813,0.04301435525408206,0.0,0.0,0.0,0.0,0.0,0.0
77.417,1,0.0,0.0,0.1115479280288752,0.46126999401906144,0.3841677226979813,0.04301435525408206,0.0,0.0,0.1115479280288752,0.46126999401906144,0.3841677226979813,0.04301435525408206
77.5,0,0.0,0.0,0.11057513183536534,0.4598941938979342,0.38581501170095156,0.04371566256574906,0.0,0.0,0.0,0.0,0.0,0.0
77.5,1,0.0,0.0,0.11057513183536534,0.4598941938979342,0.38581501170095156,0.04371566256574906,0.0,0.0,0.11057513183536534,0.4598941938979342,0.38581501170095156,0.04371566256574906
77.583,0,0.0,0.0,0.10960800790674904,0.4585109371666033,0.3874565034220089,0.0444245515046387,0.0,0.0,0.0,0.0,0.0,0.0
77.583,1,0.0,0.0,0.10960800790674904,0.4585109371666033,0.3874565034220089,0.0444245515046387,0.0,0.0,0.10960800790674904,0.4585109371666033,0.3874565034220089,0.0444245515046387
77.667,0,0.0,0.0,0.1086465396574563,0.4571202910201086,0.3890921064902473,0.045141062832187794,0.0,0.0,0.0,0.0,0.0,0.0
77.667,1,0.0,0.0,0.1086465396574563,0.4571202910201086,0.3890921064902473,0.045141062832187794,0.0,0.0,0.1086465396574563,0.4571202910201086,0.3890921064902473,0.045141062832187794
77.75,0,0.0,0.0,0.10769071050191742,0.45572232265348994,0.3907217295347598,0.04586523730983287,0.0,0.0,0.0,0.0,0.0,0.0
77.75,1,0.0,0.0,0.10769071050191742,0.45572232265348994,0.3907217295347598,0.04586523730983287,0.0,0.0,0.10769071050191742,0.45572232265348994,0.3907217295347598,0.04586523730983287
77.833,0,0.0,0.0,0.10674050385456266,0.4543170992617873,0.3923452811846395,0.046597115699010525,0.0,0.0,0.0,0.0,0.0,0.0
77.833,1,0.0,0.0,0.10674050385456266,0.4543170992617873,0.3923452811846395,0.046597115699010525,0.0,0.0,0.10674050385456266,0.4543170992617873,0.3923452811846395,0.046597115699010525
77.917,0,0.0,0.0,0.10579590312982205,0.45290468804004025,0.3939626700689801,0.047336738761157536,0.0,0.0,0.0,0.0,0.0,0.0
77.917,1,0.0,0.0,0.10579590312982205,0.45290468804004025,0.3939626700689801,0.047336738761157536,0.0,0.0,0.10579590312982205,0.45290468804004025,0.3939626700689801,0.047336738761157536
78.0,0,0.0,0.0,0.10485689174212552,0.4514851561832883,0.3955738048168755,0.048084147257710715,0.0,0.0,0.0,0.0,0.0,0.0
78.0,1,0.0,0.0,0.10485689174212552,0.4514851561832883,0.3955738048168755,0.048084147257710715,0.0,0.0,0.10485689174212552,0.4514851561832883,0.3955738048168755,0.048084147257710715
78.083,0,0.0,0.0,0.10392345310590338,0.4500585708865714,0.3971785940574186,0.048839381950106626,0.0,0.0,0.0,0.0,0.0,0.0
78.083,1,0.0,0.0,0.10392345310590338,0.4500585708865714,0.3971785940574186,0.048839381950106626,0.0,0.0,0.10392345310590338,0.4500585708865714,0.3971785940574186,0.048839381950106626
78.167,0,0.0,0.0,0.10299557063558593,0.4486249993449296,0.3987769464197027,0.04960248359978181,0.0,0.0,0.0,0.0,0.0,0.0
78.167,1,0.0,0.0,0.10299557063558593,0.4486249993449296,0.3987769464197027,0.04960248359978181,0.0,0.0,0.10299557063558593,0.4486249993449296,0.3987769464197027,0.04960248359978181
78.25,0,0.0,0.0,0.10207322774560314,0.4471845087534023,0.4003687705328215,0.05037349296817308,0.0,0.0,0.0,0.0,0.0,0.0
78.25,1,0.0,0.0,0.10207322774560314,0.4471845087534023,0.4003687705328215,0.05037349296817308,0.0,0.0,0.10207322774560314,0.4471845087534023,0.4003687705328215,0.05037349296817308
78.333,0,0.0,0.0,0.10115640785038497,0.4457371663070292,0.4019539750258686,0.051152450816717245,0.0,0.0,0.0,0.0,0.0,0.0
78.333,1,0.0,0.0,0.10115640785038497,0.4457371663070292,0.4019539750258686,0.051152450816717245,0.0,0.0,0.10115640785038497,0.4457371663070292,0.4019539750258686,0.051152450816717245
78.417,0,0.0,0.0,0.10024509436436177,0.4442830392008502,0.4035324685279373,0.05193939790685087,0.0,0.0,0.0,0.0,0.0,0.0
78.417,1,0.0,0.0,0.10024509436436177,0.4442830392008502,0.4035324685279373,0.05193939790685087,0.0,0.0,0.10024509436436177,0.4442830392008502,0.4035324685279373,0.05193939790685087
78.5,0,0.0,0.0,0.09933927070196376,0.44282219462990513,0.4051041596681205,0.05273437500001049,0.0,0.0,0.0,0.0,0.0,0.0
78.5,1,0.0,0.0,0.09933927070196376,0.44282219462990513,0.4051041596681205,0.05273437500001049,0.0,0.0,0.09933927070196376,0.44282219462990513,0.4051041596681205,0.05273437500001049
78.583,0,0.0,0.0,0.098438920277621,0.4413546997892339,0.4066689570755123,0.05353742285763292,0.0,0.0,0.0,0.0,0.0,0.0
78.583,1,0.0,0.0,0.098438920277621,0.4413546997892339,0.4066689570755123,0.05353742285763292,0.0,0.0,0.098438920277621,0.4413546997892339,0.4066689570755123,0.05353742285763292
78.667,0,0.0,0.0,0.09754402650576338,0.4398806218738756,0.408226769379206,0.05434858224115498,0.0,0.0,0.0,0.0,0.0,0.0
78.667,1,0.0,0.0,0.09754402650576338,0.4398806218738756,0.408226769379206,0.05434858224115498,0.0,0.0,0.09754402650576338,0.4398806218738756,0.408226769379206,0.05434858224115498
78.75,0,0.0,0.0,0.09665457280082125,0.4384000280788706,0.40977750520829503,0.05516789391201321,0.0,0.0,0.0,0.0,0.0,0.0
78.75,1,0.0,0.0,0.09665457280082125,0.4384000280788706,0.40977750520829503,0.05516789391201321,0.0,0.0,0.09665457280082125,0.4384000280788706,0.40977750520829503,0.05516789391201321
78.833,0,0.0,0.0,0.09577054257722489,0.43691298559925856,0.4113210731918724,0.05599539863164415,0.0,0.0,0.0,0.0,0.0,0.0
78.833,1,0.0,0.0,0.09577054257722489,0.43691298559925856,0.4113210731918724,0.05599539863164415,0.0,0.0,0.09577054257722489,0.43691298559925856,0.4113210731918724,0.05599539863164415
78.917,0,0.0,0.0,0.0948919192494043,0.4354195616300792,0.4128573819590319,0.05683113716148463,0.0,0.0,0.0,0.0,0.0,0.0
78.917,1,0.0,0.0,0.0948919192494043,0.4354195616300792,0.4128573819590319,0.05683113716148463,0.0,0.0,0.0948919192494043,0.4354195616300792,0.4128573819590319,0.05683113716148463
79.0,0,0.0,0.0,0.09401868623178938,0.4339198233663719,0.4143863401388671,0.057675150262971465,0.0,0.0,0.0,0.0,0.0,0.0
79.0,1,0.0,0.0,0.09401868623178938,0.4339198233663719,0.4143863401388671,0.057675150262971465,0.0,0.0,0.09401868623178938,0.4339198233663719,0.4143863401388671,0.057675150262971465
79.083,0,0.0,0.0,0.09315082693881055,0.4324138380031769,0.41590785636047134,0.0585274786975412,0.0,0.0,0.0,0.0,0.0,0.0
79.083,1,0.0,0.0,0.09315082693881055,0.4324138380031769,0.41590785636047134,0.0585274786975412,0.0,0.0,0.09315082693881055,0.4324138380031769,0.41590785636047134,0.0585274786975412
79.167,0,0.0,0.0,0.092288324784898,0.43090167273553404,0.4174218392529377,0.059388163226630354,0.0,0.0,0.0,0.0,0.0,0.0
79.167,1,0.0,0.0,0.092288324784898,0.43090167273553404,0.4174218392529377,0.059388163226630354,0.0,0.0,0.092288324784898,0.43090167273553404,0.4174218392529377,0.059388163226630354
79.25,0,0.0,0.0,0.09143116318448175,0.4293833947584828,0.4189281974453597,0.06025724461167577,0.0,0.0,0.0,0.0,0.0,0.0
79.25,1,0.0,0.0,0.09143116318448175,0.4293833947584828,0.4189281974453597,0.06025724461167577,0.0,0.0,0.09143116318448175,0.4293833947584828,0.4189281974453597,0.06025724461167577
79.333,0,0.0,0.0,0.09057932555199176,0.4278590712670627,0.42042683956683136,0.061134763614114296,0.0,0.0,0.0,0.0,0.0,0.0
79.333,1,0.0,0.0,0.09057932555199176,0.4278590712670627,0.42042683956683136,0.061134763614114296,0.0,0.0,0.09057932555199176,0.4278590712670627,0.42042683956683136,0.061134763614114296
79.417,0,0.0,0.0,0.08973279530185836,0.4263287694563137,0.42191767424644555,0.06202076099538241,0.0,0.0,0.0,0.0,0.0,0.0
79.417,1,0.0,0.0,0.08973279530185836,0.4263287694563137,0.42191767424644555,0.06202076099538241,0.0,0.0,0.08973279530185836,0.4263287694563137,0.42191767424644555,0.06202076099538241
79.5,0,0.0,0.0,0.08889155584851177,0.4247925565212759,0.4234006101132956,0.0629152775169167,0.0,0.0,0.0,0.0,0.0,0.0
79.5,1,0.0,0.0,0.08889155584851177,0.4247925565212759,0.4234006101132956,0.0629152775169167,0.0,0.0,0.08889155584851177,0.4247925565212759,0.4234006101132956,0.0629152775169167
79.583,0,0.0,0.0,0.08805559060638202,0.42325049965698885,0.42487555579647523,0.06381835394015395,0.0,0.0,0.0,0.0,0.0,0.0
79.583,1,0.0,0.0,0.08805559060638202,0.42325049965698885,0.42487555579647523,0.06381835394015395,0.0,0.0,0.08805559060638202,0.42325049965698885,0.42487555579647523,0.06381835394015395
79.667,0,0.0,0.0,0.0872248829898991,0.4217026660584919,0.42634241992507793,0.06473003102653103,0.0,0.0,0.0,0.0,0.0,0.0
79.667,1,0.0,0.0,0.0872248829898991,0.4217026660584919,0.42634241992507793,0.06473003102653103,0.0,0.0,0.0872248829898991,0.4217026660584919,0.42634241992507793,0.06473003102653103
79.75,0,0.0,0.0,0.08639941641349333,0.4201491229208252,0.4278011111281971,0.06565034953748444,0.0,0.0,0.0,0.0,0.0,0.0
79.75,1,0.0,0.0,0.08639941641349333,0.4201491229208252,0.4278011111281971,0.06565034953748444,0.0,0.0,0.08639941641349333,0.4201491229208252,0.4278011111281971,0.06565034953748444
79.833,0,0.0,0.0,0.08557917429159488,0.4185899374390287,0.4292515380349258,0.06657935023445072,0.0,0.0,0.0,0.0,0.0,0.0
79.833,1,0.0,0.0,0.08557917429159488,0.4185899374390287,0.4292515380349258,0.06657935023445072,0.0,0.0,0.08557917429159488,0.4185899374390287,0.4292515380349258,0.06657935023445072
79.917,0,0.0,0.0,0.08476414003863383,0.41702517680814183,0.4306936092743577,0.06751707387886673,0.0,0.0,0.0,0.0,0.0,0.0
79.917,1,0.0,0.0,0.08476414003863383,0.41702517680814183,0.4306936092743577,0.06751707387886673,0.0,0.0,0.08476414003863383,0.41702517680814183,0.4306936092743577,0.06751707387886673
80.0,0,0.0,0.0,0.08395429706904015,0.4154549082232042,0.43212723347558646,0.06846356123216923,0.0,0.0,0.0,0.0,0.0,0.0
80.0,1,0.0,0.0,0.08395429706904015,0.4154549082232042,0.43212723347558646,0.06846356123216923,0.0,0.0,0.08395429706904015,0.4154549082232042,0.43212723347558646,0.06846356123216923
80.083,0,0.0,0.0,0.08314962879724414,0.4138791988792558,0.4335523192677053,0.06941885305579484,0.0,0.0,0.0,0.0,0.0,0.0
80.083,1,0.0,0.0,0.08314962879724414,0.4138791988792558,0.4335523192677053,0.06941885305579484,0.0,0.0,0.08314962879724414,0.4138791988792558,0.4335523192677053,0.06941885305579484
80.167,0,0.0,0.0,0.08235011863767602,0.4122981159713366,0.43496877527980743,0.07038299011118003,0.0,0.0,0.0,0.0,0.0,0.0
80.167,1,0.0,0.0,0.08235011863767602,0.4122981159713366,0.43496877527980743,0.07038299011118003,0.0,0.0,0.08235011863767602,0.4122981159713366,0.43496877527980743,0.07038299011118003
80.25,0,0.0,0.0,0.08155575000476585,0.41071172669448613,0.43637651014098655,0.07135601315976166,0.0,0.0,0.0,0.0,0.0,0.0
80.25,1,0.0,0.0,0.08155575000476585,0.41071172669448613,0.43637651014098655,0.07135601315976166,0.0,0.0,0.08155575000476585,0.41071172669448613,0.43637651014098655,0.07135601315976166
80.333,0,0.0,0.0,0.08076650631294359,0.4091200982437438,0.4377754324803361,0.07233796296297652,0.0,0.0,0.0,0.0,0.0,0.0
80.333,1,0.0,0.0,0.08076650631294359,0.4091200982437438,0.4377754324803361,0.07233796296297652,0.0,0.0,0.08076650631294359,0.4091200982437438,0.4377754324803361,0.07233796296297652
80.417,0,0.0,0.0,0.07998237097663952,0.4075232978141498,0.43916545092694964,0.07332888028226121,0.0,0.0,0.0,0.0,0.0,0.0
80.417,1,0.0,0.0,0.07998237097663952,0.4075232978141498,0.43916545092694964,0.07332888028226121,0.0,0.0,0.07998237097663952,0.4075232978141498,0.43916545092694964,0.07332888028226121
80.5,0,0.0,0.0,0.0792033274102839,0.40592139260074395,0.4405464741099199,0.07432880587905219,0.0,0.0,0.0,0.0,0.0,0.0
80.5,1,0.0,0.0,0.0792033274102839,0.40592139260074395,0.4405464741099199,0.07432880587905219,0.0,0.0,0.0792033274102839,0.40592139260074395,0.4405464741099199,0.07432880587905219
80.583,0,0.0,0.0,0.07842935902830676,0.4043144497985659,0.44191841065834103,0.07533778051478633,0.0,0.0,0.0,0.0,0.0,0.0
80.583,1,0.0,0.0,0.07842935902830676,0.4043144497985659,0.44191841065834103,0.07533778051478633,0.0,0.0,0.07842935902830676,0.4043144497985659,0.44191841065834103,0.07533778051478633
80.667,0,0.0,0.0,0.07766044924513807,0.40270253660265515,0.4432811692013064,0.07635584495090045,0.0,0.0,0.0,0.0,0.0,0.0
80.667,1,0.0,0.0,0.07766044924513807,0.40270253660265515,0.4432811692013064,0.07635584495090045,0.0,0.0,0.07766044924513807,0.40270253660265515,0.4432811692013064,0.07635584495090045
80.75,0,0.0,0.0,0.07689658147520813,0.40108572020805155,0.44463465836790933,0.07738303994883111,0.0,0.0,0.0,0.0,0.0,0.0
80.75,1,0.0,0.0,0.07689658147520813,0.40108572020805155,0.44463465836790933,0.07738303994883111,0.0,0.0,0.07689658147520813,0.40108572020805155,0.44463465836790933,0.07738303994883111
80.833,0,0.0,0.0,0.07613773913294719,0.39946406780979526,0.4459787867872428,0.07841940627001477,0.0,0.0,0.0,0.0,0.0,0.0
80.833,1,0.0,0.0,0.07613773913294719,0.39946406780979526,0.4459787867872428,0.07841940627001477,0.0,0.0,0.07613773913294719,0.39946406780979526,0.4459787867872428,0.07841940627001477
80.917,0,0.0,0.0,0.07538390563278526,0.3978376466029258,0.44731346308840075,0.07946498467588832,0.0,0.0,0.0,0.0,0.0,0.0
80.917,1,0.0,0.0,0.07538390563278526,0.3978376466029258,0.44731346308840075,0.07946498467588832,0.0,0.0,0.07538390563278526,0.3978376466029258,0.44731346308840075,0.07946498467588832
81.0,0,0.0,0.0,0.07463506438915231,0.39620652378248244,0.4486385959004766,0.0805198159278886,0.0,0.0,0.0,0.0,0.0,0.0
81.0,1,0.0,0.0,0.07463506438915231,0.39620652378248244,0.4486385959004766,0.0805198159278886,0.0,0.0,0.07463506438915231,0.39620652378248244,0.4486385959004766,0.0805198159278886
81.083,0,0.0,0.0,0.07389119881647868,0.3945707665435055,0.4499540938525637,0.08158394078745211,0.0,0.0,0.0,0.0,0.0,0.0
81.083,1,0.0,0.0,0.07389119881647868,0.3945707665435055,0.4499540938525637,0.08158394078745211,0.0,0.0,0.07389119881647868,0.3945707665435055,0.4499540938525637,0.08158394078745211
81.167,0,0.0,0.0,0.07315229232919455,0.3929304420810348,0.4512598655737553,0.08265740001601538,0.0,0.0,0.0,0.0,0.0,0.0
81.167,1,0.0,0.0,0.07315229232919455,0.3929304420810348,0.4512598655737553,0.08265740001601538,0.0,0.0,0.07315229232919455,0.3929304420810348,0.4512598655737553,0.08265740001601538
81.25,0,0.0,0.0,0.07241832834173,0.39128561759010994,0.45255581969314496,0.08374023437501521,0.0,0.0,0.0,0.0,0.0,0.0
81.25,1,0.0,0.0,0.07241832834173,0.39128561759010994,0.45255581969314496,0.08374023437501521,0.0,0.0,0.07241832834173,0.39128561759010994,0.45255581969314496,0.08374023437501521
81.333,0,0.0,0.0,0.07168929026851499,0.38963636026577025,0.4538418648398262,0.08483248462588852,0.0,0.0,0.0,0.0,0.0,0.0
81.333,1,0.0,0.0,0.07168929026851499,0.38963636026577025,0.4538418648398262,0.08483248462588852,0.0,0.0,0.07168929026851499,0.38963636026577025,0.4538418648398262,0.08483248462588852
81.417,0,0.0,0.0,0.07096516152397983,0.387982737303056,0.45511790964289256,0.0859341915300718,0.0,0.0,0.0,0.0,0.0,0.0
81.417,1,0.0,0.0,0.07096516152397983,0.387982737303056,0.45511790964289256,0.0859341915300718,0.0,0.0,0.07096516152397983,0.387982737303056,0.45511790964289256,0.0859341915300718
81.5,0,0.0,0.0,0.07024592552255474,0.38632481589700696,0.4563838627314369,0.08704539584900153,0.0,0.0,0.0,0.0,0.0,0.0
81.5,1,0.0,0.0,0.07024592552255474,0.38632481589700696,0.4563838627314369,0.08704539584900153,0.0,0.0,0.07024592552255474,0.38632481589700696,0.4563838627314369,0.08704539584900153
81.583,0,0.0,0.0,0.06953156567866972,0.3846626632426628,0.4576396327345531,0.08816613834411458,0.0,0.0,0.0,0.0,0.0,0.0
81.583,1,0.0,0.0,0.06953156567866972,0.3846626632426628,0.4576396327345531,0.08816613834411458,0.0,0.0,0.06953156567866972,0.3846626632426628,0.4576396327345531,0.08816613834411458
81.667,0,0.0,0.0,0.06882206540675481,0.3829963465350628,0.45888512828133454,0.0892964597768478,0.0,0.0,0.0,0.0,0.0,0.0
81.667,1,0.0,0.0,0.06882206540675481,0.3829963465350628,0.45888512828133454,0.0892964597768478,0.0,0.0,0.06882206540675481,0.3829963465350628,0.45888512828133454,0.0892964597768478
81.75,0,0.0,0.0,0.06811740812124029,0.3813259329692472,0.46012025800087475,0.09043640090863772,0.0,0.0,0.0,0.0,0.0,0.0
81.75,1,0.0,0.0,0.06811740812124029,0.3813259329692472,0.46012025800087475,0.09043640090863772,0.0,0.0,0.06811740812124029,0.3813259329692472,0.46012025800087475,0.09043640090863772
81.833,0,0.0,0.0,0.06741757723655636,0.379651489740256,0.46134493052226677,0.09158600250092083,0.0,0.0,0.0,0.0,0.0,0.0
81.833,1,0.0,0.0,0.06741757723655636,0.379651489740256,0.46134493052226677,0.09158600250092083,0.0,0.0,0.06741757723655636,0.379651489740256,0.46134493052226677,0.09158600250092083
81.917,0,0.0,0.0,0.06672255616713307,0.3779730840431287,0.4625590544746044,0.09274530531513397,0.0,0.0,0.0,0.0,0.0,0.0
81.917,1,0.0,0.0,0.06672255616713307,0.3779730840431287,0.4625590544746044,0.09274530531513397,0.0,0.0,0.06672255616713307,0.3779730840431287,0.4625590544746044,0.09274530531513397
82.0,0,0.0,0.0,0.06603232832740044,0.37629078307290453,0.463762538486981,0.09391435011271403,0.0,0.0,0.0,0.0,0.0,0.0
82.0,1,0.0,0.0,0.06603232832740044,0.37629078307290453,0.463762538486981,0.09391435011271403,0.0,0.0,0.06603232832740044,0.37629078307290453,0.463762538486981,0.09391435011271403
82.083,0,0.0,0.0,0.06534687713178873,0.37460465402462384,0.46495529118849,0.0950931776550975,0.0,0.0,0.0,0.0,0.0,0.0
82.083,1,0.0,0.0,0.06534687713178873,0.37460465402462384,0.46495529118849,0.0950931776550975,0.0,0.0,0.06534687713178873,0.37460465402462384,0.46495529118849,0.0950931776550975
82.167,0,0.0,0.0,0.06466618599472816,0.3729147640933264,0.4661372212082246,0.09628182870372086,0.0,0.0,0.0,0.0,0.0,0.0
82.167,1,0.0,0.0,0.06466618599472816,0.3729147640933264,0.4661372212082246,0.09628182870372086,0.0,0.0,0.06466618599472816,0.3729147640933264,0.4661372212082246,0.09628182870372086
82.25,0,0.0,0.0,0.06399023833064878,0.37122118047405195,0.46730823717527836,0.09748034402002098,0.0,0.0,0.0,0.0,0.0,0.0
82.25,1,0.0,0.0,0.06399023833064878,0.37122118047405195,0.46730823717527836,0.09748034402002098,0.0,0.0,0.06399023833064878,0.37122118047405195,0.46730823717527836,0.09748034402002098
82.333,0,0.0,0.0,0.06331901755398057,0.3695239703618397,0.46846824771874496,0.09868876436543476,0.0,0.0,0.0,0.0,0.0,0.0
82.333,1,0.0,0.0,0.06331901755398057,0.3695239703618397,0.46846824771874496,0.09868876436543476,0.0,0.0,0.06331901755398057,0.3695239703618397,0.46846824771874496,0.09868876436543476
82.417,0,0.0,0.0,0.06265250707915383,0.3678232009517298,0.4696171614677176,0.0999071305013987,0.0,0.0,0.0,0.0,0.0,0.0
82.417,1,0.0,0.0,0.06265250707915383,0.3678232009517298,0.4696171614677176,0.0999071305013987,0.0,0.0,0.06265250707915383,0.3678232009517298,0.4696171614677176,0.0999071305013987
82.5,0,0.0,0.0,0.061990690320598806,0.36611893943876245,0.47075488705128954,0.10113548318934922,0.0,0.0,0.0,0.0,0.0,0.0
82.5,1,0.0,0.0,0.061990690320598806,0.36611893943876245,0.47075488705128954,0.10113548318934922,0.0,0.0,0.061990690320598806,0.36611893943876245,0.47075488705128954,0.10113548318934922
82.583,0,0.0,0.0,0.06133355069274548,0.36441125301797694,0.47188133309855446,0.10237386319072321,0.0,0.0,0.0,0.0,0.0,0.0
82.583,1,0.0,0.0,0.06133355069274548,0.36441125301797694,0.47188133309855446,0.10237386319072321,0.0,0.0,0.06133355069274548,0.36441125301797694,0.47188133309855446,0.10237386319072321
82.667,0,0.0,0.0,0.0606810716100239,0.3627002088844128,0.4729964082386058,0.1036223112669576,0.0,0.0,0.0,0.0,0.0,0.0
82.667,1,0.0,0.0,0.0606810716100239,0.3627002088844128,0.4729964082386058,0.1036223112669576,0.0,0.0,0.0606810716100239,0.3627002088844128,0.4729964082386058,0.1036223112669576
82.75,0,0.0,0.0,0.06003323648686433,0.3609858742331099,0.47410002110053695,0.10488086817948886,0.0,0.0,0.0,0.0,0.0,0.0
82.75,1,0.0,0.0,0.06003323648686433,0.3609858742331099,0.47410002110053695,0.10488086817948886,0.0,0.0,0.06003323648686433,0.3609858742331099,0.47410002110053695,0.10488086817948886
82.833,0,0.0,0.0,0.05939002873769697,0.3592683162591085,0.47519208031344107,0.10614957468975343,0.0,0.0,0.0,0.0,0.0,0.0
82.833,1,0.0,0.0,0.05939002873769697,0.3592683162591085,0.47519208031344107,0.10614957468975343,0.0,0.0,0.05939002873769697,0.3592683162591085,0.47519208031344107,0.10614957468975343
82.917,0,0.0,0.0,0.0587514317769519,0.3575476021574481,0.4762724945064119,0.10742847155918821,0.0,0.0,0.0,0.0,0.0,0.0
82.917,1,0.0,0.0,0.0587514317769519,0.3575476021574481,0.4762724945064119,0.10742847155918821,0.0,0.0,0.0587514317769519,0.3575476021574481,0.4762724945064119,0.10742847155918821
83.0,0,0.0,0.0,0.05811742901905909,0.3558237991231679,0.4773411723085429,0.1087175995492301,0.0,0.0,0.0,0.0,0.0,0.0
83.0,1,0.0,0.0,0.05811742901905909,0.3558237991231679,0.4773411723085429,0.1087175995492301,0.0,0.0,0.05811742901905909,0.3558237991231679,0.4773411723085429,0.1087175995492301
83.083,0,0.0,0.0,0.057488003878448844,0.3540969743513082,0.47839802234892737,0.11001699942131558,0.0,0.0,0.0,0.0,0.0,0.0
83.083,1,0.0,0.0,0.057488003878448844,0.3540969743513082,0.47839802234892737,0.11001699942131558,0.0,0.0,0.057488003878448844,0.3540969743513082,0.47839802234892737,0.11001699942131558
83.167,0,0.0,0.0,0.056863139769551374,0.352367195036909,0.47944295325665864,0.11132671193688108,0.0,0.0,0.0,0.0,0.0,0.0
83.167,1,0.0,0.0,0.056863139769551374,0.352367195036909,0.47944295325665864,0.11132671193688108,0.0,0.0,0.056863139769551374,0.352367195036909,0.47944295325665864,0.11132671193688108
83.25,0,0.0,0.0,0.05624282010679671,0.35063452837500964,0.4804758736608301,0.11264677785736353,0.0,0.0,0.0,0.0,0.0,0.0
83.25,1,0.0,0.0,0.05624282010679671,0.35063452837500964,0.4804758736608301,0.11264677785736353,0.0,0.0,0.05624282010679671,0.35063452837500964,0.4804758736608301,0.11264677785736353
83.333,0,0.0,0.0,0.05562702830461487,0.34889904156064977,0.48149669219053565,0.11397723794419985,0.0,0.0,0.0,0.0,0.0,0.0
83.333,1,0.0,0.0,0.05562702830461487,0.34889904156064977,0.48149669219053565,0.11397723794419985,0.0,0.0,0.05562702830461487,0.34889904156064977,0.48149669219053565,0.11397723794419985
83.417,0,0.0,0.0,0.055015747777436126,0.3471608017888692,0.4825053174748683,0.11531813295882644,0.0,0.0,0.0,0.0,0.0,0.0
83.417,1,0.0,0.0,0.055015747777436126,0.3471608017888692,0.4825053174748683,0.11531813295882644,0.0,0.0,0.055015747777436126,0.3471608017888692,0.4825053174748683,0.11531813295882644
83.5,0,0.0,0.0,0.05440896193969067,0.3454198762547081,0.48350165814292134,0.1166695036626798,0.0,0.0,0.0,0.0,0.0,0.0
83.5,1,0.0,0.0,0.05440896193969067,0.3454198762547081,0.48350165814292134,0.1166695036626798,0.0,0.0,0.05440896193969067,0.3454198762547081,0.48350165814292134,0.1166695036626798
83.583,0,0.0,0.0,0.0538066542058086,0.3436763321532061,0.48448562282378854,0.1180313908171968,0.0,0.0,0.0,0.0,0.0,0.0
83.583,1,0.0,0.0,0.0538066542058086,0.3436763321532061,0.48448562282378854,0.1180313908171968,0.0,0.0,0.0538066542058086,0.3436763321532061,0.48448562282378854,0.1180313908171968
83.667,0,0.0,0.0,0.053208807990219896,0.34193023667940237,0.48545712014656334,0.11940383518381438,0.0,0.0,0.0,0.0,0.0,0.0
83.667,1,0.0,0.0,0.053208807990219896,0.34193023667940237,0.48545712014656334,0.11940383518381438,0.0,0.0,0.053208807990219896,0.34193023667940237,0.48545712014656334,0.11940383518381438
83.75,0,0.0,0.0,0.05261540670735481,0.34018165702833714,0.486416058740339,0.120786877523969,0.0,0.0,0.0,0.0,0.0,0.0
83.75,1,0.0,0.0,0.05261540670735481,0.34018165702833714,0.486416058740339,0.120786877523969,0.0,0.0,0.05261540670735481,0.34018165702833714,0.486416058740339,0.120786877523969
83.833,0,0.0,0.0,0.05202643377164358,0.33843066039505043,0.4873623472342089,0.12218055859909707,0.0,0.0,0.0,0.0,0.0,0.0
83.833,1,0.0,0.0,0.05202643377164358,0.33843066039505043,0.4873623472342089,0.12218055859909707,0.0,0.0,0.05202643377164358,0.33843066039505043,0.4873623472342089,0.12218055859909707
83.917,0,0.0,0.0,0.05144187259751626,0.33667731397458167,0.4882958942572666,0.12358491917063555,0.0,0.0,0.0,0.0,0.0,0.0
83.917,1,0.0,0.0,0.05144187259751626,0.33667731397458167,0.4882958942572666,0.12358491917063555,0.0,0.0,0.05144187259751626,0.33667731397458167,0.4882958942572666,0.12358491917063555
84.0,0,0.0,0.0,0.050861706599402846,0.33492168496197033,0.4892166084386055,0.12500000000002132,0.0,0.0,0.0,0.0,0.0,0.0
84.0,1,0.0,0.0,0.050861706599402846,0.33492168496197033,0.4892166084386055,0.12500000000002132,0.0,0.0,0.050861706599402846,0.33492168496197033,0.4892166084386055,0.12500000000002132
84.083,0,0.0,0.0,0.05028591919173361,0.3331638405522565,0.4901243984073191,0.12642584184869085,0.0,0.0,0.0,0.0,0.0,0.0
84.083,1,0.0,0.0,0.05028591919173361,0.3331638405522565,0.4901243984073191,0.12642584184869085,0.0,0.0,0.05028591919173361,0.3331638405522565,0.4901243984073191,0.12642584184869085
84.167,0,0.0,0.0,0.04971449378893876,0.33140384794048017,0.4910191727925005,0.12786248547808055,0.0,0.0,0.0,0.0,0.0,0.0
84.167,1,0.0,0.0,0.04971449378893876,0.33140384794048017,0.4910191727925005,0.12786248547808055,0.0,0.0,0.04971449378893876,0.33140384794048017,0.4910191727925005,0.12786248547808055
84.25,0,0.0,0.0,0.049147413805448355,0.32964177432168085,0.4919008402232435,0.12930997164962738,0.0,0.0,0.0,0.0,0.0,0.0
84.25,1,0.0,0.0,0.049147413805448355,0.32964177432168085,0.4919008402232435,0.12930997164962738,0.0,0.0,0.049147413805448355,0.32964177432168085,0.4919008402232435,0.12930997164962738
84.333,0,0.0,0.0,0.04858466265569243,0.3278776868908979,0.4927693093286414,0.13076834112476823,0.0,0.0,0.0,0.0,0.0,0.0
84.333,1,0.0,0.0,0.04858466265569243,0.3278776868908979,0.4927693093286414,0.13076834112476823,0.0,0.0,0.04858466265569243,0.3278776868908979,0.4927693093286414,0.13076834112476823
84.417,0,0.0,0.0,0.0480262237541012,0.32611165284317156,0.49362448873778775,0.13223763466493957,0.0,0.0,0.0,0.0,0.0,0.0
84.417,1,0.0,0.0,0.0480262237541012,0.32611165284317156,0.49362448873778775,0.13223763466493957,0.0,0.0,0.0480262237541012,0.32611165284317156,0.49362448873778775,0.13223763466493957
84.5,0,0.0,0.0,0.047472080515104924,0.3243437393735417,0.4944662870797756,0.13371789303157777,0.0,0.0,0.0,0.0,0.0,0.0
84.5,1,0.0,0.0,0.047472080515104924,0.3243437393735417,0.4944662870797756,0.13371789303157777,0.0,0.0,0.047472080515104924,0.3243437393735417,0.4944662870797756,0.13371789303157777
84.583,0,0.0,0.0,0.046922216353133615,0.32257401367704785,0.49529461298369876,0.13520915698611985,0.0,0.0,0.0,0.0,0.0,0.0
84.583,1,0.0,0.0,0.046922216353133615,0.32257401367704785,0.49529461298369876,0.13520915698611985,0.0,0.0,0.046922216353133615,0.32257401367704785,0.49529461298369876,0.13520915698611985
84.667,0,0.0,0.0,0.04637661468261732,0.32080254294872945,0.4961093750786505,0.13671146729000266,0.0,0.0,0.0,0.0,0.0,0.0
84.667,1,0.0,0.0,0.04637661468261732,0.32080254294872945,0.4961093750786505,0.13671146729000266,0.0,0.0,0.04637661468261732,0.32080254294872945,0.4961093750786505,0.13671146729000266
84.75,0,0.0,0.0,0.045835258917986295,0.3190293943836267,0.49691048199372445,0.1382248647046627,0.0,0.0,0.0,0.0,0.0,0.0
84.75,1,0.0,0.0,0.045835258917986295,0.3190293943836267,0.49691048199372445,0.1382248647046627,0.0,0.0,0.045835258917986295,0.3190293943836267,0.49691048199372445,0.1382248647046627
84.833,0,0.0,0.0,0.045298132473670746,0.3172546351767794,0.49769784235801356,0.13974938999153633,0.0,0.0,0.0,0.0,0.0,0.0
84.833,1,0.0,0.0,0.045298132473670746,0.3172546351767794,0.49769784235801356,0.13974938999153633,0.0,0.0,0.045298132473670746,0.3172546351767794,0.49769784235801356,0.13974938999153633
84.917,0,0.0,0.0,0.04476521876410071,0.31547833252322716,0.4984713648006116,0.14128508391206052,0.0,0.0,0.0,0.0,0.0,0.0
84.917,1,0.0,0.0,0.04476521876410071,0.31547833252322716,0.4984713648006116,0.14128508391206052,0.0,0.0,0.04476521876410071,0.31547833252322716,0.4984713648006116,0.14128508391206052
85.0,0,0.0,0.0,0.04423650120370624,0.3137005536180094,0.49923095795061223,0.1428319872276722,0.0,0.0,0.0,0.0,0.0,0.0
85.0,1,0.0,0.0,0.04423650120370624,0.3137005536180094,0.49923095795061223,0.1428319872276722,0.0,0.0,0.04423650120370624,0.3137005536180094,0.49923095795061223,0.1428319872276722
85.083,0,0.0,0.0,0.043711963206917566,0.31192136565616624,0.49997653043710844,0.14439014069980782,0.0,0.0,0.0,0.0,0.0,0.0
85.083,1,0.0,0.0,0.043711963206917566,0.31192136565616624,0.49997653043710844,0.14439014069980782,0.0,0.0,0.043711963206917566,0.31192136565616624,0.49997653043710844,0.14439014069980782
85.167,0,0.0,0.0,0.0431915881881649,0.3101408358327376,0.5007079908891938,0.14595958508990378,0.0,0.0,0.0,0.0,0.0,0.0
85.167,1,0.0,0.0,0.0431915881881649,0.3101408358327376,0.5007079908891938,0.14595958508990378,0.0,0.0,0.0431915881881649,0.3101408358327376,0.5007079908891938,0.14595958508990378
85.25,0,0.0,0.0,0.04267535956187831,0.3083590313427631,0.5014252479359618,0.14754036115939703,0.0,0.0,0.0,0.0,0.0,0.0
85.25,1,0.0,0.0,0.04267535956187831,0.3083590313427631,0.5014252479359618,0.14754036115939703,0.0,0.0,0.04267535956187831,0.3083590313427631,0.5014252479359618,0.14754036115939703
85.333,0,0.0,0.0,0.04216326074248783,0.30657601938128204,0.5021282102065058,0.14913250966972447,0.0,0.0,0.0,0.0,0.0,0.0
85.333,1,0.0,0.0,0.04216326074248783,0.30657601938128204,0.5021282102065058,0.14913250966972447,0.0,0.0,0.04216326074248783,0.30657601938128204,0.5021282102065058,0.14913250966972447
85.417,0,0.0,0.0,0.04165527514442369,0.30479186714333456,0.5028167863299193,0.15073607138232256,0.0,0.0,0.0,0.0,0.0,0.0
85.417,1,0.0,0.0,0.04165527514442369,0.30479186714333456,0.5028167863299193,0.15073607138232256,0.0,0.0,0.04165527514442369,0.30479186714333456,0.5028167863299193,0.15073607138232256
85.5,0,0.0,0.0,0.041151386182116105,0.3030066418239607,0.5034908849352955,0.1523510870586277,0.0,0.0,0.0,0.0,0.0,0.0
85.5,1,0.0,0.0,0.041151386182116105,0.3030066418239607,0.5034908849352955,0.1523510870586277,0.0,0.0,0.041151386182116105,0.3030066418239607,0.5034908849352955,0.1523510870586277
85.583,0,0.0,0.0,0.040651577269995125,0.3012204106182,0.5041504146517283,0.1539775974600769,0.0,0.0,0.0,0.0,0.0,0.0
85.583,1,0.0,0.0,0.040651577269995125,0.3012204106182,0.5041504146517283,0.1539775974600769,0.0,0.0,0.040651577269995125,0.3012204106182,0.5041504146517283,0.1539775974600769
85.667,0,0.0,0.0,0.0401558318224908,0.2994332407210917,0.5047952841083105,0.15561564334810699,0.0,0.0,0.0,0.0,0.0,0.0
85.667,1,0.0,0.0,0.0401558318224908,0.2994332407210917,0.5047952841083105,0.15561564334810699,0.0,0.0,0.0401558318224908,0.2994332407210917,0.5047952841083105,0.15561564334810699
85.75,0,0.0,0.0,0.039664133254033354,0.297645199327676,0.5054254019341362,0.15726526548415448,0.0,0.0,0.0,0.0,0.0,0.0
85.75,1,0.0,0.0,0.039664133254033354,0.297645199327676,0.5054254019341362,0.15726526548415448,0.0,0.0,0.039664133254033354,0.297645199327676,0.5054254019341362,0.15726526548415448
85.833,0,0.0,0.0,0.03917646497905302,0.295856353632993,0.5060406767582983,0.15892650462965566,0.0,0.0,0.0,0.0,0.0,0.0
85.833,1,0.0,0.0,0.03917646497905302,0.295856353632993,0.5060406767582983,0.15892650462965566,0.0,0.0,0.03917646497905302,0.295856353632993,0.5060406767582983,0.15892650462965566
85.917,0,0.0,0.0,0.038692810411979826,0.2940667708320821,0.5066410172098905,0.16059940154604765,0.0,0.0,0.0,0.0,0.0,0.0
85.917,1,0.0,0.0,0.038692810411979826,0.2940667708320821,0.5066410172098905,0.16059940154604765,0.0,0.0,0.038692810411979826,0.2940667708320821,0.5066410172098905,0.16059940154604765
86.0,0,0.0,0.0,0.038213152967243834,0.29227651811998273,0.507226331918006,0.16228399699476734,0.0,0.0,0.0,0.0,0.0,0.0
86.0,1,0.0,0.0,0.038213152967243834,0.29227651811998273,0.507226331918006,0.16228399699476734,0.0,0.0,0.038213152967243834,0.29227651811998273,0.507226331918006,0.16228399699476734
86.083,0,0.0,0.0,0.03773747605927527,0.290485662691735,0.5077965295117387,0.16398033173725107,0.0,0.0,0.0,0.0,0.0,0.0
86.083,1,0.0,0.0,0.03773747605927527,0.290485662691735,0.5077965295117387,0.16398033173725107,0.0,0.0,0.03773747605927527,0.290485662691735,0.5077965295117387,0.16398033173725107
86.167,0,0.0,0.0,0.03726576310250434,0.28869427174237894,0.5083515186201815,0.16568844653493528,0.0,0.0,0.0,0.0,0.0,0.0
86.167,1,0.0,0.0,0.03726576310250434,0.28869427174237894,0.5083515186201815,0.16568844653493528,0.0,0.0,0.03726576310250434,0.28869427174237894,0.5083515186201815,0.16568844653493528
86.25,0,0.0,0.0,0.036797997511361105,0.28690241246695397,0.5088912078724279,0.16740838214925702,0.0,0.0,0.0,0.0,0.0,0.0
86.25,1,0.0,0.0,0.036797997511361105,0.28690241246695397,0.5088912078724279,0.16740838214925702,0.0,0.0,0.036797997511361105,0.28690241246695397,0.5088912078724279,0.16740838214925702
86.333,0,0.0,0.0,0.03633416270027562,0.28511015206049956,0.5094155058975717,0.16914017934165307,0.0,0.0,0.0,0.0,0.0,0.0
86.333,1,0.0,0.0,0.03633416270027562,0.28511015206049956,0.5094155058975717,0.16914017934165307,0.0,0.0,0.03633416270027562,0.28511015206049956,0.5094155058975717,0.16914017934165307
86.417,0,0.0,0.0,0.0358742420836781,0.28331755771805583,0.5099243213247061,0.17088387887356002,0.0,0.0,0.0,0.0,0.0,0.0
86.417,1,0.0,0.0,0.0358742420836781,0.28331755771805583,0.5099243213247061,0.17088387887356002,0.0,0.0,0.0358742420836781,0.28331755771805583,0.5099243213247061,0.17088387887356002
86.5,0,0.0,0.0,0.03541821907599876,0.28152469663466273,0.5104175627829244,0.17263952150641412,0.0,0.0,0.0,0.0,0.0,0.0
86.5,1,0.0,0.0,0.03541821907599876,0.28152469663466273,0.5104175627829244,0.17263952150641412,0.0,0.0,0.03541821907599876,0.28152469663466273,0.5104175627829244,0.17263952150641412
86.583,0,0.0,0.0,0.03496607709166766,0.2797316360053599,0.5108951389013201,0.1744071480016524,0.0,0.0,0.0,0.0,0.0,0.0
86.583,1,0.0,0.0,0.03496607709166766,0.2797316360053599,0.5108951389013201,0.1744071480016524,0.0,0.0,0.03496607709166766,0.2797316360053599,0.5108951389013201,0.1744071480016524
86.667,0,0.0,0.0,0.034517799545114844,0.2779384430251865,0.5113569583089868,0.17618679912071186,0.0,0.0,0.0,0.0,0.0,0.0
86.667,1,0.0,0.0,0.034517799545114844,0.2779384430251865,0.5113569583089868,0.17618679912071186,0.0,0.0,0.034517799545114844,0.2779384430251865,0.5113569583089868,0.17618679912071186
86.75,0,0.0,0.0,0.034073369850770543,0.2761451848891829,0.5118029296350178,0.17797851562502884,0.0,0.0,0.0,0.0,0.0,0.0
86.75,1,0.0,0.0,0.034073369850770543,0.2761451848891829,0.5118029296350178,0.17797851562502884,0.0,0.0,0.034073369850770543,0.2761451848891829,0.5118029296350178,0.17797851562502884
86.833,0,0.0,0.0,0.03363277142306496,0.2743519287923889,0.5122329615085064,0.1797823382760397,0.0,0.0,0.0,0.0,0.0,0.0
86.833,1,0.0,0.0,0.03363277142306496,0.2743519287923889,0.5122329615085064,0.1797823382760397,0.0,0.0,0.03363277142306496,0.2743519287923889,0.5122329615085064,0.1797823382760397
86.917,0,0.0,0.0,0.03319598767642816,0.27255874192984414,0.5126469625585462,0.18159830783518152,0.0,0.0,0.0,0.0,0.0,0.0
86.917,1,0.0,0.0,0.03319598767642816,0.27255874192984414,0.5126469625585462,0.18159830783518152,0.0,0.0,0.03319598767642816,0.27255874192984414,0.5126469625585462,0.18159830783518152
87.0,0,0.0,0.0,0.0327630020252902,0.27076569149658797,0.5130448414142306,0.18342646506389115,0.0,0.0,0.0,0.0,0.0,0.0
87.0,1,0.0,0.0,0.0327630020252902,0.27076569149658797,0.5130448414142306,0.18342646506389115,0.0,0.0,0.0327630020252902,0.27076569149658797,0.5130448414142306,0.18342646506389115
87.083,0,0.0,0.0,0.032333797884081285,0.2689728446876605,0.5134265067046532,0.18526685072360513,0.0,0.0,0.0,0.0,0.0,0.0
87.083,1,0.0,0.0,0.032333797884081285,0.2689728446876605,0.5134265067046532,0.18526685072360513,0.0,0.0,0.032333797884081285,0.2689728446876605,0.5134265067046532,0.18526685072360513
87.167,0,0.0,0.0,0.03190835866723164,0.26718026869810174,0.513791867058907,0.18711950557575965,0.0,0.0,0.0,0.0,0.0,0.0
87.167,1,0.0,0.0,0.03190835866723164,0.26718026869810174,0.513791867058907,0.18711950557575965,0.0,0.0,0.03190835866723164,0.26718026869810174,0.513791867058907,0.18711950557575965
87.25,0,0.0,0.0,0.03148666778917131,0.2653880307229512,0.5141408311060858,0.18898447038179184,0.0,0.0,0.0,0.0,0.0,0.0
87.25,1,0.0,0.0,0.03148666778917131,0.2653880307229512,0.5141408311060858,0.18898447038179184,0.0,0.0,0.03148666778917131,0.2653880307229512,0.5141408311060858,0.18898447038179184
87.333,0,0.0,0.0,0.03106870866433036,0.2635961979572482,0.5144733074752827,0.1908617859031386,0.0,0.0,0.0,0.0,0.0,0.0
87.333,1,0.0,0.0,0.03106870866433036,0.2635961979572482,0.5144733074752827,0.1908617859031386,0.0,0.0,0.03106870866433036,0.2635961979572482,0.5144733074752827,0.1908617859031386
87.417,0,0.0,0.0,0.030654464707139013,0.261804837596033,0.5147892047955915,0.19275149290123644,0.0,0.0,0.0,0.0,0.0,0.0
87.417,1,0.0,0.0,0.030654464707139013,0.261804837596033,0.5147892047955915,0.19275149290123644,0.0,0.0,0.030654464707139013,0.261804837596033,0.5147892047955915,0.19275149290123644
87.5,0,0.0,0.0,0.030243919332027466,0.2600140168343456,0.5150884316961055,0.19465363213752154,0.0,0.0,0.0,0.0,0.0,0.0
87.5,1,0.0,0.0,0.030243919332027466,0.2600140168343456,0.5150884316961055,0.19465363213752154,0.0,0.0,0.030243919332027466,0.2600140168343456,0.5150884316961055,0.19465363213752154
87.583,0,0.0,0.0,0.029837055953425784,0.25822380286722535,0.515370896805918,0.19656824437343098,0.0,0.0,0.0,0.0,0.0,0.0
87.583,1,0.0,0.0,0.029837055953425784,0.25822380286722535,0.515370896805918,0.19656824437343098,0.0,0.0,0.029837055953425784,0.25822380286722535,0.515370896805918,0.19656824437343098
87.667,0,0.0,0.0,0.029433857985764027,0.2564342628897117,0.5156365087541225,0.1984953703704018,0.0,0.0,0.0,0.0,0.0,0.0
87.667,1,0.0,0.0,0.029433857985764027,0.2564342628897117,0.5156365087541225,0.1984953703704018,0.0,0.0,0.029433857985764027,0.2564342628897117,0.5156365087541225,0.1984953703704018
87.75,0,0.0,0.0,0.02903430884347241,0.25464546409684485,0.5158851761698124,0.20043505088987035,0.0,0.0,0.0,0.0,0.0,0.0
87.75,1,0.0,0.0,0.02903430884347241,0.25464546409684485,0.5158851761698124,0.20043505088987035,0.0,0.0,0.02903430884347241,0.25464546409684485,0.5158851761698124,0.20043505088987035
87.833,0,0.0,0.0,0.02863839194098114,0.25285747368366474,0.5161168076820811,0.20238732669327292,0.0,0.0,0.0,0.0,0.0,0.0
87.833,1,0.0,0.0,0.02863839194098114,0.25285747368366474,0.5161168076820811,0.20238732669327292,0.0,0.0,0.02863839194098114,0.25285747368366474,0.5161168076820811,0.20238732669327292
87.917,0,0.0,0.0,0.02824609069272027,0.2510703588452109,0.5163313119200224,0.20435223854204657,0.0,0.0,0.0,0.0,0.0,0.0
87.917,1,0.0,0.0,0.02824609069272027,0.2510703588452109,0.5163313119200224,0.20435223854204657,0.0,0.0,0.02824609069272027,0.2510703588452109,0.5163313119200224,0.20435223854204657
88.0,0,0.0,0.0,0.027857388513119884,0.24928418677652275,0.5165285975127292,0.20632982719762827,0.0,0.0,0.0,0.0,0.0,0.0
88.0,1,0.0,0.0,0.027857388513119884,0.24928418677652275,0.5165285975127292,0.20632982719762827,0.0,0.0,0.027857388513119884,0.24928418677652275,0.5165285975127292,0.20632982719762827
88.083,0,0.0,0.0,0.027472268816610176,0.24749902467264032,0.5167085730892951,0.20832013342145445,0.0,0.0,0.0,0.0,0.0,0.0
88.083,1,0.0,0.0,0.027472268816610176,0.24749902467264032,0.5167085730892951,0.20832013342145445,0.0,0.0,0.027472268816610176,0.24749902467264032,0.5167085730892951,0.20832013342145445
88.167,0,0.0,0.0,0.02709071501762135,0.2457149397286037,0.5168711472788136,0.21032319797496132,0.0,0.0,0.0,0.0,0.0,0.0
88.167,1,0.0,0.0,0.02709071501762135,0.2457149397286037,0.5168711472788136,0.21032319797496132,0.0,0.0,0.02709071501762135,0.2457149397286037,0.5168711472788136,0.21032319797496132
88.25,0,0.0,0.0,0.026712710530583467,0.2439319991394523,0.5170162287103781,0.2123390616195861,0.0,0.0,0.0,0.0,0.0,0.0
88.25,1,0.0,0.0,0.026712710530583467,0.2439319991394523,0.5170162287103781,0.2123390616195861,0.0,0.0,0.026712710530583467,0.2439319991394523,0.5170162287103781,0.2123390616195861
88.333,0,0.0,0.0,0.026338238769926615,0.24215027010022572,0.5171437260130822,0.21436776511676559,0.0,0.0,0.0,0.0,0.0,0.0
88.333,1,0.0,0.0,0.026338238769926615,0.24215027010022572,0.5171437260130822,0.21436776511676559,0.0,0.0,0.026338238769926615,0.24215027010022572,0.5171437260130822,0.21436776511676559
88.417,0,0.0,0.0,0.025967283150080987,0.24036981980596378,0.517253547816019,0.21640934922793634,0.0,0.0,0.0,0.0,0.0,0.0
88.417,1,0.0,0.0,0.025967283150080987,0.24036981980596378,0.517253547816019,0.21640934922793634,0.0,0.0,0.025967283150080987,0.24036981980596378,0.517253547816019,0.21640934922793634
88.5,0,0.0,0.0,0.025599827085476774,0.23859071545170674,0.5173456027482821,0.2184638547145345,0.0,0.0,0.0,0.0,0.0,0.0
88.5,1,0.0,0.0,0.025599827085476774,0.23859071545170674,0.5173456027482821,0.2184638547145345,0.0,0.0,0.025599827085476774,0.23859071545170674,0.5173456027482821,0.2184638547145345
88.583,0,0.0,0.0,0.025235853990544056,0.23681302423249392,0.5174197994389649,0.2205313223379972,0.0,0.0,0.0,0.0,0.0,0.0
88.583,1,0.0,0.0,0.025235853990544056,0.23681302423249392,0.5174197994389649,0.2205313223379972,0.0,0.0,0.025235853990544056,0.23681302423249392,0.5174197994389649,0.2205313223379972
88.667,0,0.0,0.0,0.024875347279712908,0.2350368133433649,0.5174760465171608,0.2226117928597614,0.0,0.0,0.0,0.0,0.0,0.0
88.667,1,0.0,0.0,0.024875347279712908,0.2350368133433649,0.5174760465171608,0.2226117928597614,0.0,0.0,0.024875347279712908,0.2350368133433649,0.5174760465171608,0.2226117928597614
88.75,0,0.0,0.0,0.024518290367413525,0.23326214997935962,0.5175142526119634,0.2247053070412635,0.0,0.0,0.0,0.0,0.0,0.0
88.75,1,0.0,0.0,0.024518290367413525,0.23326214997935962,0.5175142526119634,0.2247053070412635,0.0,0.0,0.024518290367413525,0.23326214997935962,0.5175142526119634,0.2247053070412635
88.833,0,0.0,0.0,0.024164666668076106,0.23148910133551814,0.5175343263524659,0.2268119056439398,0.0,0.0,0.0,0.0,0.0,0.0
88.833,1,0.0,0.0,0.024164666668076106,0.23148910133551814,0.5175343263524659,0.2268119056439398,0.0,0.0,0.024164666668076106,0.23148910133551814,0.5175343263524659,0.2268119056439398
88.917,0,0.0,0.0,0.023814459596130724,0.22971773460688005,0.517536176367762,0.22893162942922737,0.0,0.0,0.0,0.0,0.0,0.0
88.917,1,0.0,0.0,0.023814459596130724,0.22971773460688005,0.517536176367762,0.22893162942922737,0.0,0.0,0.023814459596130724,0.22971773460688005,0.517536176367762,0.22893162942922737
89.0,0,0.0,0.0,0.023467652566007455,0.22794811698848472,0.5175197112869447,0.2310645191585632,0.0,0.0,0.0,0.0,0.0,0.0
89.0,1,0.0,0.0,0.023467652566007455,0.22794811698848472,0.5175197112869447,0.2310645191585632,0.0,0.0,0.023467652566007455,0.22794811698848472,0.5175197112869447,0.2310645191585632
89.083,0,0.0,0.0,0.023124228992136495,0.2261803156753721,0.5174848397391077,0.23321061559338363,0.0,0.0,0.0,0.0,0.0,0.0
89.083,1,0.0,0.0,0.023124228992136495,0.2261803156753721,0.5174848397391077,0.23321061559338363,0.0,0.0,0.023124228992136495,0.2261803156753721,0.5174848397391077,0.23321061559338363
89.167,0,0.0,0.0,0.022784172288948037,0.22441439786258247,0.5174314703533447,0.23536995949512493,0.0,0.0,0.0,0.0,0.0,0.0
89.167,1,0.0,0.0,0.022784172288948037,0.22441439786258247,0.5174314703533447,0.23536995949512493,0.0,0.0,0.022784172288948037,0.22441439786258247,0.5174314703533447,0.23536995949512493
89.25,0,0.0,0.0,0.02244746587087216,0.22265043074515506,0.5173595117587485,0.23754259162522426,0.0,0.0,0.0,0.0,0.0,0.0
89.25,1,0.0,0.0,0.02244746587087216,0.22265043074515506,0.5173595117587485,0.23754259162522426,0.0,0.0,0.02244746587087216,0.22265043074515506,0.5173595117587485,0.23754259162522426
89.333,0,0.0,0.0,0.022114093152338938,0.22088848151812945,0.517268872584413,0.2397285527451186,0.0,0.0,0.0,0.0,0.0,0.0
89.333,1,0.0,0.0,0.022114093152338938,0.22088848151812945,0.517268872584413,0.2397285527451186,0.0,0.0,0.022114093152338938,0.22088848151812945,0.517268872584413,0.2397285527451186
89.417,0,0.0,0.0,0.021784037547778568,0.2191286173765457,0.5171594614594316,0.24192788361624423,0.0,0.0,0.0,0.0,0.0,0.0
89.417,1,0.0,0.0,0.021784037547778568,0.2191286173765457,0.5171594614594316,0.24192788361624423,0.0,0.0,0.021784037547778568,0.2191286173765457,0.5171594614594316,0.24192788361624423
89.5,0,0.0,0.0,0.021457282471621247,0.21737090551544386,0.5170311870128974,0.24414062500003747,0.0,0.0,0.0,0.0,0.0,0.0
89.5,1,0.0,0.0,0.021457282471621247,0.21737090551544386,0.5170311870128974,0.24414062500003747,0.0,0.0,0.021457282471621247,0.21737090551544386,0.5170311870128974,0.24414062500003747
89.583,0,0.0,0.0,0.021133811338297042,0.21561541312986332,0.5168839578739043,0.24636681765793542,0.0,0.0,0.0,0.0,0.0,0.0
89.583,1,0.0,0.0,0.021133811338297042,0.21561541312986332,0.5168839578739043,0.24636681765793542,0.0,0.0,0.021133811338297042,0.21561541312986332,0.5168839578739043,0.24636681765793542
89.667,0,0.0,0.0,0.020813607562236044,0.21386220741484357,0.5167176826715452,0.2486065023513751,0.0,0.0,0.0,0.0,0.0,0.0
89.667,1,0.0,0.0,0.020813607562236044,0.21386220741484357,0.5167176826715452,0.2486065023513751,0.0,0.0,0.020813607562236044,0.21386220741484357,0.5167176826715452,0.2486065023513751
89.75,0,0.0,0.0,0.020496654557868442,0.21211135556542476,0.516532270034914,0.25085971984179284,0.0,0.0,0.0,0.0,0.0,0.0
89.75,1,0.0,0.0,0.020496654557868442,0.21211135556542476,0.516532270034914,0.25085971984179284,0.0,0.0,0.020496654557868442,0.21211135556542476,0.516532270034914,0.25085971984179284
89.833,0,0.0,0.0,0.020182935739624423,0.21036292477664675,0.5163276285931038,0.25312651089062493,0.0,0.0,0.0,0.0,0.0,0.0
89.833,1,0.0,0.0,0.020182935739624423,0.21036292477664675,0.5163276285931038,0.25312651089062493,0.0,0.0,0.020182935739624423,0.21036292477664675,0.5163276285931038,0.25312651089062493
89.917,0,0.0,0.0,0.01987243452193407,0.2086169822435492,0.5161036669752084,0.25540691625930845,0.0,0.0,0.0,0.0,0.0,0.0
89.917,1,0.0,0.0,0.01987243452193407,0.2086169822435492,0.5161036669752084,0.25540691625930845,0.0,0.0,0.01987243452193407,0.2086169822435492,0.5161036669752084,0.25540691625930845
90.0,0,0.0,0.0,0.01956513431922747,0.20687359516117143,0.5158602938103207,0.25770097670928044,0.0,0.0,0.0,0.0,0.0,0.0
90.0,1,0.0,0.0,0.01956513431922747,0.20687359516117143,0.5158602938103207,0.25770097670928044,0.0,0.0,0.01956513431922747,0.20687359516117143,0.5158602938103207,0.25770097670928044
90.083,0,0.0,0.0,0.0192610185459348,0.20513283072455357,0.5155974177275345,0.2600087330019772,0.0,0.0,0.0,0.0,0.0,0.0
90.083,1,0.0,0.0,0.0192610185459348,0.20513283072455357,0.5155974177275345,0.2600087330019772,0.0,0.0,0.0192610185459348,0.20513283072455357,0.5155974177275345,0.2600087330019772
90.167,0,0.0,0.0,0.01896007061648626,0.2033947561287356,0.5153149473559433,0.262330225898835,0.0,0.0,0.0,0.0,0.0,0.0
90.167,1,0.0,0.0,0.01896007061648626,0.2033947561287356,0.5153149473559433,0.262330225898835,0.0,0.0,0.01896007061648626,0.2033947561287356,0.5153149473559433,0.262330225898835
90.25,0,0.0,0.0,0.01866227394531193,0.201659438568757,0.5150127913246402,0.26466549616129087,0.0,0.0,0.0,0.0,0.0,0.0
90.25,1,0.0,0.0,0.01866227394531193,0.201659438568757,0.5150127913246402,0.26466549616129087,0.0,0.0,0.01866227394531193,0.201659438568757,0.5150127913246402,0.26466549616129087
90.333,0,0.0,0.0,0.01836761194684189,0.19992694523965732,0.5146908582627189,0.26701458455078203,0.0,0.0,0.0,0.0,0.0,0.0
90.333,1,0.0,0.0,0.01836761194684189,0.19992694523965732,0.5146908582627189,0.26701458455078203,0.0,0.0,0.01836761194684189,0.19992694523965732,0.5146908582627189,0.26701458455078203
90.417,0,0.0,0.0,0.01807606803550633,0.19819734333647648,0.5143490567992726,0.2693775318287447,0.0,0.0,0.0,0.0,0.0,0.0
90.417,1,0.0,0.0,0.01807606803550633,0.19819734333647648,0.5143490567992726,0.2693775318287447,0.0,0.0,0.01807606803550633,0.19819734333647648,0.5143490567992726,0.2693775318287447
90.5,0,0.0,0.0,0.01778762562573544,0.19647070005425463,0.513987295563395,0.27175437875661507,0.0,0.0,0.0,0.0,0.0,0.0
90.5,1,0.0,0.0,0.01778762562573544,0.19647070005425463,0.513987295563395,0.27175437875661507,0.0,0.0,0.01778762562573544,0.19647070005425463,0.513987295563395,0.27175437875661507
90.583,0,0.0,0.0,0.0175022681319593,0.1947470825880312,0.5136054831841793,0.27414516609583034,0.0,0.0,0.0,0.0,0.0,0.0
90.583,1,0.0,0.0,0.0175022681319593,0.1947470825880312,0.5136054831841793,0.27414516609583034,0.0,0.0,0.0175022681319593,0.1947470825880312,0.5136054831841793,0.27414516609583034
90.667,0,0.0,0.0,0.017219978968608,0.19302655813284558,0.513203528290719,0.27654993460782756,0.0,0.0,0.0,0.0,0.0,0.0
90.667,1,0.0,0.0,0.017219978968608,0.19302655813284558,0.513203528290719,0.27654993460782756,0.0,0.0,0.017219978968608,0.19302655813284558,0.513203528290719,0.27654993460782756
90.75,0,0.0,0.0,0.01694074155011172,0.1913091938837379,0.5127813395121075,0.27896872505404297,0.0,0.0,0.0,0.0,0.0,0.0
90.75,1,0.0,0.0,0.01694074155011172,0.1913091938837379,0.5127813395121075,0.27896872505404297,0.0,0.0,0.01694074155011172,0.1913091938837379,0.5127813395121075,0.27896872505404297
90.833,0,0.0,0.0,0.01666453929090065,0.18959505703574822,0.5123388254774383,0.2814015781959128,0.0,0.0,0.0,0.0,0.0,0.0
90.833,1,0.0,0.0,0.01666453929090065,0.18959505703574822,0.5123388254774383,0.2814015781959128,0.0,0.0,0.01666453929090065,0.18959505703574822,0.5123388254774383,0.2814015781959128
90.917,0,0.0,0.0,0.016391355605404875,0.18788421478391598,0.5118758948158049,0.2838485347948744,0.0,0.0,0.0,0.0,0.0,0.0
90.917,1,0.0,0.0,0.016391355605404875,0.18788421478391598,0.5118758948158049,0.2838485347948744,0.0,0.0,0.016391355605404875,0.18788421478391598,0.5118758948158049,0.2838485347948744
91.0,0,0.0,0.0,0.016121173908054478,0.18617673432328058,0.5113924561563004,0.28630963561236444,0.0,0.0,0.0,0.0,0.0,0.0
91.0,1,0.0,0.0,0.016121173908054478,0.18617673432328058,0.5113924561563004,0.28630963561236444,0.0,0.0,0.016121173908054478,0.18617673432328058,0.5113924561563004,0.28630963561236444
91.083,0,0.0,0.0,0.015853977613279654,0.18447268284888219,0.5108884181280186,0.28878492140981965,0.0,0.0,0.0,0.0,0.0,0.0
91.083,1,0.0,0.0,0.015853977613279654,0.18447268284888219,0.5108884181280186,0.28878492140981965,0.0,0.0,0.015853977613279654,0.18447268284888219,0.5108884181280186,0.28878492140981965
91.167,0,0.0,0.0,0.015589750135510578,0.18277212755576075,0.5103636893600527,0.2912744329486759,0.0,0.0,0.0,0.0,0.0,0.0
91.167,1,0.0,0.0,0.015589750135510578,0.18277212755576075,0.5103636893600527,0.2912744329486759,0.0,0.0,0.015589750135510578,0.18277212755576075,0.5103636893600527,0.2912744329486759
91.25,0,0.0,0.0,0.015328474889177338,0.1810751356389558,0.5098181784814965,0.29377821099037055,0.0,0.0,0.0,0.0,0.0,0.0
91.25,1,0.0,0.0,0.015328474889177338,0.1810751356389558,0.5098181784814965,0.29377821099037055,0.0,0.0,0.015328474889177338,0.1810751356389558,0.5098181784814965,0.29377821099037055
91.333,0,0.0,0.0,0.015070135288710025,0.17938177429350674,0.5092517941214427,0.2962962962963405,0.0,0.0,0.0,0.0,0.0,0.0
91.333,1,0.0,0.0,0.015070135288710025,0.17938177429350674,0.5092517941214427,0.2962962962963405,0.0,0.0,0.015070135288710025,0.17938177429350674,0.5092517941214427,0.2962962962963405
91.417,0,0.0,0.0,0.014814714748538823,0.17769211071445368,0.5086644449089853,0.29882872962802226,0.0,0.0,0.0,0.0,0.0,0.0
91.417,1,0.0,0.0,0.014814714748538823,0.17769211071445368,0.5086644449089853,0.29882872962802226,0.0,0.0,0.014814714748538823,0.17769211071445368,0.5086644449089853,0.29882872962802226
91.5,0,0.0,0.0,0.014562196683093913,0.17600621209683662,0.5080560394732178,0.30137555174685177,0.0,0.0,0.0,0.0,0.0,0.0
91.5,1,0.0,0.0,0.014562196683093913,0.17600621209683662,0.5080560394732178,0.30137555174685177,0.0,0.0,0.014562196683093913,0.17600621209683662,0.5080560394732178,0.30137555174685177
91.583,0,0.0,0.0,0.014312564506805382,0.17432414563569504,0.5074264864432332,0.3039368034142664,0.0,0.0,0.0,0.0,0.0,0.0
91.583,1,0.0,0.0,0.014312564506805382,0.17432414563569504,0.5074264864432332,0.3039368034142664,0.0,0.0,0.014312564506805382,0.17432414563569504,0.5074264864432332,0.3039368034142664
91.667,0,0.0,0.0,0.01406580163410332,0.1726459785260684,0.5067756944481252,0.30651252539170315,0.0,0.0,0.0,0.0,0.0,0.0
91.667,1,0.0,0.0,0.01406580163410332,0.1726459785260684,0.5067756944481252,0.30651252539170315,0.0,0.0,0.01406580163410332,0.1726459785260684,0.5067756944481252,0.30651252539170315
91.75,0,0.0,0.0,0.013821891479417918,0.17097177796299676,0.5061035721169872,0.30910275844059826,0.0,0.0,0.0,0.0,0.0,0.0
91.75,1,0.0,0.0,0.013821891479417918,0.17097177796299676,0.5061035721169872,0.30910275844059826,0.0,0.0,0.013821891479417918,0.17097177796299676,0.5061035721169872,0.30910275844059826
91.833,0,0.0,0.0,0.013580817457179341,0.16930161114152012,0.5054100280789126,0.31170754332238804,0.0,0.0,0.0,0.0,0.0,0.0
91.833,1,0.0,0.0,0.013580817457179341,0.16930161114152012,0.5054100280789126,0.31170754332238804,0.0,0.0,0.013580817457179341,0.16930161114152012,0.5054100280789126,0.31170754332238804
91.917,0,0.0,0.0,0.013342562981817688,0.167635545256678,0.5046949709629948,0.31432692079850955,0.0,0.0,0.0,0.0,0.0,0.0
91.917,1,0.0,0.0,0.013342562981817688,0.167635545256678,0.5046949709629948,0.31432692079850955,0.0,0.0,0.013342562981817688,0.167635545256678,0.5046949709629948,0.31432692079850955
92.0,0,0.0,0.0,0.013107111467763055,0.16597364750350985,0.5039583093983271,0.31696093163039996,0.0,0.0,0.0,0.0,0.0,0.0
92.0,1,0.0,0.0,0.013107111467763055,0.16597364750350985,0.5039583093983271,0.31696093163039996,0.0,0.0,0.013107111467763055,0.16597364750350985,0.5039583093983271,0.31696093163039996
92.083,0,0.0,0.0,0.012874446329445616,0.1643159850770557,0.5031999520140032,0.3196096165794955,0.0,0.0,0.0,0.0,0.0,0.0
92.083,1,0.0,0.0,0.012874446329445616,0.1643159850770557,0.5031999520140032,0.3196096165794955,0.0,0.0,0.012874446329445616,0.1643159850770557,0.5031999520140032,0.3196096165794955
92.167,0,0.0,0.0,0.01264455098129555,0.16266262517235563,0.5024198074391166,0.3222730164072323,0.0,0.0,0.0,0.0,0.0,0.0
92.167,1,0.0,0.0,0.01264455098129555,0.16266262517235563,0.5024198074391166,0.3222730164072323,0.0,0.0,0.01264455098129555,0.16266262517235563,0.5024198074391166,0.3222730164072323
92.25,0,0.0,0.0,0.01241740883774295,0.16101363498444907,0.5016177843027605,0.32495117187504763,0.0,0.0,0.0,0.0,0.0,0.0
92.25,1,0.0,0.0,0.01241740883774295,0.16101363498444907,0.5016177843027605,0.32495117187504763,0.0,0.0,0.01241740883774295,0.16101363498444907,0.5016177843027605,0.32495117187504763
92.333,0,0.0,0.0,0.01219300331321791,0.1593690817083755,0.5007937912340281,0.32764412374437857,0.0,0.0,0.0,0.0,0.0,0.0
92.333,1,0.0,0.0,0.01219300331321791,0.1593690817083755,0.5007937912340281,0.32764412374437857,0.0,0.0,0.01219300331321791,0.1593690817083755,0.5007937912340281,0.32764412374437857
92.417,0,0.0,0.0,0.011971317822150612,0.15772903253917495,0.4999477368620131,0.33035191277666137,0.0,0.0,0.0,0.0,0.0,0.0
92.417,1,0.0,0.0,0.011971317822150612,0.15772903253917495,0.4999477368620131,0.33035191277666137,0.0,0.0,0.011971317822150612,0.15772903253917495,0.4999477368620131,0.33035191277666137
92.5,0,0.0,0.0,0.011752335778971227,0.1560935546718875,0.4990795298158091,0.3330745797333321,0.0,0.0,0.0,0.0,0.0,0.0
92.5,1,0.0,0.0,0.011752335778971227,0.1560935546718875,0.4990795298158091,0.3330745797333321,0.0,0.0,0.011752335778971227,0.1560935546718875,0.4990795298158091,0.3330745797333321
92.583,0,0.0,0.0,0.011536040598109849,0.15446271530155256,0.4981890787245094,0.33581216537582814,0.0,0.0,0.0,0.0,0.0,0.0
92.583,1,0.0,0.0,0.011536040598109849,0.15446271530155256,0.4981890787245094,0.33581216537582814,0.0,0.0,0.011536040598109849,0.15446271530155256,0.4981890787245094,0.33581216537582814
92.667,0,0.0,0.0,0.011322415693996578,0.15283658162320968,0.49727629221720726,0.3385647104655865,0.0,0.0,0.0,0.0,0.0,0.0
92.667,1,0.0,0.0,0.011322415693996578,0.15283658162320968,0.49727629221720726,0.3385647104655865,0.0,0.0,0.011322415693996578,0.15283658162320968,0.49727629221720726,0.3385647104655865
92.75,0,0.0,0.0,0.011111444481061593,0.1512152208318988,0.4963410789229961,0.34133225576404347,0.0,0.0,0.0,0.0,0.0,0.0
92.75,1,0.0,0.0,0.011111444481061593,0.1512152208318988,0.4963410789229961,0.34133225576404347,0.0,0.0,0.011111444481061593,0.1512152208318988,0.4963410789229961,0.34133225576404347
92.833,0,0.0,0.0,0.010903110373735059,0.1495987001226601,0.4953833474709698,0.34411484203263504,0.0,0.0,0.0,0.0,0.0,0.0
92.833,1,0.0,0.0,0.010903110373735059,0.1495987001226601,0.4953833474709698,0.34411484203263504,0.0,0.0,0.010903110373735059,0.1495987001226601,0.4953833474709698,0.34411484203263504
92.917,0,0.0,0.0,0.010697396786447077,0.1479870866905329,0.4944030064902214,0.3469125100327987,0.0,0.0,0.0,0.0,0.0,0.0
92.917,1,0.0,0.0,0.010697396786447077,0.1479870866905329,0.4944030064902214,0.3469125100327987,0.0,0.0,0.010697396786447077,0.1479870866905329,0.4944030064902214,0.3469125100327987
93.0,0,0.0,0.0,0.01049428713362775,0.14638044773055678,0.49339996460984414,0.3497253005259714,0.0,0.0,0.0,0.0,0.0,0.0
93.0,1,0.0,0.0,0.01049428713362775,0.14638044773055678,0.49339996460984414,0.3497253005259714,0.0,0.0,0.01049428713362775,0.14638044773055678,0.49339996460984414,0.3497253005259714
93.083,0,0.0,0.0,0.010293764829707244,0.14477885043777172,0.49237413045893186,0.35255325427358936,0.0,0.0,0.0,0.0,0.0,0.0
93.083,1,0.0,0.0,0.010293764829707244,0.14477885043777172,0.49237413045893186,0.35255325427358936,0.0,0.0,0.010293764829707244,0.14477885043777172,0.49237413045893186,0.35255325427358936
93.167,0,0.0,0.0,0.010095813289115733,0.1431823620072178,0.4913254126665778,0.35539641203708877,0.0,0.0,0.0,0.0,0.0,0.0
93.167,1,0.0,0.0,0.010095813289115733,0.1431823620072178,0.4913254126665778,0.35539641203708877,0.0,0.0,0.010095813289115733,0.1431823620072178,0.4913254126665778,0.35539641203708877
93.25,0,0.0,0.0,0.009900415926283318,0.1415910496339344,0.4902537198618755,0.3582548145779068,0.0,0.0,0.0,0.0,0.0,0.0
93.25,1,0.0,0.0,0.009900415926283318,0.1415910496339344,0.4902537198618755,0.3582548145779068,0.0,0.0,0.009900415926283318,0.1415910496339344,0.4902537198618755,0.3582548145779068
93.333,0,0.0,0.0,0.009707556155640102,0.14000498051296115,0.4891589606739181,0.36112850265748075,0.0,0.0,0.0,0.0,0.0,0.0
93.333,1,0.0,0.0,0.009707556155640102,0.14000498051296115,0.4891589606739181,0.36112850265748075,0.0,0.0,0.009707556155640102,0.14000498051296115,0.4891589606739181,0.36112850265748075
93.417,0,0.0,0.0,0.009517217391616255,0.13842422183933795,0.4880410437317993,0.36401751703724655,0.0,0.0,0.0,0.0,0.0,0.0
93.417,1,0.0,0.0,0.009517217391616255,0.13842422183933795,0.4880410437317993,0.36401751703724655,0.0,0.0,0.009517217391616255,0.13842422183933795,0.4880410437317993,0.36401751703724655
93.5,0,0.0,0.0,0.00932938304864194,0.1368488408081049,0.4868998776646125,0.36692189847864065,0.0,0.0,0.0,0.0,0.0,0.0
93.5,1,0.0,0.0,0.00932938304864194,0.1368488408081049,0.4868998776646125,0.36692189847864065,0.0,0.0,0.00932938304864194,0.1368488408081049,0.4868998776646125,0.36692189847864065
93.583,0,0.0,0.0,0.009144036541147262,0.13527890461430142,0.48573537110145115,0.3698416877431001,0.0,0.0,0.0,0.0,0.0,0.0
93.583,1,0.0,0.0,0.009144036541147262,0.13527890461430142,0.48573537110145115,0.3698416877431001,0.0,0.0,0.009144036541147262,0.13527890461430142,0.48573537110145115,0.3698416877431001
93.667,0,0.0,0.0,0.008961161283562332,0.1337144804529671,0.4845474326714085,0.37277692559206205,0.0,0.0,0.0,0.0,0.0,0.0
93.667,1,0.0,0.0,0.008961161283562332,0.1337144804529671,0.4845474326714085,0.37277692559206205,0.0,0.0,0.008961161283562332,0.1337144804529671,0.4845474326714085,0.37277692559206205
93.75,0,0.0,0.0,0.008780740690317309,0.1321556355191419,0.48333597100357806,0.37572765278696285,0.0,0.0,0.0,0.0,0.0,0.0
93.75,1,0.0,0.0,0.008780740690317309,0.1321556355191419,0.48333597100357806,0.37572765278696285,0.0,0.0,0.008780740690317309,0.1321556355191419,0.48333597100357806,0.37572765278696285
93.833,0,0.0,0.0,0.008602758175842362,0.13060243700786578,0.48210089472705336,0.3786939100892385,0.0,0.0,0.0,0.0,0.0,0.0
93.833,1,0.0,0.0,0.008602758175842362,0.13060243700786578,0.48210089472705336,0.3786939100892385,0.0,0.0,0.008602758175842362,0.13060243700786578,0.48210089472705336,0.3786939100892385
93.917,0,0.0,0.0,0.008427197154567597,0.12905495211417836,0.4808421124709279,0.3816757382603262,0.0,0.0,0.0,0.0,0.0,0.0
93.917,1,0.0,0.0,0.008427197154567597,0.12905495211417836,0.4808421124709279,0.3816757382603262,0.0,0.0,0.008427197154567597,0.12905495211417836,0.4808421124709279,0.3816757382603262
94.0,0,0.0,0.0,0.00825404104092312,0.12751324803311903,0.47955953286429465,0.38467317806166307,0.0,0.0,0.0,0.0,0.0,0.0
94.0,1,0.0,0.0,0.00825404104092312,0.12751324803311903,0.47955953286429465,0.38467317806166307,0.0,0.0,0.00825404104092312,0.12751324803311903,0.47955953286429465,0.38467317806166307
94.083,0,0.0,0.0,0.008083273249339096,0.12597739195972787,0.4782530645362475,0.3876862702546857,0.0,0.0,0.0,0.0,0.0,0.0
94.083,1,0.0,0.0,0.008083273249339096,0.12597739195972787,0.4782530645362475,0.3876862702546857,0.0,0.0,0.008083273249339096,0.12597739195972787,0.4782530645362475,0.3876862702546857
94.167,0,0.0,0.0,0.00791487719424569,0.12444745108904487,0.4769226161158798,0.39071505560082964,0.0,0.0,0.0,0.0,0.0,0.0
94.167,1,0.0,0.0,0.00791487719424569,0.12444745108904487,0.4769226161158798,0.39071505560082964,0.0,0.0,0.00791487719424569,0.12444745108904487,0.4769226161158798,0.39071505560082964
94.25,0,0.0,0.0,0.007748836290073008,0.12292349261610952,0.47556809623228496,0.3937595748615326,0.0,0.0,0.0,0.0,0.0,0.0
94.25,1,0.0,0.0,0.007748836290073008,0.12292349261610952,0.47556809623228496,0.3937595748615326,0.0,0.0,0.007748836290073008,0.12292349261610952,0.47556809623228496,0.3937595748615326
94.333,0,0.0,0.0,0.007585133951251158,0.1214055837359613,0.47418941351455607,0.3968198687982315,0.0,0.0,0.0,0.0,0.0,0.0
94.333,1,0.0,0.0,0.007585133951251158,0.1214055837359613,0.47418941351455607,0.3968198687982315,0.0,0.0,0.007585133951251158,0.1214055837359613,0.47418941351455607,0.3968198687982315
94.417,0,0.0,0.0,0.007423753592210304,0.11989379164364028,0.4727864765917869,0.3998959781723625,0.0,0.0,0.0,0.0,0.0,0.0
94.417,1,0.0,0.0,0.007423753592210304,0.11989379164364028,0.4727864765917869,0.3998959781723625,0.0,0.0,0.007423753592210304,0.11989379164364028,0.4727864765917869,0.3998959781723625
94.5,0,0.0,0.0,0.007264678627380611,0.11838818353418644,0.47135919409307114,0.40298794374536195,0.0,0.0,0.0,0.0,0.0,0.0
94.5,1,0.0,0.0,0.007264678627380611,0.11838818353418644,0.47135919409307114,0.40298794374536195,0.0,0.0,0.007264678627380611,0.11838818353418644,0.47135919409307114,0.40298794374536195
94.583,0,0.0,0.0,0.007107892471192183,0.11688882660263926,0.4699074746475017,0.40609580627866687,0.0,0.0,0.0,0.0,0.0,0.0
94.583,1,0.0,0.0,0.007107892471192183,0.11688882660263926,0.4699074746475017,0.40609580627866687,0.0,0.0,0.007107892471192183,0.11688882660263926,0.4699074746475017,0.40609580627866687
94.667,0,0.0,0.0,0.006953378538075132,0.11539578804403827,0.4684312268841721,0.4092196065337145,0.0,0.0,0.0,0.0,0.0,0.0
94.667,1,0.0,0.0,0.006953378538075132,0.11539578804403827,0.4684312268841721,0.4092196065337145,0.0,0.0,0.006953378538075132,0.11539578804403827,0.4684312268841721,0.4092196065337145
94.75,0,0.0,0.0,0.00680112024245962,0.11390913505342345,0.4669303594321758,0.41235938527194105,0.0,0.0,0.0,0.0,0.0,0.0
94.75,1,0.0,0.0,0.00680112024245962,0.11390913505342345,0.4669303594321758,0.41235938527194105,0.0,0.0,0.00680112024245962,0.11390913505342345,0.4669303594321758,0.41235938527194105
94.833,0,0.0,0.0,0.0066511009987758095,0.11242893482583488,0.46540478092060666,0.4155151832547827,0.0,0.0,0.0,0.0,0.0,0.0
94.833,1,0.0,0.0,0.0066511009987758095,0.11242893482583488,0.46540478092060666,0.4155151832547827,0.0,0.0,0.0066511009987758095,0.11242893482583488,0.46540478092060666,0.4155151832547827
94.917,0,0.0,0.0,0.006503304221453808,0.11095525455631197,0.4638543999785577,0.41868704124367667,0.0,0.0,0.0,0.0,0.0,0.0
94.917,1,0.0,0.0,0.006503304221453808,0.11095525455631197,0.4638543999785577,0.41868704124367667,0.0,0.0,0.006503304221453808,0.11095525455631197,0.4638543999785577,0.41868704124367667
95.0,0,0.0,0.0,0.0063577133249237295,0.10948816143989425,0.462279125235122,0.42187500000005995,0.0,0.0,0.0,0.0,0.0,0.0
95.0,1,0.0,0.0,0.0063577133249237295,0.10948816143989425,0.462279125235122,0.42187500000005995,0.0,0.0,0.0063577133249237295,0.10948816143989425,0.462279125235122,0.42187500000005995
95.083,0,0.0,0.0,0.00621431172361573,0.10802772267162176,0.4606788653193935,0.42507910028536894,0.0,0.0,0.0,0.0,0.0,0.0
95.083,1,0.0,0.0,0.00621431172361573,0.10802772267162176,0.4606788653193935,0.42507910028536894,0.0,0.0,0.00621431172361573,0.10802772267162176,0.4606788653193935,0.42507910028536894
95.167,0,0.0,0.0,0.006073082831959977,0.1065740054465345,0.4590535288604659,0.4282993828610397,0.0,0.0,0.0,0.0,0.0,0.0
95.167,1,0.0,0.0,0.006073082831959977,0.1065740054465345,0.4590535288604659,0.4282993828610397,0.0,0.0,0.006073082831959977,0.1065740054465345,0.4590535288604659,0.4282993828610397
95.25,0,0.0,0.0,0.005934010064386574,0.10512707695967197,0.4574030244874321,0.4315358884885095,0.0,0.0,0.0,0.0,0.0,0.0
95.25,1,0.0,0.0,0.005934010064386574,0.10512707695967197,0.4574030244874321,0.4315358884885095,0.0,0.0,0.005934010064386574,0.10512707695967197,0.4574030244874321,0.4315358884885095
95.333,0,0.0,0.0,0.005797076835325637,0.10368700440607365,0.4557272608293853,0.43478865792921534,0.0,0.0,0.0,0.0,0.0,0.0
95.333,1,0.0,0.0,0.005797076835325637,0.10368700440607365,0.4557272608293853,0.43478865792921534,0.0,0.0,0.005797076835325637,0.10368700440607365,0.4557272608293853,0.43478865792921534
95.417,0,0.0,0.0,0.005662266559207326,0.1022538549807796,0.45402614651541945,0.4380577319445936,0.0,0.0,0.0,0.0,0.0,0.0
95.417,1,0.0,0.0,0.005662266559207326,0.1022538549807796,0.45402614651541945,0.4380577319445936,0.0,0.0,0.005662266559207326,0.1022538549807796,0.45402614651541945,0.4380577319445936
95.5,0,0.0,0.0,0.005529562650461797,0.10082769587882974,0.45229959017462806,0.4413431512960803,0.0,0.0,0.0,0.0,0.0,0.0
95.5,1,0.0,0.0,0.005529562650461797,0.10082769587882974,0.45229959017462806,0.4413431512960803,0.0,0.0,0.005529562650461797,0.10082769587882974,0.45229959017462806,0.4413431512960803
95.583,0,0.0,0.0,0.005398948523519166,0.09940859429526365,0.45054750043610436,0.44464495674511284,0.0,0.0,0.0,0.0,0.0,0.0
95.583,1,0.0,0.0,0.005398948523519166,0.09940859429526365,0.45054750043610436,0.44464495674511284,0.0,0.0,0.005398948523519166,0.09940859429526365,0.45054750043610436,0.44464495674511284
95.667,0,0.0,0.0,0.005270407592809543,0.09799661742512081,0.44876978592894146,0.4479631890531282,0.0,0.0,0.0,0.0,0.0,0.0
95.667,1,0.0,0.0,0.005270407592809543,0.09799661742512081,0.44876978592894146,0.4479631890531282,0.0,0.0,0.005270407592809543,0.09799661742512081,0.44876978592894146,0.4479631890531282
95.75,0,0.0,0.0,0.00514392327276309,0.09659183246344125,0.44696635528223294,0.45129788898156276,0.0,0.0,0.0,0.0,0.0,0.0
95.75,1,0.0,0.0,0.00514392327276309,0.09659183246344125,0.44696635528223294,0.45129788898156276,0.0,0.0,0.00514392327276309,0.09659183246344125,0.44696635528223294,0.45129788898156276
95.833,0,0.0,0.0,0.00501947897780996,0.0951943066052649,0.44513711712507276,0.4546490972918523,0.0,0.0,0.0,0.0,0.0,0.0
95.833,1,0.0,0.0,0.00501947897780996,0.0951943066052649,0.44513711712507276,0.4546490972918523,0.0,0.0,0.00501947897780996,0.0951943066052649,0.44513711712507276,0.4546490972918523
95.917,0,0.0,0.0,0.00489705812238027,0.09380410704563134,0.44328198008655384,0.45801685474543447,0.0,0.0,0.0,0.0,0.0,0.0
95.917,1,0.0,0.0,0.00489705812238027,0.09380410704563134,0.44328198008655384,0.45801685474543447,0.0,0.0,0.00489705812238027,0.09380410704563134,0.44328198008655384,0.45801685474543447
96.0,0,0.0,0.0,0.004776644120904135,0.09242130097958008,0.44140085279576957,0.46140120210374624,0.0,0.0,0.0,0.0,0.0,0.0
96.0,1,0.0,0.0,0.004776644120904135,0.09242130097958008,0.44140085279576957,0.46140120210374624,0.0,0.0,0.004776644120904135,0.09242130097958008,0.44140085279576957,0.46140120210374624
96.083,0,0.0,0.0,0.004658220387811711,0.09104595560215109,0.43949364388181344,0.4648021801282239,0.0,0.0,0.0,0.0,0.0,0.0
96.083,1,0.0,0.0,0.004658220387811711,0.09104595560215109,0.43949364388181344,0.4648021801282239,0.0,0.0,0.004658220387811711,0.09104595560215109,0.43949364388181344,0.4648021801282239
96.167,0,0.0,0.0,0.004541770337533153,0.08967813810838438,0.4375602619737792,0.4682198295803032,0.0,0.0,0.0,0.0,0.0,0.0
96.167,1,0.0,0.0,0.004541770337533153,0.08967813810838438,0.4375602619737792,0.4682198295803032,0.0,0.0,0.004541770337533153,0.08967813810838438,0.4375602619737792,0.4682198295803032
96.25,0,0.0,0.0,0.0044272773844985765,0.08831791569331944,0.43560061570076014,0.47165419122142194,0.0,0.0,0.0,0.0,0.0,0.0
96.25,1,0.0,0.0,0.0044272773844985765,0.08831791569331944,0.43560061570076014,0.47165419122142194,0.0,0.0,0.0044272773844985765,0.08831791569331944,0.43560061570076014,0.47165419122142194
96.333,0,0.0,0.0,0.0043147249431380996,0.08696535555199583,0.4336146136918492,0.4751053058130169,0.0,0.0,0.0,0.0,0.0,0.0
96.333,1,0.0,0.0,0.0043147249431380996,0.08696535555199583,0.4336146136918492,0.4751053058130169,0.0,0.0,0.0043147249431380996,0.08696535555199583,0.4336146136918492,0.4751053058130169
96.417,0,0.0,0.0,0.004204096427881877,0.08562052487945351,0.4316021645761402,0.4785732141165245,0.0,0.0,0.0,0.0,0.0,0.0
96.417,1,0.0,0.0,0.004204096427881877,0.08562052487945351,0.4316021645761402,0.4785732141165245,0.0,0.0,0.004204096427881877,0.08562052487945351,0.4316021645761402,0.4785732141165245
96.5,0,0.0,0.0,0.0040953752531600615,0.08428349087073247,0.42956317698272684,0.48205795689338055,0.0,0.0,0.0,0.0,0.0,0.0
96.5,1,0.0,0.0,0.0040953752531600615,0.08428349087073247,0.42956317698272684,0.48205795689338055,0.0,0.0,0.0040953752531600615,0.08428349087073247,0.42956317698272684,0.48205795689338055
96.583,0,0.0,0.0,0.003988544833402771,0.08295432072087225,0.42749755954070234,0.48555957490502266,0.0,0.0,0.0,0.0,0.0,0.0
96.583,1,0.0,0.0,0.003988544833402771,0.08295432072087225,0.42749755954070234,0.48555957490502266,0.0,0.0,0.003988544833402771,0.08295432072087225,0.42749755954070234,0.48555957490502266
96.667,0,0.0,0.0,0.0038835885830401243,0.08163308162491238,0.4254052208791597,0.48907810891288783,0.0,0.0,0.0,0.0,0.0,0.0
96.667,1,0.0,0.0,0.0038835885830401243,0.08163308162491238,0.4254052208791597,0.48907810891288783,0.0,0.0,0.0038835885830401243,0.08163308162491238,0.4254052208791597,0.48907810891288783
96.75,0,0.0,0.0,0.0037804899165022744,0.08031984077789284,0.42328606962719273,0.4926135996784123,0.0,0.0,0.0,0.0,0.0,0.0
96.75,1,0.0,0.0,0.0037804899165022744,0.08031984077789284,0.42328606962719273,0.4926135996784123,0.0,0.0,0.0037804899165022744,0.08031984077789284,0.42328606962719273,0.4926135996784123
96.833,0,0.0,0.0,0.003679232248219374,0.07901466537485358,0.4211400144138951,0.49616608796303197,0.0,0.0,0.0,0.0,0.0,0.0
96.833,1,0.0,0.0,0.003679232248219374,0.07901466537485358,0.4211400144138951,0.49616608796303197,0.0,0.0,0.003679232248219374,0.07901466537485358,0.4211400144138951,0.49616608796303197
96.917,0,0.0,0.0,0.0035797989926215417,0.07771762261083416,0.41896696386835997,0.4997356145281844,0.0,0.0,0.0,0.0,0.0,0.0
96.917,1,0.0,0.0,0.0035797989926215417,0.07771762261083416,0.41896696386835997,0.4997356145281844,0.0,0.0,0.0035797989926215417,0.07771762261083416,0.41896696386835997,0.4997356145281844
97.0,0,0.0,0.0,0.003482173564138897,0.07642877968087414,0.41676682661968045,0.5033222201353066,0.0,0.0,0.0,0.0,0.0,0.0
97.0,1,0.0,0.0,0.003482173564138897,0.07642877968087414,0.41676682661968045,0.5033222201353066,0.0,0.0,0.003482173564138897,0.07642877968087414,0.41676682661968045,0.5033222201353066
97.083,0,0.0,0.0,0.003386339377201592,0.07514820378001343,0.4145395112969502,0.5069259455458348,0.0,0.0,0.0,0.0,0.0,0.0
97.083,1,0.0,0.0,0.003386339377201592,0.07514820378001343,0.4145395112969502,0.5069259455458348,0.0,0.0,0.003386339377201592,0.07514820378001343,0.4145395112969502,0.5069259455458348
97.167,0,0.0,0.0,0.0032922798462397783,0.07387596210329204,0.4122849265292632,0.510546831521205,0.0,0.0,0.0,0.0,0.0,0.0
97.167,1,0.0,0.0,0.0032922798462397783,0.07387596210329204,0.4122849265292632,0.510546831521205,0.0,0.0,0.0032922798462397783,0.07387596210329204,0.4122849265292632,0.510546831521205
97.25,0,0.0,0.0,0.0031999783856835754,0.07261212184574954,0.4100029809457124,0.5141849188228546,0.0,0.0,0.0,0.0,0.0,0.0
97.25,1,0.0,0.0,0.0031999783856835754,0.07261212184574954,0.4100029809457124,0.5141849188228546,0.0,0.0,0.0031999783856835754,0.07261212184574954,0.4100029809457124,0.5141849188228546
97.333,0,0.0,0.0,0.0031094184099631043,0.07135675020242542,0.40769358317539084,0.5178402482122206,0.0,0.0,0.0,0.0,0.0,0.0
97.333,1,0.0,0.0,0.0031094184099631043,0.07135675020242542,0.40769358317539084,0.5178402482122206,0.0,0.0,0.0031094184099631043,0.07135675020242542,0.40769358317539084,0.5178402482122206
97.417,0,0.0,0.0,0.003020583333508516,0.07010991436835966,0.4053566418473923,0.5215128604507395,0.0,0.0,0.0,0.0,0.0,0.0
97.417,1,0.0,0.0,0.003020583333508516,0.07010991436835966,0.4053566418473923,0.5215128604507395,0.0,0.0,0.003020583333508516,0.07010991436835966,0.4053566418473923,0.5215128604507395
97.5,0,0.0,0.0,0.0029334565707499604,0.06887168153859224,0.4029920655908107,0.5252027962998472,0.0,0.0,0.0,0.0,0.0,0.0
97.5,1,0.0,0.0,0.0029334565707499604,0.06887168153859224,0.4029920655908107,0.5252027962998472,0.0,0.0,0.0029334565707499604,0.06887168153859224,0.4029920655908107,0.5252027962998472
97.583,0,0.0,0.0,0.0028480215361175593,0.06764211890816271,0.400599763034739,0.5289100965209809,0.0,0.0,0.0,0.0,0.0,0.0
97.583,1,0.0,0.0,0.0028480215361175593,0.06764211890816271,0.400599763034739,0.5289100965209809,0.0,0.0,0.0028480215361175593,0.06764211890816271,0.400599763034739,0.5289100965209809
97.667,0,0.0,0.0,0.0027642616440414335,0.0664212936721106,0.3981796428082702,0.5326348018755778,0.0,0.0,0.0,0.0,0.0,0.0
97.667,1,0.0,0.0,0.0027642616440414335,0.0664212936721106,0.3981796428082702,0.5326348018755778,0.0,0.0,0.0027642616440414335,0.0664212936721106,0.3981796428082702,0.5326348018755778
97.75,0,0.0,0.0,0.002682160308951734,0.06520927302547588,0.39573161354049824,0.5363769531250743,0.0,0.0,0.0,0.0,0.0,0.0
97.75,1,0.0,0.0,0.002682160308951734,0.06520927302547588,0.39573161354049824,0.5363769531250743,0.0,0.0,0.002682160308951734,0.06520927302547588,0.39573161354049824,0.5363769531250743
97.833,0,0.0,0.0,0.002601700945278609,0.06400612416329851,0.39325558386051684,0.540136591030906,0.0,0.0,0.0,0.0,0.0,0.0
97.833,1,0.0,0.0,0.002601700945278609,0.06400612416329851,0.39325558386051684,0.540136591030906,0.0,0.0,0.002601700945278609,0.06400612416329851,0.39325558386051684,0.540136591030906
97.917,0,0.0,0.0,0.0025228669674521816,0.06281191428061805,0.3907514623974191,0.5439137563545108,0.0,0.0,0.0,0.0,0.0,0.0
97.917,1,0.0,0.0,0.0025228669674521816,0.06281191428061805,0.3907514623974191,0.5439137563545108,0.0,0.0,0.0025228669674521816,0.06281191428061805,0.3907514623974191,0.5439137563545108
98.0,0,0.0,0.0,0.002445641789902573,0.06162671057247403,0.388219157780298,0.5477084898573255,0.0,0.0,0.0,0.0,0.0,0.0
98.0,1,0.0,0.0,0.002445641789902573,0.06162671057247403,0.388219157780298,0.5477084898573255,0.0,0.0,0.002445641789902573,0.06162671057247403,0.388219157780298,0.5477084898573255
98.083,0,0.0,0.0,0.0023700088270599334,0.06045058023390643,0.3856585786382473,0.5515208323007863,0.0,0.0,0.0,0.0,0.0,0.0
98.083,1,0.0,0.0,0.0023700088270599334,0.06045058023390643,0.3856585786382473,0.5515208323007863,0.0,0.0,0.0023700088270599334,0.06045058023390643,0.3856585786382473,0.5515208323007863
98.167,0,0.0,0.0,0.002295951493354411,0.05928359045995521,0.3830696336003611,0.5553508244463293,0.0,0.0,0.0,0.0,0.0,0.0
98.167,1,0.0,0.0,0.002295951493354411,0.05928359045995521,0.3830696336003611,0.5553508244463293,0.0,0.0,0.002295951493354411,0.05928359045995521,0.3830696336003611,0.5553508244463293
98.25,0,0.0,0.0,0.002223453203216129,0.058125808445659906,0.3804522312957322,0.559198507055392,0.0,0.0,0.0,0.0,0.0,0.0
98.25,1,0.0,0.0,0.002223453203216129,0.058125808445659906,0.3804522312957322,0.559198507055392,0.0,0.0,0.002223453203216129,0.058125808445659906,0.3804522312957322,0.559198507055392
98.333,0,0.0,0.0,0.0021524973710752094,0.056977301386060074,0.37780628035345354,0.5630639208894112,0.0,0.0,0.0,0.0,0.0,0.0
98.333,1,0.0,0.0,0.0021524973710752094,0.056977301386060074,0.37780628035345354,0.5630639208894112,0.0,0.0,0.0021524973710752094,0.056977301386060074,0.37780628035345354,0.5630639208894112
98.417,0,0.0,0.0,0.002083067411361802,0.05583813647619569,0.3751316894026191,0.5669471067098234,0.0,0.0,0.0,0.0,0.0,0.0
98.417,1,0.0,0.0,0.002083067411361802,0.05583813647619569,0.3751316894026191,0.5669471067098234,0.0,0.0,0.002083067411361802,0.05583813647619569,0.3751316894026191,0.5669471067098234
98.5,0,0.0,0.0,0.002015146738506054,0.05470838091110669,0.37242836707232285,0.5708481052780645,0.0,0.0,0.0,0.0,0.0,0.0
98.5,1,0.0,0.0,0.002015146738506054,0.05470838091110669,0.37242836707232285,0.5708481052780645,0.0,0.0,0.002015146738506054,0.05470838091110669,0.37242836707232285,0.5708481052780645
98.583,0,0.0,0.0,0.0019487187669380884,0.05358810188583263,0.3696962219916575,0.5747669573555717,0.0,0.0,0.0,0.0,0.0,0.0
98.583,1,0.0,0.0,0.0019487187669380884,0.05358810188583263,0.3696962219916575,0.5747669573555717,0.0,0.0,0.0019487187669380884,0.05358810188583263,0.3696962219916575,0.5747669573555717
98.667,0,0.0,0.0,0.0018837669110880304,0.052477366595413084,0.3669351627897162,0.5787037037037825,0.0,0.0,0.0,0.0,0.0,0.0
98.667,1,0.0,0.0,0.0018837669110880304,0.052477366595413084,0.3669351627897162,0.5787037037037825,0.0,0.0,0.0018837669110880304,0.052477366595413084,0.3669351627897162,0.5787037037037825
98.75,0,0.0,0.0,0.0018202745853860274,0.051376242234888,0.3641450980955929,0.5826583850841331,0.0,0.0,0.0,0.0,0.0,0.0
98.75,1,0.0,0.0,0.0018202745853860274,0.051376242234888,0.3641450980955929,0.5826583850841331,0.0,0.0,0.0018202745853860274,0.051376242234888,0.3641450980955929,0.5826583850841331
98.833,0,0.0,0.0,0.001758225204262225,0.05028479599929732,0.3613259365383813,0.5866310422580592,0.0,0.0,0.0,0.0,0.0,0.0
98.833,1,0.0,0.0,0.001758225204262225,0.05028479599929732,0.3613259365383813,0.5866310422580592,0.0,0.0,0.001758225204262225,0.05028479599929732,0.3613259365383813,0.5866310422580592
98.917,0,0.0,0.0,0.0016976021821467483,0.049203095083680606,0.3584775867471746,0.5906217159869982,0.0,0.0,0.0,0.0,0.0,0.0
98.917,1,0.0,0.0,0.0016976021821467483,0.049203095083680606,0.3584775867471746,0.5906217159869982,0.0,0.0,0.0016976021821467483,0.049203095083680606,0.3584775867471746,0.5906217159869982
99.0,0,0.0,0.0,0.0016383889334697233,0.04813120668307743,0.35559995735106553,0.5946304470323874,0.0,0.0,0.0,0.0,0.0,0.0
99.0,1,0.0,0.0,0.0016383889334697233,0.04813120668307743,0.35559995735106553,0.5946304470323874,0.0,0.0,0.0016383889334697233,0.04813120668307743,0.35559995735106553,0.5946304470323874
99.083,0,0.0,0.0,0.0015805688726612957,0.04706919799252772,0.352692956979148,0.598657276155663,0.0,0.0,0.0,0.0,0.0,0.0
99.083,1,0.0,0.0,0.0015805688726612957,0.04706919799252772,0.352692956979148,0.598657276155663,0.0,0.0,0.0015805688726612957,0.04706919799252772,0.352692956979148,0.598657276155663
99.167,0,0.0,0.0,0.0015241254141516113,0.046017136207071443,0.349756494260516,0.6027022441182607,0.0,0.0,0.0,0.0,0.0,0.0
99.167,1,0.0,0.0,0.0015241254141516113,0.046017136207071443,0.349756494260516,0.6027022441182607,0.0,0.0,0.0015241254141516113,0.046017136207071443,0.349756494260516,0.6027022441182607
99.25,0,0.0,0.0,0.0014690419723707956,0.04497508852174816,0.3467904778242627,0.6067653916816184,0.0,0.0,0.0,0.0,0.0,0.0
99.25,1,0.0,0.0,0.0014690419723707956,0.04497508852174816,0.3467904778242627,0.6067653916816184,0.0,0.0,0.0014690419723707956,0.04497508852174816,0.3467904778242627,0.6067653916816184
99.333,0,0.0,0.0,0.001415301961748975,0.043943122131597435,0.3437948162994806,0.6108467596071729,0.0,0.0,0.0,0.0,0.0,0.0
99.333,1,0.0,0.0,0.001415301961748975,0.043943122131597435,0.3437948162994806,0.6108467596071729,0.0,0.0,0.001415301961748975,0.043943122131597435,0.3437948162994806,0.6108467596071729
99.417,0,0.0,0.0,0.0013628887967162956,0.04292130423165922,0.34076941831526386,0.6149463886563605,0.0,0.0,0.0,0.0,0.0,0.0
99.417,1,0.0,0.0,0.0013628887967162956,0.04292130423165922,0.34076941831526386,0.6149463886563605,0.0,0.0,0.0013628887967162956,0.04292130423165922,0.34076941831526386,0.6149463886563605
99.5,0,0.0,0.0,0.0013117858917029005,0.04190970201697343,0.33771419250070644,0.6190643195906171,0.0,0.0,0.0,0.0,0.0,0.0
99.5,1,0.0,0.0,0.0013117858917029005,0.04190970201697343,0.33771419250070644,0.6190643195906171,0.0,0.0,0.0013117858917029005,0.04190970201697343,0.33771419250070644,0.6190643195906171
99.583,0,0.0,0.0,0.0012619766611389174,0.04090838268257966,0.3346290474849012,0.6232005931713802,0.0,0.0,0.0,0.0,0.0,0.0
99.583,1,0.0,0.0,0.0012619766611389174,0.04090838268257966,0.3346290474849012,0.6232005931713802,0.0,0.0,0.0012619766611389174,0.04090838268257966,0.3346290474849012,0.6232005931713802
99.667,0,0.0,0.0,0.0012134445194544737,0.0399174134235175,0.33151389189694114,0.627355250160087,0.0,0.0,0.0,0.0,0.0,0.0
99.667,1,0.0,0.0,0.0012134445194544737,0.0399174134235175,0.33151389189694114,0.627355250160087,0.0,0.0,0.0012134445194544737,0.0399174134235175,0.33151389189694114,0.627355250160087
99.75,0,0.0,0.0,0.0011661728810797134,0.038936861434826844,0.32836863436592,0.6315283313181735,0.0,0.0,0.0,0.0,0.0,0.0
99.75,1,0.0,0.0,0.0011661728810797134,0.038936861434826844,0.32836863436592,0.6315283313181735,0.0,0.0,0.0011661728810797134,0.038936861434826844,0.32836863436592,0.6315283313181735
99.833,0,0.0,0.0,0.0011201451604447802,0.03796679391154764,0.32519318352093185,0.6357198774070758,0.0,0.0,0.0,0.0,0.0,0.0
99.833,1,0.0,0.0,0.0011201451604447802,0.03796679391154764,0.32519318352093185,0.6357198774070758,0.0,0.0,0.0011201451604447802,0.03796679391154764,0.32519318352093185,0.6357198774070758
99.917,0,0.0,0.0,0.0010753447719798017,0.03700727804871948,0.32198744799106965,0.6399299291882311,0.0,0.0,0.0,0.0,0.0,0.0
99.917,1,0.0,0.0,0.0010753447719798017,0.03700727804871948,0.32198744799106965,0.6399299291882311,0.0,0.0,0.0010753447719798017,0.03700727804871948,0.32198744799106965,0.6399299291882311
100.0,0,0.0,0.0,0.001031755130114906,0.03605838104138193,0.3187513364054262,0.644158527423077,0.0,0.0,0.0,0.0,0.0,0.0
100.0,1,0.0,0.0,0.001031755130114906,0.03605838104138193,0.3187513364054262,0.644158527423077,0.0,0.0,0.001031755130114906,0.03605838104138193,0.3187513364054262,0.644158527423077
100.083,0,0.0,0.0,0.000989359649280237,0.03512017008457494,0.3154847573930955,0.6484057128730494,0.0,0.0,0.0,0.0,0.0,0.0
100.083,1,0.0,0.0,0.000989359649280237,0.03512017008457494,0.3154847573930955,0.6484057128730494,0.0,0.0,0.000989359649280237,0.03512017008457494,0.3154847573930955,0.6484057128730494
100.167,0,0.0,0.0,0.0009481417439059374,0.034192712373338416,0.31218761958317154,0.6526715262995841,0.0,0.0,0.0,0.0,0.0,0.0
100.167,1,0.0,0.0,0.0009481417439059374,0.034192712373338416,0.31218761958317154,0.6526715262995841,0.0,0.0,0.0009481417439059374,0.034192712373338416,0.31218761958317154,0.6526715262995841
100.25,0,0.0,0.0,0.0009080848284221352,0.03327607510271195,0.3088598316047473,0.6569560084641186,0.0,0.0,0.0,0.0,0.0,0.0
100.25,1,0.0,0.0,0.0009080848284221352,0.03327607510271195,0.3088598316047473,0.6569560084641186,0.0,0.0,0.0009080848284221352,0.03327607510271195,0.3088598316047473,0.6569560084641186
100.333,0,0.0,0.0,0.00086917231725896,0.032370325467735134,0.3055013020869154,0.6612592001280905,0.0,0.0,0.0,0.0,0.0,0.0
100.333,1,0.0,0.0,0.00086917231725896,0.032370325467735134,0.3055013020869154,0.6612592001280905,0.0,0.0,0.00086917231725896,0.032370325467735134,0.3055013020869154,0.6612592001280905
100.417,0,0.0,0.0,0.000831387624846554,0.031475530663447895,0.30211193965877,0.6655811420529356,0.0,0.0,0.0,0.0,0.0,0.0
100.417,1,0.0,0.0,0.000831387624846554,0.031475530663447895,0.30211193965877,0.6655811420529356,0.0,0.0,0.000831387624846554,0.031475530663447895,0.30211193965877,0.6655811420529356
100.5,0,0.0,0.0,0.0007947141656150596,0.03059175788489013,0.2986916529494051,0.6699218750000897,0.0,0.0,0.0,0.0,0.0,0.0
100.5,1,0.0,0.0,0.0007947141656150596,0.03059175788489013,0.2986916529494051,0.6699218750000897,0.0,0.0,0.0007947141656150596,0.03059175788489013,0.2986916529494051,0.6699218750000897
100.583,0,0.0,0.0,0.0007591353539946057,0.02971907432710144,0.2952403505879134,0.6742814397309905,0.0,0.0,0.0,0.0,0.0,0.0
100.583,1,0.0,0.0,0.0007591353539946057,0.02971907432710144,0.2952403505879134,0.6742814397309905,0.0,0.0,0.0007591353539946057,0.02971907432710144,0.2952403505879134,0.6742814397309905
100.667,0,0.0,0.0,0.0007246346044153224,0.02885754718512144,0.291757941203388,0.6786598770070752,0.0,0.0,0.0,0.0,0.0,0.0
100.667,1,0.0,0.0,0.0007246346044153224,0.02885754718512144,0.291757941203388,0.6786598770070752,0.0,0.0,0.0007246346044153224,0.02885754718512144,0.291757941203388,0.6786598770070752
100.75,0,0.0,0.0,0.0006911953313073517,0.028007243653990037,0.2882443334249228,0.68305722758978,0.0,0.0,0.0,0.0,0.0,0.0
100.75,1,0.0,0.0,0.0006911953313073517,0.028007243653990037,0.2882443334249228,0.68305722758978,0.0,0.0,0.0006911953313073517,0.028007243653990037,0.2882443334249228,0.68305722758978
100.833,0,0.0,0.0,0.0006588009491008342,0.02716823092874712,0.2846994358816116,0.6874735322405404,0.0,0.0,0.0,0.0,0.0,0.0
100.833,1,0.0,0.0,0.0006588009491008342,0.02716823092874712,0.2846994358816116,0.6874735322405404,0.0,0.0,0.0006588009491008342,0.02716823092874712,0.2846994358816116,0.6874735322405404
100.917,0,0.0,0.0,0.0006274348722259005,0.02634057620443231,0.28112315720254766,0.6919088317207941,0.0,0.0,0.0,0.0,0.0,0.0
100.917,1,0.0,0.0,0.0006274348722259005,0.02634057620443231,0.28112315720254766,0.6919088317207941,0.0,0.0,0.0006274348722259005,0.02634057620443231,0.28112315720254766,0.6919088317207941
