age,female,"bs(age, df=5, degree=2, include_intercept=False)[0]","bs(age, df=5, degree=2, include_intercept=False)[1]","bs(age, df=5, degree=2, include_intercept=False)[2]","bs(age, df=5, degree=2, include_intercept=False)[3]","bs(age, df=5, degree=2, include_intercept=False)[4]","bs(age, df=5, degree=2, include_intercept=False)[0]:female","bs(age, df=5, degree=2, include_intercept=False)[1]:female","bs(age, df=5, degree=2, include_intercept=False)[2]:female","bs(age, df=5, degree=2, include_intercept=False)[3]:female","bs(age, df=5, degree=2, include_intercept=False)[4]:female"
40.0,0,0.032679738562091505,0.7181853133410228,0.2491349480968858,0.0,0.0,0.0,0.0,0.0,0.0,0.0
40.0,1,0.032679738562091505,0.7181853133410228,0.2491349480968858,0.0,0.0,0.032679738562091505,0.7181853133410228,0.2491349480968858,0.0,0.0
40.083,0,0.031599491648511224,0.7157933380323807,0.2526071703191082,0.0,0.0,0.0,0.0,0.0,0.0,0.0
40.083,1,0.031599491648511224,0.7157933380323807,0.2526071703191082,0.0,0.0,0.031599491648511224,0.7157933380323807,0.2526071703191082,0.0,0.0
40.167,0,0.03053740014524322,0.7133591780938953,0.25610342176086137,0.0,0.0,0.0,0.0,0.0,0.0,0.0
40.167,1,0.03053740014524322,0.7133591780938953,0.25610342176086137,0.0,0.0,0.03053740014524322,0.7133591780938953,0.25610342176086137,0.0,0.0
40.25,0,0.02949346405228749,0.7108828335255668,0.2596237024221456,0.0,0.0,0.0,0.0,0.0,0.0,0.0
40.25,1,0.02949346405228749,0.7108828335255668,0.2596237024221456,0.0,0.0,0.02949346405228749,0.7108828335255668,0.2596237024221456,0.0,0.0
40.333,0,0.028467683369644035,0.7083643043273951,0.2631680123029608,0.0,0.0,0.0,0.0,0.0,0.0,0.0
40.333,1,0.028467683369644035,0.7083643043273951,0.2631680123029608,0.0,0.0,0.028467683369644035,0.7083643043273951,0.2631680123029608,0.0,0.0
40.417,0,0.02746005809731286,0.7058035904993802,0.266736351403307,0.0,0.0,0.0,0.0,0.0,0.0,0.0
40.417,1,0.02746005809731286,0.7058035904993802,0.266736351403307,0.0,0.0,0.02746005809731286,0.7058035904993802,0.266736351403307,0.0,0.0
40.5,0,0.02647058823529395,0.7032006920415221,0.270328719723184,0.0,0.0,0.0,0.0,0.0,0.0,0.0
40.5,1,0.02647058823529395,0.7032006920415221,0.270328719723184,0.0,0.0,0.02647058823529395,0.7032006920415221,0.270328719723184,0.0,0.0
40.583,0,0.025499273783587316,0.7005556089538206,0.273945117262592,0.0,0.0,0.0,0.0,0.0,0.0,0.0
40.583,1,0.025499273783587316,0.7005556089538206,0.273945117262592,0.0,0.0,0.025499273783587316,0.7005556089538206,0.273945117262592,0.0,0.0
40.667,0,0.024546114742192957,0.6978683412362761,0.277585544021531,0.0,0.0,0.0,0.0,0.0,0.0,0.0
40.667,1,0.024546114742192957,0.6978683412362761,0.277585544021531,0.0,0.0,0.024546114742192957,0.6978683412362761,0.277585544021531,0.0,0.0
40.75,0,0.023611111111110875,0.6951388888888882,0.28125000000000094,0.0,0.0,0.0,0.0,0.0,0.0,0.0
40.75,1,0.023611111111110875,0.6951388888888882,0.28125000000000094,0.0,0.0,0.023611111111110875,0.6951388888888882,0.28125000000000094,0.0,0.0
40.833,0,0.022694262890341065,0.6923672519116572,0.28493848519800186,0.0,0.0,0.0,0.0,0.0,0.0,0.0
40.833,1,0.022694262890341065,0.6923672519116572,0.28493848519800186,0.0,0.0,0.022694262890341065,0.6923672519116572,0.28493848519800186,0.0,0.0
40.917,0,0.021795570079883527,0.6895534303045828,0.28865099961553364,0.0,0.0,0.0,0.0,0.0,0.0,0.0
40.917,1,0.021795570079883527,0.6895534303045828,0.28865099961553364,0.0,0.0,0.021795570079883527,0.6895534303045828,0.28865099961553364,0.0,0.0
41.0,0,0.020915032679738266,0.6866974240676653,0.2923875432525964,0.0,0.0,0.0,0.0,0.0,0.0,0.0
41.0,1,0.020915032679738266,0.6866974240676653,0.2923875432525964,0.0,0.0,0.020915032679738266,0.6866974240676653,0.2923875432525964,0.0,0.0
41.083,0,0.020052650689905277,0.6837992332009045,0.2961481161091902,0.0,0.0,0.0,0.0,0.0,0.0,0.0
41.083,1,0.020052650689905277,0.6837992332009045,0.2961481161091902,0.0,0.0,0.020052650689905277,0.6837992332009045,0.2961481161091902,0.0,0.0
41.167,0,0.01920842411038456,0.6808588577043005,0.29993271818531486,0.0,0.0,0.0,0.0,0.0,0.0,0.0
41.167,1,0.01920842411038456,0.6808588577043005,0.29993271818531486,0.0,0.0,0.01920842411038456,0.6808588577043005,0.29993271818531486,0.0,0.0
41.25,0,0.018382352941176124,0.6778762975778534,0.30374134948097053,0.0,0.0,0.0,0.0,0.0,0.0,0.0
41.25,1,0.018382352941176124,0.6778762975778534,0.30374134948097053,0.0,0.0,0.018382352941176124,0.6778762975778534,0.30374134948097053,0.0,0.0
41.333,0,0.017574437182279957,0.6748515528215631,0.3075740099961571,0.0,0.0,0.0,0.0,0.0,0.0,0.0
41.333,1,0.017574437182279957,0.6748515528215631,0.3075740099961571,0.0,0.0,0.017574437182279957,0.6748515528215631,0.3075740099961571,0.0,0.0
41.417,0,0.016784676833696065,0.6717846234354292,0.31143069973087456,0.0,0.0,0.0,0.0,0.0,0.0,0.0
41.417,1,0.016784676833696065,0.6717846234354292,0.31143069973087456,0.0,0.0,0.016784676833696065,0.6717846234354292,0.31143069973087456,0.0,0.0
41.5,0,0.016013071895424447,0.6686755094194524,0.3153114186851231,0.0,0.0,0.0,0.0,0.0,0.0,0.0
41.5,1,0.016013071895424447,0.6686755094194524,0.3153114186851231,0.0,0.0,0.016013071895424447,0.6686755094194524,0.3153114186851231,0.0,0.0
41.583,0,0.015259622367465104,0.6655242107736323,0.31921616685890253,0.0,0.0,0.0,0.0,0.0,0.0,0.0
41.583,1,0.015259622367465104,0.6655242107736323,0.31921616685890253,0.0,0.0,0.015259622367465104,0.6655242107736323,0.31921616685890253,0.0,0.0
41.667,0,0.014524328249818032,0.6623307274979691,0.32314494425221296,0.0,0.0,0.0,0.0,0.0,0.0,0.0
41.667,1,0.014524328249818032,0.6623307274979691,0.32314494425221296,0.0,0.0,0.014524328249818032,0.6623307274979691,0.32314494425221296,0.0,0.0
41.75,0,0.013807189542483236,0.6590950595924625,0.32709775086505427,0.0,0.0,0.0,0.0,0.0,0.0,0.0
41.75,1,0.013807189542483236,0.6590950595924625,0.32709775086505427,0.0,0.0,0.013807189542483236,0.6590950595924625,0.32709775086505427,0.0,0.0
41.833,0,0.013108206245460713,0.6558172070571127,0.33107458669742656,0.0,0.0,0.0,0.0,0.0,0.0,0.0
41.833,1,0.013108206245460713,0.6558172070571127,0.33107458669742656,0.0,0.0,0.013108206245460713,0.6558172070571127,0.33107458669742656,0.0,0.0
41.917,0,0.012427378358750468,0.6524971698919197,0.3350754517493298,0.0,0.0,0.0,0.0,0.0,0.0,0.0
41.917,1,0.012427378358750468,0.6524971698919197,0.3350754517493298,0.0,0.0,0.012427378358750468,0.6524971698919197,0.3350754517493298,0.0,0.0
42.0,0,0.011764705882352493,0.6491349480968834,0.339100346020764,0.0,0.0,0.0,0.0,0.0,0.0,0.0
42.0,1,0.011764705882352493,0.6491349480968834,0.339100346020764,0.0,0.0,0.011764705882352493,0.6491349480968834,0.339100346020764,0.0,0.0
42.083,0,0.011120188816266795,0.645730541672004,0.34314926951172914,0.0,0.0,0.0,0.0,0.0,0.0,0.0
42.083,1,0.011120188816266795,0.645730541672004,0.34314926951172914,0.0,0.0,0.011120188816266795,0.645730541672004,0.34314926951172914,0.0,0.0
42.167,0,0.010493827160493371,0.6422839506172814,0.34722222222222526,0.0,0.0,0.0,0.0,0.0,0.0,0.0
42.167,1,0.010493827160493371,0.6422839506172814,0.34722222222222526,0.0,0.0,0.010493827160493371,0.6422839506172814,0.34722222222222526,0.0,0.0
42.25,0,0.00988562091503222,0.6387951749327154,0.35131920415225226,0.0,0.0,0.0,0.0,0.0,0.0,0.0
42.25,1,0.00988562091503222,0.6387951749327154,0.35131920415225226,0.0,0.0,0.00988562091503222,0.6387951749327154,0.35131920415225226,0.0,0.0
42.333,0,0.009295570079883343,0.6352642146183063,0.3554402153018103,0.0,0.0,0.0,0.0,0.0,0.0,0.0
42.333,1,0.009295570079883343,0.6352642146183063,0.3554402153018103,0.0,0.0,0.009295570079883343,0.6352642146183063,0.3554402153018103,0.0,0.0
42.417,0,0.00872367465504674,0.631691069674054,0.3595852556708992,0.0,0.0,0.0,0.0,0.0,0.0,0.0
42.417,1,0.00872367465504674,0.631691069674054,0.3595852556708992,0.0,0.0,0.00872367465504674,0.631691069674054,0.3595852556708992,0.0,0.0
42.5,0,0.008169934640522411,0.6280757400999585,0.3637543252595192,0.0,0.0,0.0,0.0,0.0,0.0,0.0
42.5,1,0.008169934640522411,0.6280757400999585,0.3637543252595192,0.0,0.0,0.008169934640522411,0.6280757400999585,0.3637543252595192,0.0,0.0
42.583,0,0.007634350036310357,0.6244182258960197,0.36794742406767,0.0,0.0,0.0,0.0,0.0,0.0,0.0
42.583,1,0.007634350036310357,0.6244182258960197,0.36794742406767,0.0,0.0,0.007634350036310357,0.6244182258960197,0.36794742406767,0.0,0.0
42.667,0,0.007116920842410576,0.6207185270622376,0.37216455209535176,0.0,0.0,0.0,0.0,0.0,0.0,0.0
42.667,1,0.007116920842410576,0.6207185270622376,0.37216455209535176,0.0,0.0,0.007116920842410576,0.6207185270622376,0.37216455209535176,0.0,0.0
42.75,0,0.006617647058823069,0.6169766435986124,0.3764057093425645,0.0,0.0,0.0,0.0,0.0,0.0,0.0
42.75,1,0.006617647058823069,0.6169766435986124,0.3764057093425645,0.0,0.0,0.006617647058823069,0.6169766435986124,0.3764057093425645,0.0,0.0
42.833,0,0.006136528685547838,0.6131925755051438,0.38067089580930824,0.0,0.0,0.0,0.0,0.0,0.0,0.0
42.833,1,0.006136528685547838,0.6131925755051438,0.38067089580930824,0.0,0.0,0.006136528685547838,0.6131925755051438,0.38067089580930824,0.0,0.0
42.917,0,0.005673565722584879,0.6093663227818322,0.3849601114955829,0.0,0.0,0.0,0.0,0.0,0.0,0.0
42.917,1,0.005673565722584879,0.6093663227818322,0.3849601114955829,0.0,0.0,0.005673565722584879,0.6093663227818322,0.3849601114955829,0.0,0.0
43.0,0,0.005228758169934195,0.6054978854286773,0.3892733564013885,0.0,0.0,0.0,0.0,0.0,0.0,0.0
43.0,1,0.005228758169934195,0.6054978854286773,0.3892733564013885,0.0,0.0,0.005228758169934195,0.6054978854286773,0.3892733564013885,0.0,0.0
43.083,0,0.004802106027595785,0.6015872634456791,0.39361063052672507,0.0,0.0,0.0,0.0,0.0,0.0,0.0
43.083,1,0.004802106027595785,0.6015872634456791,0.39361063052672507,0.0,0.0,0.004802106027595785,0.6015872634456791,0.39361063052672507,0.0,0.0
43.167,0,0.004393609295569648,0.5976344568328378,0.3979719338715926,0.0,0.0,0.0,0.0,0.0,0.0,0.0
43.167,1,0.004393609295569648,0.5976344568328378,0.3979719338715926,0.0,0.0,0.004393609295569648,0.5976344568328378,0.3979719338715926,0.0,0.0
43.25,0,0.004003267973855786,0.5936394655901531,0.40235726643599107,0.0,0.0,0.0,0.0,0.0,0.0,0.0
43.25,1,0.004003267973855786,0.5936394655901531,0.40235726643599107,0.0,0.0,0.004003267973855786,0.5936394655901531,0.40235726643599107,0.0,0.0
43.333,0,0.003631082062454199,0.5896022897176254,0.40676662821992043,0.0,0.0,0.0,0.0,0.0,0.0,0.0
43.333,1,0.003631082062454199,0.5896022897176254,0.40676662821992043,0.0,0.0,0.003631082062454199,0.5896022897176254,0.40676662821992043,0.0,0.0
43.417,0,0.0032770515613648843,0.5855229292152543,0.4112000192233808,0.0,0.0,0.0,0.0,0.0,0.0,0.0
43.417,1,0.0032770515613648843,0.5855229292152543,0.4112000192233808,0.0,0.0,0.0032770515613648843,0.5855229292152543,0.4112000192233808,0.0,0.0
43.5,0,0.002941176470587845,0.5814013840830401,0.4156574394463721,0.0,0.0,0.0,0.0,0.0,0.0,0.0
43.5,1,0.002941176470587845,0.5814013840830401,0.4156574394463721,0.0,0.0,0.002941176470587845,0.5814013840830401,0.4156574394463721,0.0,0.0
43.583,0,0.0026234567901230795,0.5772376543209825,0.42013888888889434,0.0,0.0,0.0,0.0,0.0,0.0,0.0
43.583,1,0.0026234567901230795,0.5772376543209825,0.42013888888889434,0.0,0.0,0.0026234567901230795,0.5772376543209825,0.42013888888889434,0.0,0.0
43.667,0,0.002323892519970588,0.5730317399290819,0.42464436755094764,0.0,0.0,0.0,0.0,0.0,0.0,0.0
43.667,1,0.002323892519970588,0.5730317399290819,0.42464436755094764,0.0,0.0,0.002323892519970588,0.5730317399290819,0.42464436755094764,0.0,0.0
43.75,0,0.0020424836601303704,0.5687836409073379,0.42917387543253177,0.0,0.0,0.0,0.0,0.0,0.0,0.0
43.75,1,0.0020424836601303704,0.5687836409073379,0.42917387543253177,0.0,0.0,0.0020424836601303704,0.5687836409073379,0.42917387543253177,0.0,0.0
43.833,0,0.0017792302106024273,0.5644933572557507,0.4337274125336469,0.0,0.0,0.0,0.0,0.0,0.0,0.0
43.833,1,0.0017792302106024273,0.5644933572557507,0.4337274125336469,0.0,0.0,0.0017792302106024273,0.5644933572557507,0.4337274125336469,0.0,0.0
43.917,0,0.001534132171386758,0.5601608889743203,0.4383049788542929,0.0,0.0,0.0,0.0,0.0,0.0,0.0
43.917,1,0.001534132171386758,0.5601608889743203,0.4383049788542929,0.0,0.0,0.001534132171386758,0.5601608889743203,0.4383049788542929,0.0,0.0
44.0,0,0.001307189542483363,0.5557862360630467,0.44290657439446995,0.0,0.0,0.0,0.0,0.0,0.0,0.0
44.0,1,0.001307189542483363,0.5557862360630467,0.44290657439446995,0.0,0.0,0.001307189542483363,0.5557862360630467,0.44290657439446995,0.0,0.0
44.083,0,0.001098402323892242,0.5513693985219299,0.44753219915417797,0.0,0.0,0.0,0.0,0.0,0.0,0.0
44.083,1,0.001098402323892242,0.5513693985219299,0.44753219915417797,0.0,0.0,0.001098402323892242,0.5513693985219299,0.44753219915417797,0.0,0.0
44.167,0,0.0009077705156133948,0.5469103763509697,0.45218185313341686,0.0,0.0,0.0,0.0,0.0,0.0,0.0
44.167,1,0.0009077705156133948,0.5469103763509697,0.45218185313341686,0.0,0.0,0.0009077705156133948,0.5469103763509697,0.45218185313341686,0.0,0.0
44.25,0,0.000735294117646822,0.5424091695501665,0.45685553633218673,0.0,0.0,0.0,0.0,0.0,0.0,0.0
44.25,1,0.000735294117646822,0.5424091695501665,0.45685553633218673,0.0,0.0,0.000735294117646822,0.5424091695501665,0.45685553633218673,0.0,0.0
44.333,0,0.0005809731299925232,0.5378657781195199,0.46155324875048753,0.0,0.0,0.0,0.0,0.0,0.0,0.0
44.333,1,0.0005809731299925232,0.5378657781195199,0.46155324875048753,0.0,0.0,0.0005809731299925232,0.5378657781195199,0.46155324875048753,0.0,0.0
44.417,0,0.0004448075526504984,0.5332802020590302,0.46627499038831927,0.0,0.0,0.0,0.0,0.0,0.0,0.0
44.417,1,0.0004448075526504984,0.5332802020590302,0.46627499038831927,0.0,0.0,0.0004448075526504984,0.5332802020590302,0.46627499038831927,0.0,0.0
44.5,0,0.0003267973856207479,0.5286524413686973,0.47102076124568204,0.0,0.0,0.0,0.0,0.0,0.0,0.0
44.5,1,0.0003267973856207479,0.5286524413686973,0.47102076124568204,0.0,0.0,0.0003267973856207479,0.5286524413686973,0.47102076124568204,0.0,0.0
44.583,0,0.0002269426289032713,0.523982496048521,0.47579056132257574,0.0,0.0,0.0,0.0,0.0,0.0,0.0
44.583,1,0.0002269426289032713,0.523982496048521,0.47579056132257574,0.0,0.0,0.0002269426289032713,0.523982496048521,0.47579056132257574,0.0,0.0
44.667,0,0.00014524328249806886,0.5192703660985016,0.4805843906190003,0.0,0.0,0.0,0.0,0.0,0.0,0.0
44.667,1,0.00014524328249806886,0.5192703660985016,0.4805843906190003,0.0,0.0,0.00014524328249806886,0.5192703660985016,0.4805843906190003,0.0,0.0
44.75,0,8.169934640514053e-05,0.5145160515186389,0.4854022491349559,0.0,0.0,0.0,0.0,0.0,0.0,0.0
44.75,1,8.169934640514053e-05,0.5145160515186389,0.4854022491349559,0.0,0.0,8.169934640514053e-05,0.5145160515186389,0.4854022491349559,0.0,0.0
44.833,0,3.6310820624486254e-05,0.5097195523089331,0.49024413687044244,0.0,0.0,0.0,0.0,0.0,0.0,0.0
44.833,1,3.6310820624486254e-05,0.5097195523089331,0.49024413687044244,0.0,0.0,3.6310820624486254e-05,0.5097195523089331,0.49024413687044244,0.0,0.0
44.917,0,9.077705156106085e-06,0.504880868469384,0.4951100538254599,0.0,0.0,0.0,0.0,0.0,0.0,0.0
44.917,1,9.077705156106085e-06,0.504880868469384,0.4951100538254599,0.0,0.0,9.077705156106085e-06,0.504880868469384,0.4951100538254599,0.0,0.0
45.0,0,0.0,0.4999999999999917,0.5000000000000083,1.9474290427828257e-29,0.0,0.0,0.0,0.0,0.0,0.0
45.0,1,0.0,0.4999999999999917,0.5000000000000083,1.9474290427828257e-29,0.0,0.0,0.4999999999999917,0.5000000000000083,1.9474290427828257e-29,0.0
45.083,0,0.0,0.49511005382544326,0.5048832495068185,6.696667738156724e-06,0.0,0.0,0.0,0.0,0.0,0.0
45.083,1,0.0,0.49511005382544326,0.5048832495068185,6.696667738156724e-06,0.0,0.0,0.49511005382544326,0.5048832495068185,6.696667738156724e-06,0.0
45.167,0,0.0,0.4902441368704259,0.5097290764586215,2.6786670952581218e-05,0.0,0.0,0.0,0.0,0.0,0.0
45.167,1,0.0,0.4902441368704259,0.5097290764586215,2.6786670952581218e-05,0.0,0.0,0.4902441368704259,0.5097290764586215,2.6786670952581218e-05,0.0
45.25,0,0.0,0.4854022491349394,0.5145374808554172,6.027000964327349e-05,0.0,0.0,0.0,0.0,0.0,0.0
45.25,1,0.0,0.4854022491349394,0.5145374808554172,6.027000964327349e-05,0.0,0.0,0.4854022491349394,0.5145374808554172,6.027000964327349e-05,0.0
45.333,0,0.0,0.48058439061898395,0.5193084626972058,0.00010714668381023353,0.0,0.0,0.0,0.0,0.0,0.0
45.333,1,0.0,0.48058439061898395,0.5193084626972058,0.00010714668381023353,0.0,0.0,0.48058439061898395,0.5193084626972058,0.00010714668381023353,0.0
45.417,0,0.0,0.4757905613225595,0.5240420219839872,0.00016741669345346133,0.0,0.0,0.0,0.0,0.0,0.0
45.417,1,0.0,0.4757905613225595,0.5240420219839872,0.00016741669345346133,0.0,0.0,0.4757905613225595,0.5240420219839872,0.00016741669345346133,0.0
45.5,0,0.0,0.47102076124566583,0.5287381587157612,0.0002410800385729569,0.0,0.0,0.0,0.0,0.0,0.0
45.5,1,0.0,0.47102076124566583,0.5287381587157612,0.0002410800385729569,0.0,0.0,0.47102076124566583,0.5287381587157612,0.0002410800385729569,0.0
45.583,0,0.0,0.46627499038830317,0.5333968728925281,0.00032813671916872027,0.0,0.0,0.0,0.0,0.0,0.0
45.583,1,0.0,0.46627499038830317,0.5333968728925281,0.00032813671916872027,0.0,0.0,0.46627499038830317,0.5333968728925281,0.00032813671916872027,0.0
45.667,0,0.0,0.46155324875047143,0.5380181645142877,0.00042858673524075137,0.0,0.0,0.0,0.0,0.0,0.0
45.667,1,0.0,0.46155324875047143,0.5380181645142877,0.00042858673524075137,0.0,0.0,0.46155324875047143,0.5380181645142877,0.00042858673524075137,0.0
45.75,0,0.0,0.45685553633217074,0.5426020335810402,0.0005424300867890502,0.0,0.0,0.0,0.0,0.0,0.0
45.75,1,0.0,0.45685553633217074,0.5426020335810402,0.0005424300867890502,0.0,0.0,0.45685553633217074,0.5426020335810402,0.0005424300867890502,0.0
45.833,0,0.0,0.4521818531334009,0.5471484800927855,0.0006696667738136169,0.0,0.0,0.0,0.0,0.0,0.0
45.833,1,0.0,0.4521818531334009,0.5471484800927855,0.0006696667738136169,0.0,0.0,0.4521818531334009,0.5471484800927855,0.0006696667738136169,0.0
45.917,0,0.0,0.4475321991541621,0.5516575040495234,0.0008102967963144513,0.0,0.0,0.0,0.0,0.0,0.0
45.917,1,0.0,0.4475321991541621,0.5516575040495234,0.0008102967963144513,0.0,0.0,0.4475321991541621,0.5516575040495234,0.0008102967963144513,0.0
46.0,0,0.0,0.44290657439445424,0.5561291054512543,0.0009643201542915537,0.0,0.0,0.0,0.0,0.0,0.0
46.0,1,0.0,0.44290657439445424,0.5561291054512543,0.0009643201542915537,0.0,0.0,0.44290657439445424,0.5561291054512543,0.0009643201542915537,0.0
46.083,0,0.0,0.43830497885427727,0.5605632842979777,0.0011317368477449237,0.0,0.0,0.0,0.0,0.0,0.0
46.083,1,0.0,0.43830497885427727,0.5605632842979777,0.0011317368477449237,0.0,0.0,0.43830497885427727,0.5605632842979777,0.0011317368477449237,0.0
46.167,0,0.0,0.4337274125336313,0.5649600405896941,0.001312546876674561,0.0,0.0,0.0,0.0,0.0,0.0
46.167,1,0.0,0.4337274125336313,0.5649600405896941,0.001312546876674561,0.0,0.0,0.4337274125336313,0.5649600405896941,0.001312546876674561,0.0
46.25,0,0.0,0.4291738754325163,0.5693193743264032,0.0015067502410804668,0.0,0.0,0.0,0.0,0.0,0.0
46.25,1,0.0,0.4291738754325163,0.5693193743264032,0.0015067502410804668,0.0,0.0,0.4291738754325163,0.5693193743264032,0.0015067502410804668,0.0
46.333,0,0.0,0.4246443675509322,0.5736412855081052,0.0017143469409626401,0.0,0.0,0.0,0.0,0.0,0.0
46.333,1,0.0,0.4246443675509322,0.5736412855081052,0.0017143469409626401,0.0,0.0,0.4246443675509322,0.5736412855081052,0.0017143469409626401,0.0
46.417,0,0.0,0.42013888888887907,0.5779257741347998,0.0019353369763210812,0.0,0.0,0.0,0.0,0.0,0.0
46.417,1,0.0,0.42013888888887907,0.5779257741347998,0.0019353369763210812,0.0,0.0,0.42013888888887907,0.5779257741347998,0.0019353369763210812,0.0
46.5,0,0.0,0.41565743944635686,0.5821728402064873,0.0021697203471557898,0.0,0.0,0.0,0.0,0.0,0.0
46.5,1,0.0,0.41565743944635686,0.5821728402064873,0.0021697203471557898,0.0,0.0,0.41565743944635686,0.5821728402064873,0.0021697203471557898,0.0
46.583,0,0.0,0.41120001922336563,0.5863824837231676,0.0024174970534667664,0.0,0.0,0.0,0.0,0.0,0.0
46.583,1,0.0,0.41120001922336563,0.5863824837231676,0.0024174970534667664,0.0,0.0,0.41120001922336563,0.5863824837231676,0.0024174970534667664,0.0
46.667,0,0.0,0.40676662821990534,0.5905547046848406,0.002678667095254011,0.0,0.0,0.0,0.0,0.0,0.0
46.667,1,0.0,0.40676662821990534,0.5905547046848406,0.002678667095254011,0.0,0.0,0.40676662821990534,0.5905547046848406,0.002678667095254011,0.0
46.75,0,0.0,0.402357266435976,0.5946895030915065,0.002953230472517523,0.0,0.0,0.0,0.0,0.0,0.0
46.75,1,0.0,0.402357266435976,0.5946895030915065,0.002953230472517523,0.0,0.0,0.402357266435976,0.5946895030915065,0.002953230472517523,0.0
46.833,0,0.0,0.3979719338715777,0.5987868789431651,0.0032411871852573034,0.0,0.0,0.0,0.0,0.0,0.0
46.833,1,0.0,0.3979719338715777,0.5987868789431651,0.0032411871852573034,0.0,0.0,0.3979719338715777,0.5987868789431651,0.0032411871852573034,0.0
46.917,0,0.0,0.3936106305267102,0.6028468322398164,0.0035425372334733506,0.0,0.0,0.0,0.0,0.0,0.0
46.917,1,0.0,0.3936106305267102,0.6028468322398164,0.0035425372334733506,0.0,0.0,0.3936106305267102,0.6028468322398164,0.0035425372334733506,0.0
47.0,0,0.0,0.3892733564013737,0.6068693629814605,0.003857280617165666,0.0,0.0,0.0,0.0,0.0,0.0
47.0,1,0.0,0.3892733564013737,0.6068693629814605,0.003857280617165666,0.0,0.0,0.3892733564013737,0.6068693629814605,0.003857280617165666,0.0
47.083,0,0.0,0.38496011149556825,0.6108544711680975,0.004185417336334249,0.0,0.0,0.0,0.0,0.0,0.0
47.083,1,0.0,0.38496011149556825,0.6108544711680975,0.004185417336334249,0.0,0.0,0.38496011149556825,0.6108544711680975,0.004185417336334249,0.0
47.167,0,0.0,0.3806708958092937,0.6148021567997273,0.004526947390979101,0.0,0.0,0.0,0.0,0.0,0.0
47.167,1,0.0,0.3806708958092937,0.6148021567997273,0.004526947390979101,0.0,0.0,0.3806708958092937,0.6148021567997273,0.004526947390979101,0.0
47.25,0,0.0,0.37640570934255,0.6187124198763497,0.00488187078110022,0.0,0.0,0.0,0.0,0.0,0.0
47.25,1,0.0,0.37640570934255,0.6187124198763497,0.00488187078110022,0.0,0.0,0.37640570934255,0.6187124198763497,0.00488187078110022,0.0
47.333,0,0.0,0.37216455209533733,0.622585260397965,0.005250187506697606,0.0,0.0,0.0,0.0,0.0,0.0
47.333,1,0.0,0.37216455209533733,0.622585260397965,0.005250187506697606,0.0,0.0,0.37216455209533733,0.622585260397965,0.005250187506697606,0.0
47.417,0,0.0,0.3679474240676556,0.626420678364573,0.00563189756777126,0.0,0.0,0.0,0.0,0.0,0.0
47.417,1,0.0,0.3679474240676556,0.626420678364573,0.00563189756777126,0.0,0.0,0.3679474240676556,0.626420678364573,0.00563189756777126,0.0
47.5,0,0.0,0.3637543252595049,0.6302186737761739,0.006027000964321182,0.0,0.0,0.0,0.0,0.0,0.0
47.5,1,0.0,0.3637543252595049,0.6302186737761739,0.006027000964321182,0.0,0.0,0.3637543252595049,0.6302186737761739,0.006027000964321182,0.0
47.583,0,0.0,0.35958525567088506,0.6339792466327676,0.006435497696347371,0.0,0.0,0.0,0.0,0.0,0.0
47.583,1,0.0,0.35958525567088506,0.6339792466327676,0.006435497696347371,0.0,0.0,0.35958525567088506,0.6339792466327676,0.006435497696347371,0.0
47.667,0,0.0,0.35544021530179615,0.6377023969343539,0.006857387763849829,0.0,0.0,0.0,0.0,0.0,0.0
47.667,1,0.0,0.35544021530179615,0.6377023969343539,0.006857387763849829,0.0,0.0,0.35544021530179615,0.6377023969343539,0.006857387763849829,0.0
47.75,0,0.0,0.3513192041522383,0.6413881246809332,0.007292671166828554,0.0,0.0,0.0,0.0,0.0,0.0
47.75,1,0.0,0.3513192041522383,0.6413881246809332,0.007292671166828554,0.0,0.0,0.3513192041522383,0.6413881246809332,0.007292671166828554,0.0
47.833,0,0.0,0.34722222222221133,0.6450364298725051,0.007741347905283548,0.0,0.0,0.0,0.0,0.0,0.0
47.833,1,0.0,0.34722222222221133,0.6450364298725051,0.007741347905283548,0.0,0.0,0.34722222222221133,0.6450364298725051,0.007741347905283548,0.0
47.917,0,0.0,0.3431492695117153,0.6486473125090699,0.00820341797921481,0.0,0.0,0.0,0.0,0.0,0.0
47.917,1,0.0,0.3431492695117153,0.6486473125090699,0.00820341797921481,0.0,0.0,0.3431492695117153,0.6486473125090699,0.00820341797921481,0.0
48.0,0,0.0,0.33910034602075023,0.6522207725906275,0.008678881388622337,0.0,0.0,0.0,0.0,0.0,0.0
48.0,1,0.0,0.33910034602075023,0.6522207725906275,0.008678881388622337,0.0,0.0,0.33910034602075023,0.6522207725906275,0.008678881388622337,0.0
48.083,0,0.0,0.3350754517493161,0.6557568101171778,0.009167738133506135,0.0,0.0,0.0,0.0,0.0,0.0
48.083,1,0.0,0.3350754517493161,0.6557568101171778,0.009167738133506135,0.0,0.0,0.3350754517493161,0.6557568101171778,0.009167738133506135,0.0
48.167,0,0.0,0.33107458669741296,0.6592554250887208,0.009669988213866198,0.0,0.0,0.0,0.0,0.0,0.0
48.167,1,0.0,0.33107458669741296,0.6592554250887208,0.009669988213866198,0.0,0.0,0.33107458669741296,0.6592554250887208,0.009669988213866198,0.0
48.25,0,0.0,0.3270977508650407,0.6627166175052567,0.01018563162970253,0.0,0.0,0.0,0.0,0.0,0.0
48.25,1,0.0,0.3270977508650407,0.6627166175052567,0.01018563162970253,0.0,0.0,0.3270977508650407,0.6627166175052567,0.01018563162970253,0.0
48.333,0,0.0,0.3231449442521995,0.6661403873667854,0.01071466838101513,0.0,0.0,0.0,0.0,0.0,0.0
48.333,1,0.0,0.3231449442521995,0.6661403873667854,0.01071466838101513,0.0,0.0,0.3231449442521995,0.6661403873667854,0.01071466838101513,0.0
48.417,0,0.0,0.3192161668588892,0.6695267346733069,0.011257098467803999,0.0,0.0,0.0,0.0,0.0,0.0
48.417,1,0.0,0.3192161668588892,0.6695267346733069,0.011257098467803999,0.0,0.0,0.3192161668588892,0.6695267346733069,0.011257098467803999,0.0
48.5,0,0.0,0.3153114186851098,0.672875659424821,0.011812921890069134,0.0,0.0,0.0,0.0,0.0,0.0
48.5,1,0.0,0.3153114186851098,0.672875659424821,0.011812921890069134,0.0,0.0,0.3153114186851098,0.672875659424821,0.011812921890069134,0.0
48.583,0,0.0,0.3114306997308614,0.6761871616213281,0.012382138647810537,0.0,0.0,0.0,0.0,0.0,0.0
48.583,1,0.0,0.3114306997308614,0.6761871616213281,0.012382138647810537,0.0,0.0,0.3114306997308614,0.6761871616213281,0.012382138647810537,0.0
48.667,0,0.0,0.3075740099961439,0.6794612412628278,0.012964748741028207,0.0,0.0,0.0,0.0,0.0,0.0
48.667,1,0.0,0.3075740099961439,0.6794612412628278,0.012964748741028207,0.0,0.0,0.3075740099961439,0.6794612412628278,0.012964748741028207,0.0
48.75,0,0.0,0.3037413494809575,0.6826978983493204,0.013560752169722147,0.0,0.0,0.0,0.0,0.0,0.0
48.75,1,0.0,0.3037413494809575,0.6826978983493204,0.013560752169722147,0.0,0.0,0.3037413494809575,0.6826978983493204,0.013560752169722147,0.0
48.833,0,0.0,0.2999327181853019,0.6858971328808058,0.014170148933892351,0.0,0.0,0.0,0.0,0.0,0.0
48.833,1,0.0,0.2999327181853019,0.6858971328808058,0.014170148933892351,0.0,0.0,0.2999327181853019,0.6858971328808058,0.014170148933892351,0.0
48.917,0,0.0,0.2961481161091773,0.6890589448572838,0.014792939033538824,0.0,0.0,0.0,0.0,0.0,0.0
48.917,1,0.0,0.2961481161091773,0.6890589448572838,0.014792939033538824,0.0,0.0,0.2961481161091773,0.6890589448572838,0.014792939033538824,0.0
49.0,0,0.0,0.29238754325258365,0.6921833342787548,0.015429122468661568,0.0,0.0,0.0,0.0,0.0,0.0
49.0,1,0.0,0.29238754325258365,0.6921833342787548,0.015429122468661568,0.0,0.0,0.29238754325258365,0.6921833342787548,0.015429122468661568,0.0
49.083,0,0.0,0.28865099961552093,0.6952703011452185,0.01607869923926058,0.0,0.0,0.0,0.0,0.0,0.0
49.083,1,0.0,0.28865099961552093,0.6952703011452185,0.01607869923926058,0.0,0.0,0.28865099961552093,0.6952703011452185,0.01607869923926058,0.0
49.167,0,0.0,0.2849384851979892,0.698319845456675,0.016741669345335854,0.0,0.0,0.0,0.0,0.0,0.0
49.167,1,0.0,0.2849384851979892,0.698319845456675,0.016741669345335854,0.0,0.0,0.2849384851979892,0.698319845456675,0.016741669345335854,0.0
49.25,0,0.0,0.2812499999999884,0.7013319672131242,0.0174180327868874,0.0,0.0,0.0,0.0,0.0,0.0
49.25,1,0.0,0.2812499999999884,0.7013319672131242,0.0174180327868874,0.0,0.0,0.2812499999999884,0.7013319672131242,0.0174180327868874,0.0
49.333,0,0.0,0.2775855440215185,0.7043066664145662,0.018107789563915212,0.0,0.0,0.0,0.0,0.0,0.0
49.333,1,0.0,0.2775855440215185,0.7043066664145662,0.018107789563915212,0.0,0.0,0.2775855440215185,0.7043066664145662,0.018107789563915212,0.0
49.417,0,0.0,0.27394511726257964,0.707243943061001,0.01881093967641929,0.0,0.0,0.0,0.0,0.0,0.0
49.417,1,0.0,0.27394511726257964,0.707243943061001,0.01881093967641929,0.0,0.0,0.27394511726257964,0.707243943061001,0.01881093967641929,0.0
49.5,0,0.0,0.2703287197231717,0.7101437971524285,0.01952748312439964,0.0,0.0,0.0,0.0,0.0,0.0
49.5,1,0.0,0.2703287197231717,0.7101437971524285,0.01952748312439964,0.0,0.0,0.2703287197231717,0.7101437971524285,0.01952748312439964,0.0
49.583,0,0.0,0.2667363514032947,0.7130062286888491,0.020257419907856258,0.0,0.0,0.0,0.0,0.0,0.0
49.583,1,0.0,0.2667363514032947,0.7130062286888491,0.020257419907856258,0.0,0.0,0.2667363514032947,0.7130062286888491,0.020257419907856258,0.0
49.667,0,0.0,0.2631680123029487,0.7158312376702622,0.021000750026789146,0.0,0.0,0.0,0.0,0.0,0.0
49.667,1,0.0,0.2631680123029487,0.7158312376702622,0.021000750026789146,0.0,0.0,0.2631680123029487,0.7158312376702622,0.021000750026789146,0.0
49.75,0,0.0,0.25962370242213356,0.7186188240966681,0.021757473481198292,0.0,0.0,0.0,0.0,0.0,0.0
49.75,1,0.0,0.25962370242213356,0.7186188240966681,0.021757473481198292,0.0,0.0,0.25962370242213356,0.7186188240966681,0.021757473481198292,0.0
49.833,0,0.0,0.25610342176084944,0.7213689879680669,0.022527590271083715,0.0,0.0,0.0,0.0,0.0,0.0
49.833,1,0.0,0.25610342176084944,0.7213689879680669,0.022527590271083715,0.0,0.0,0.25610342176084944,0.7213689879680669,0.022527590271083715,0.0
49.917,0,0.0,0.25260717031909624,0.7240817292844584,0.023311100396445402,0.0,0.0,0.0,0.0,0.0,0.0
49.917,1,0.0,0.25260717031909624,0.7240817292844584,0.023311100396445402,0.0,0.0,0.25260717031909624,0.7240817292844584,0.023311100396445402,0.0
50.0,0,0.0,0.24913494809687403,0.7267570480458427,0.024108003857283358,0.0,0.0,0.0,0.0,0.0,0.0
50.0,1,0.0,0.24913494809687403,0.7267570480458427,0.024108003857283358,0.0,0.0,0.24913494809687403,0.7267570480458427,0.024108003857283358,0.0
50.083,0,0.0,0.24568675509418275,0.7293949442522198,0.024918300653597583,0.0,0.0,0.0,0.0,0.0,0.0
50.083,1,0.0,0.24568675509418275,0.7293949442522198,0.024918300653597583,0.0,0.0,0.24568675509418275,0.7293949442522198,0.024918300653597583,0.0
50.167,0,0.0,0.24226259131102237,0.7319954179035895,0.025741990785388073,0.0,0.0,0.0,0.0,0.0,0.0
50.167,1,0.0,0.24226259131102237,0.7319954179035895,0.025741990785388073,0.0,0.0,0.24226259131102237,0.7319954179035895,0.025741990785388073,0.0
50.25,0,0.0,0.238862456747393,0.7345584689999521,0.02657907425265483,0.0,0.0,0.0,0.0,0.0,0.0
50.25,1,0.0,0.238862456747393,0.7345584689999521,0.02657907425265483,0.0,0.0,0.238862456747393,0.7345584689999521,0.02657907425265483,0.0
50.333,0,0.0,0.23548635140329455,0.7370840975413075,0.027429551055397856,0.0,0.0,0.0,0.0,0.0,0.0
50.333,1,0.0,0.23548635140329455,0.7370840975413075,0.027429551055397856,0.0,0.0,0.23548635140329455,0.7370840975413075,0.027429551055397856,0.0
50.417,0,0.0,0.2321342752787271,0.7395723035276558,0.028293421193617153,0.0,0.0,0.0,0.0,0.0,0.0
50.417,1,0.0,0.2321342752787271,0.7395723035276558,0.028293421193617153,0.0,0.0,0.2321342752787271,0.7395723035276558,0.028293421193617153,0.0
50.5,0,0.0,0.22880622837369052,0.7420230869589968,0.029170684667312714,0.0,0.0,0.0,0.0,0.0,0.0
50.5,1,0.0,0.22880622837369052,0.7420230869589968,0.029170684667312714,0.0,0.0,0.22880622837369052,0.7420230869589968,0.029170684667312714,0.0
50.583,0,0.0,0.22550221068818496,0.7444364478353305,0.030061341476484545,0.0,0.0,0.0,0.0,0.0,0.0
50.583,1,0.0,0.22550221068818496,0.7444364478353305,0.030061341476484545,0.0,0.0,0.22550221068818496,0.7444364478353305,0.030061341476484545,0.0
50.667,0,0.0,0.22222222222221033,0.7468123861566571,0.03096539162113264,0.0,0.0,0.0,0.0,0.0,0.0
50.667,1,0.0,0.22222222222221033,0.7468123861566571,0.03096539162113264,0.0,0.0,0.22222222222221033,0.7468123861566571,0.03096539162113264,0.0
50.75,0,0.0,0.21896626297576663,0.7491509019229763,0.031882835101257,0.0,0.0,0.0,0.0,0.0,0.0
50.75,1,0.0,0.21896626297576663,0.7491509019229763,0.031882835101257,0.0,0.0,0.21896626297576663,0.7491509019229763,0.031882835101257,0.0
50.833,0,0.0,0.21573433294885394,0.7514519951342884,0.032813671916857634,0.0,0.0,0.0,0.0,0.0,0.0
50.833,1,0.0,0.21573433294885394,0.7514519951342884,0.032813671916857634,0.0,0.0,0.21573433294885394,0.7514519951342884,0.032813671916857634,0.0
50.917,0,0.0,0.21252643214147213,0.7537156657905932,0.03375790206793454,0.0,0.0,0.0,0.0,0.0,0.0
50.917,1,0.0,0.21252643214147213,0.7537156657905932,0.03375790206793454,0.0,0.0,0.21252643214147213,0.7537156657905932,0.03375790206793454,0.0
51.0,0,0.0,0.20934256055362133,0.755941913891891,0.0347155255544877,0.0,0.0,0.0,0.0,0.0,0.0
51.0,1,0.0,0.20934256055362133,0.755941913891891,0.0347155255544877,0.0,0.0,0.20934256055362133,0.755941913891891,0.0347155255544877,0.0
51.083,0,0.0,0.20618271818530146,0.7581307394381814,0.035686542376517146,0.0,0.0,0.0,0.0,0.0,0.0
51.083,1,0.0,0.20618271818530146,0.7581307394381814,0.035686542376517146,0.0,0.0,0.20618271818530146,0.7581307394381814,0.035686542376517146,0.0
51.167,0,0.0,0.2030469050365125,0.7602821424294646,0.036670952534022846,0.0,0.0,0.0,0.0,0.0,0.0
51.167,1,0.0,0.2030469050365125,0.7602821424294646,0.036670952534022846,0.0,0.0,0.2030469050365125,0.7602821424294646,0.036670952534022846,0.0
51.25,0,0.0,0.19993512110725456,0.7623961228657407,0.03766875602700482,0.0,0.0,0.0,0.0,0.0,0.0
51.25,1,0.0,0.19993512110725456,0.7623961228657407,0.03766875602700482,0.0,0.0,0.19993512110725456,0.7623961228657407,0.03766875602700482,0.0
51.333,0,0.0,0.1968473663975275,0.7644726807470095,0.03867995285546306,0.0,0.0,0.0,0.0,0.0,0.0
51.333,1,0.0,0.1968473663975275,0.7644726807470095,0.03867995285546306,0.0,0.0,0.1968473663975275,0.7644726807470095,0.03867995285546306,0.0
51.417,0,0.0,0.19378364090733144,0.7665118160732709,0.03970454301939757,0.0,0.0,0.0,0.0,0.0,0.0
51.417,1,0.0,0.19378364090733144,0.7665118160732709,0.03970454301939757,0.0,0.0,0.19378364090733144,0.7665118160732709,0.03970454301939757,0.0
51.5,0,0.0,0.19074394463666633,0.7685135288445254,0.040742526518808345,0.0,0.0,0.0,0.0,0.0,0.0
51.5,1,0.0,0.19074394463666633,0.7685135288445254,0.040742526518808345,0.0,0.0,0.19074394463666633,0.7685135288445254,0.040742526518808345,0.0
51.583,0,0.0,0.18772827758553212,0.7704778190607724,0.041793903353695386,0.0,0.0,0.0,0.0,0.0,0.0
51.583,1,0.0,0.18772827758553212,0.7704778190607724,0.041793903353695386,0.0,0.0,0.18772827758553212,0.7704778190607724,0.041793903353695386,0.0
51.667,0,0.0,0.18473663975392896,0.7724046867220125,0.04285867352405869,0.0,0.0,0.0,0.0,0.0,0.0
51.667,1,0.0,0.18473663975392896,0.7724046867220125,0.04285867352405869,0.0,0.0,0.18473663975392896,0.7724046867220125,0.04285867352405869,0.0
51.75,0,0.0,0.18176903114185666,0.774294131828245,0.04393683702989827,0.0,0.0,0.0,0.0,0.0,0.0
51.75,1,0.0,0.18176903114185666,0.774294131828245,0.04393683702989827,0.0,0.0,0.18176903114185666,0.774294131828245,0.04393683702989827,0.0
51.833,0,0.0,0.17882545174931536,0.7761461543794705,0.04502839387121412,0.0,0.0,0.0,0.0,0.0,0.0
51.833,1,0.0,0.17882545174931536,0.7761461543794705,0.04502839387121412,0.0,0.0,0.17882545174931536,0.7761461543794705,0.04502839387121412,0.0
51.917,0,0.0,0.17590590157630495,0.7779607543756888,0.04613334404800624,0.0,0.0,0.0,0.0,0.0,0.0
51.917,1,0.0,0.17590590157630495,0.7779607543756888,0.04613334404800624,0.0,0.0,0.17590590157630495,0.7779607543756888,0.04613334404800624,0.0
52.0,0,0.0,0.17301038062282556,0.7797379318168998,0.04725168756027462,0.0,0.0,0.0,0.0,0.0,0.0
52.0,1,0.0,0.17301038062282556,0.7797379318168998,0.04725168756027462,0.0,0.0,0.17301038062282556,0.7797379318168998,0.04725168756027462,0.0
52.083,0,0.0,0.17013888888887713,0.7814776867031037,0.04838342440801926,0.0,0.0,0.0,0.0,0.0,0.0
52.083,1,0.0,0.17013888888887713,0.7814776867031037,0.04838342440801926,0.0,0.0,0.17013888888887713,0.7814776867031037,0.04838342440801926,0.0
52.167,0,0.0,0.1672914263744596,0.7831800190343002,0.04952855459124018,0.0,0.0,0.0,0.0,0.0,0.0
52.167,1,0.0,0.1672914263744596,0.7831800190343002,0.04952855459124018,0.0,0.0,0.1672914263744596,0.7831800190343002,0.04952855459124018,0.0
52.25,0,0.0,0.16446799307957302,0.7848449288104895,0.05068707810993736,0.0,0.0,0.0,0.0,0.0,0.0
52.25,1,0.0,0.16446799307957302,0.7848449288104895,0.05068707810993736,0.0,0.0,0.16446799307957302,0.7848449288104895,0.05068707810993736,0.0
52.333,0,0.0,0.1616685890042174,0.7864724160316716,0.05185899496411082,0.0,0.0,0.0,0.0,0.0,0.0
52.333,1,0.0,0.1616685890042174,0.7864724160316716,0.05185899496411082,0.0,0.0,0.1616685890042174,0.7864724160316716,0.05185899496411082,0.0
52.417,0,0.0,0.15889321414839275,0.7880624806978467,0.05304430515376054,0.0,0.0,0.0,0.0,0.0,0.0
52.417,1,0.0,0.15889321414839275,0.7880624806978467,0.05304430515376054,0.0,0.0,0.15889321414839275,0.7880624806978467,0.05304430515376054,0.0
52.5,0,0.0,0.15614186851209907,0.7896151228090145,0.054243008678886526,0.0,0.0,0.0,0.0,0.0,0.0
52.5,1,0.0,0.15614186851209907,0.7896151228090145,0.054243008678886526,0.0,0.0,0.15614186851209907,0.7896151228090145,0.054243008678886526,0.0
52.583,0,0.0,0.15341455209533628,0.7911303423651749,0.05545510553948878,0.0,0.0,0.0,0.0,0.0,0.0
52.583,1,0.0,0.15341455209533628,0.7911303423651749,0.05545510553948878,0.0,0.0,0.15341455209533628,0.7911303423651749,0.05545510553948878,0.0
52.667,0,0.0,0.1507112648981045,0.7926081393663282,0.0566805957355673,0.0,0.0,0.0,0.0,0.0,0.0
52.667,1,0.0,0.1507112648981045,0.7926081393663282,0.0566805957355673,0.0,0.0,0.1507112648981045,0.7926081393663282,0.0566805957355673,0.0
52.75,0,0.0,0.1480320069204036,0.7940485138124742,0.0579194792671221,0.0,0.0,0.0,0.0,0.0,0.0
52.75,1,0.0,0.1480320069204036,0.7940485138124742,0.0579194792671221,0.0,0.0,0.1480320069204036,0.7940485138124742,0.0579194792671221,0.0
52.833,0,0.0,0.1453767781622337,0.7954514657036131,0.05917175613415316,0.0,0.0,0.0,0.0,0.0,0.0
52.833,1,0.0,0.1453767781622337,0.7954514657036131,0.05917175613415316,0.0,0.0,0.1453767781622337,0.7954514657036131,0.05917175613415316,0.0
52.917,0,0.0,0.1427455786235948,0.7968169950397448,0.06043742633666049,0.0,0.0,0.0,0.0,0.0,0.0
52.917,1,0.0,0.1427455786235948,0.7968169950397448,0.06043742633666049,0.0,0.0,0.1427455786235948,0.7968169950397448,0.06043742633666049,0.0
53.0,0,0.0,0.14013840830448676,0.7981451018208692,0.061716489874644086,0.0,0.0,0.0,0.0,0.0,0.0
53.0,1,0.0,0.14013840830448676,0.7981451018208692,0.061716489874644086,0.0,0.0,0.14013840830448676,0.7981451018208692,0.061716489874644086,0.0
53.083,0,0.0,0.1375552672049097,0.7994357860469863,0.06300894674810394,0.0,0.0,0.0,0.0,0.0,0.0
53.083,1,0.0,0.1375552672049097,0.7994357860469863,0.06300894674810394,0.0,0.0,0.1375552672049097,0.7994357860469863,0.06300894674810394,0.0
53.167,0,0.0,0.1349961553248636,0.8006890477180961,0.06431479695704007,0.0,0.0,0.0,0.0,0.0,0.0
53.167,1,0.0,0.1349961553248636,0.8006890477180961,0.06431479695704007,0.0,0.0,0.1349961553248636,0.8006890477180961,0.06431479695704007,0.0
53.25,0,0.0,0.13246107266434845,0.8019048868341991,0.06563404050145247,0.0,0.0,0.0,0.0,0.0,0.0
53.25,1,0.0,0.13246107266434845,0.8019048868341991,0.06563404050145247,0.0,0.0,0.13246107266434845,0.8019048868341991,0.06563404050145247,0.0
53.333,0,0.0,0.12995001922336424,0.8030833033952945,0.06696667738134113,0.0,0.0,0.0,0.0,0.0,0.0
53.333,1,0.0,0.12995001922336424,0.8030833033952945,0.06696667738134113,0.0,0.0,0.12995001922336424,0.8030833033952945,0.06696667738134113,0.0
53.417,0,0.0,0.12746299500191102,0.8042242974013829,0.06831270759670607,0.0,0.0,0.0,0.0,0.0,0.0
53.417,1,0.0,0.12746299500191102,0.8042242974013829,0.06831270759670607,0.0,0.0,0.12746299500191102,0.8042242974013829,0.06831270759670607,0.0
53.5,0,0.0,0.1249999999999887,0.805327868852464,0.06967213114754728,0.0,0.0,0.0,0.0,0.0,0.0
53.5,1,0.0,0.1249999999999887,0.805327868852464,0.06967213114754728,0.0,0.0,0.1249999999999887,0.805327868852464,0.06967213114754728,0.0
53.583,0,0.0,0.12256103421759736,0.8063940177485378,0.07104494803386475,0.0,0.0,0.0,0.0,0.0,0.0
53.583,1,0.0,0.12256103421759736,0.8063940177485378,0.07104494803386475,0.0,0.0,0.12256103421759736,0.8063940177485378,0.07104494803386475,0.0
53.667,0,0.0,0.12014609765473698,0.8074227440896046,0.07243115825565849,0.0,0.0,0.0,0.0,0.0,0.0
53.667,1,0.0,0.12014609765473698,0.8074227440896046,0.07243115825565849,0.0,0.0,0.12014609765473698,0.8074227440896046,0.07243115825565849,0.0
53.75,0,0.0,0.11775519031140752,0.808414047875664,0.07383076181292848,0.0,0.0,0.0,0.0,0.0,0.0
53.75,1,0.0,0.11775519031140752,0.808414047875664,0.07383076181292848,0.0,0.0,0.11775519031140752,0.808414047875664,0.07383076181292848,0.0
53.833,0,0.0,0.11538831218760905,0.8093679291067162,0.07524375870567476,0.0,0.0,0.0,0.0,0.0,0.0
53.833,1,0.0,0.11538831218760905,0.8093679291067162,0.07524375870567476,0.0,0.0,0.11538831218760905,0.8093679291067162,0.07524375870567476,0.0
53.917,0,0.0,0.11304546328334149,0.8102843877827612,0.0766701489338973,0.0,0.0,0.0,0.0,0.0,0.0
53.917,1,0.0,0.11304546328334149,0.8102843877827612,0.0766701489338973,0.0,0.0,0.11304546328334149,0.8102843877827612,0.0766701489338973,0.0
54.0,0,0.0,0.11072664359860489,0.811163423903799,0.07810993249759611,0.0,0.0,0.0,0.0,0.0,0.0
54.0,1,0.0,0.11072664359860489,0.811163423903799,0.07810993249759611,0.0,0.0,0.11072664359860489,0.811163423903799,0.07810993249759611,0.0
54.083,0,0.0,0.10843185313339927,0.8120050374698295,0.07956310939677119,0.0,0.0,0.0,0.0,0.0,0.0
54.083,1,0.0,0.10843185313339927,0.8120050374698295,0.07956310939677119,0.0,0.0,0.10843185313339927,0.8120050374698295,0.07956310939677119,0.0
54.167,0,0.0,0.10616109188772457,0.812809228480853,0.08102967963142255,0.0,0.0,0.0,0.0,0.0,0.0
54.167,1,0.0,0.10616109188772457,0.812809228480853,0.08102967963142255,0.0,0.0,0.10616109188772457,0.812809228480853,0.08102967963142255,0.0
54.25,0,0.0,0.10391435986158085,0.813575996936869,0.08250964320155013,0.0,0.0,0.0,0.0,0.0,0.0
54.25,1,0.0,0.10391435986158085,0.813575996936869,0.08250964320155013,0.0,0.0,0.10391435986158085,0.813575996936869,0.08250964320155013,0.0
54.333,0,0.0,0.10169165705496805,0.8143053428378779,0.084003000107154,0.0,0.0,0.0,0.0,0.0,0.0
54.333,1,0.0,0.10169165705496805,0.8143053428378779,0.084003000107154,0.0,0.0,0.10169165705496805,0.8143053428378779,0.084003000107154,0.0
54.417,0,0.0,0.0994929834678862,0.8149972661838796,0.08550975034823416,0.0,0.0,0.0,0.0,0.0,0.0
54.417,1,0.0,0.0994929834678862,0.8149972661838796,0.08550975034823416,0.0,0.0,0.0994929834678862,0.8149972661838796,0.08550975034823416,0.0
54.5,0,0.0,0.09731833910033533,0.815651766974874,0.08702989392479057,0.0,0.0,0.0,0.0,0.0,0.0
54.5,1,0.0,0.09731833910033533,0.815651766974874,0.08702989392479057,0.0,0.0,0.09731833910033533,0.815651766974874,0.08702989392479057,0.0
54.583,0,0.0,0.09516772395231539,0.8162688452108613,0.08856343083682326,0.0,0.0,0.0,0.0,0.0,0.0
54.583,1,0.0,0.09516772395231539,0.8162688452108613,0.08856343083682326,0.0,0.0,0.09516772395231539,0.8162688452108613,0.08856343083682326,0.0
54.667,0,0.0,0.09304113802382641,0.8168485008918414,0.09011036108433221,0.0,0.0,0.0,0.0,0.0,0.0
54.667,1,0.0,0.09304113802382641,0.8168485008918414,0.09011036108433221,0.0,0.0,0.09304113802382641,0.8168485008918414,0.09011036108433221,0.0
54.75,0,0.0,0.09093858131486837,0.8173907340178141,0.09167068466731741,0.0,0.0,0.0,0.0,0.0,0.0
54.75,1,0.0,0.09093858131486837,0.8173907340178141,0.09167068466731741,0.0,0.0,0.09093858131486837,0.8173907340178141,0.09167068466731741,0.0
54.833,0,0.0,0.08886005382544128,0.8178955445887797,0.09324440158577892,0.0,0.0,0.0,0.0,0.0,0.0
54.833,1,0.0,0.08886005382544128,0.8178955445887797,0.09324440158577892,0.0,0.0,0.08886005382544128,0.8178955445887797,0.09324440158577892,0.0
54.917,0,0.0,0.08680555555554516,0.8183629326047381,0.09483151183971666,0.0,0.0,0.0,0.0,0.0,0.0
54.917,1,0.0,0.08680555555554516,0.8183629326047381,0.09483151183971666,0.0,0.0,0.08680555555554516,0.8183629326047381,0.09483151183971666,0.0
55.0,0,0.0,0.08477508650517998,0.8187928980656893,0.09643201542913069,0.0,0.0,0.0,0.0,0.0,0.0
55.0,1,0.0,0.08477508650517998,0.8187928980656893,0.09643201542913069,0.0,0.0,0.08477508650517998,0.8187928980656893,0.09643201542913069,0.0
55.083,0,0.0,0.08276864667434576,0.8191854409716333,0.09804591235402098,0.0,0.0,0.0,0.0,0.0,0.0
55.083,1,0.0,0.08276864667434576,0.8191854409716333,0.09804591235402098,0.0,0.0,0.08276864667434576,0.8191854409716333,0.09804591235402098,0.0
55.167,0,0.0,0.08078623606304249,0.8195405613225699,0.09967320261438753,0.0,0.0,0.0,0.0,0.0,0.0
55.167,1,0.0,0.08078623606304249,0.8195405613225699,0.09967320261438753,0.0,0.0,0.08078623606304249,0.8195405613225699,0.09967320261438753,0.0
55.25,0,0.0,0.07882785467127015,0.8198582591184994,0.10131388621023037,0.0,0.0,0.0,0.0,0.0,0.0
55.25,1,0.0,0.07882785467127015,0.8198582591184994,0.10131388621023037,0.0,0.0,0.07882785467127015,0.8198582591184994,0.10131388621023037,0.0
55.333,0,0.0,0.07689350249902878,0.8201385343594217,0.10296796314154945,0.0,0.0,0.0,0.0,0.0,0.0
55.333,1,0.0,0.07689350249902878,0.8201385343594217,0.10296796314154945,0.0,0.0,0.07689350249902878,0.8201385343594217,0.10296796314154945,0.0
55.417,0,0.0,0.07498317954631835,0.8203813870453368,0.10463543340834482,0.0,0.0,0.0,0.0,0.0,0.0
55.417,1,0.0,0.07498317954631835,0.8203813870453368,0.10463543340834482,0.0,0.0,0.07498317954631835,0.8203813870453368,0.10463543340834482,0.0
55.5,0,0.0,0.07309688581313889,0.8205868171762447,0.10631629701061644,0.0,0.0,0.0,0.0,0.0,0.0
55.5,1,0.0,0.07309688581313889,0.8205868171762447,0.10631629701061644,0.0,0.0,0.07309688581313889,0.8205868171762447,0.10631629701061644,0.0
55.583,0,0.0,0.07123462129949036,0.8207548247521453,0.10801055394836434,0.0,0.0,0.0,0.0,0.0,0.0
55.583,1,0.0,0.07123462129949036,0.8207548247521453,0.10801055394836434,0.0,0.0,0.07123462129949036,0.8207548247521453,0.10801055394836434,0.0
55.667,0,0.0,0.06939638600537278,0.8208854097730387,0.1097182042215885,0.0,0.0,0.0,0.0,0.0,0.0
55.667,1,0.0,0.06939638600537278,0.8208854097730387,0.1097182042215885,0.0,0.0,0.06939638600537278,0.8208854097730387,0.1097182042215885,0.0
55.75,0,0.0,0.06758217993078616,0.8209785722389249,0.11143924783028893,0.0,0.0,0.0,0.0,0.0,0.0
55.75,1,0.0,0.06758217993078616,0.8209785722389249,0.11143924783028893,0.0,0.0,0.06758217993078616,0.8209785722389249,0.11143924783028893,0.0
55.833,0,0.0,0.06579200307573049,0.8210343121498038,0.11317368477446564,0.0,0.0,0.0,0.0,0.0,0.0
55.833,1,0.0,0.06579200307573049,0.8210343121498038,0.11317368477446564,0.0,0.0,0.06579200307573049,0.8210343121498038,0.11317368477446564,0.0
55.917,0,0.0,0.06402585544020578,0.8210526295056755,0.1149215150541186,0.0,0.0,0.0,0.0,0.0,0.0
55.917,1,0.0,0.06402585544020578,0.8210526295056755,0.1149215150541186,0.0,0.0,0.06402585544020578,0.8210526295056755,0.1149215150541186,0.0
56.0,0,0.0,0.06228373702421201,0.8210335243065402,0.11668273866924785,0.0,0.0,0.0,0.0,0.0,0.0
56.0,1,0.0,0.06228373702421201,0.8210335243065402,0.11668273866924785,0.0,0.0,0.06228373702421201,0.8210335243065402,0.11668273866924785,0.0
56.083,0,0.0,0.06056564782774919,0.8209769965523974,0.11845735561985334,0.0,0.0,0.0,0.0,0.0,0.0
56.083,1,0.0,0.06056564782774919,0.8209769965523974,0.11845735561985334,0.0,0.0,0.06056564782774919,0.8209769965523974,0.11845735561985334,0.0
56.167,0,0.0,0.05887158785081733,0.8208830462432476,0.1202453659059351,0.0,0.0,0.0,0.0,0.0,0.0
56.167,1,0.0,0.05887158785081733,0.8208830462432476,0.1202453659059351,0.0,0.0,0.05887158785081733,0.8208830462432476,0.1202453659059351,0.0
56.25,0,0.0,0.057201557093416414,0.8207516733790904,0.12204676952749315,0.0,0.0,0.0,0.0,0.0,0.0
56.25,1,0.0,0.057201557093416414,0.8207516733790904,0.12204676952749315,0.0,0.0,0.057201557093416414,0.8207516733790904,0.12204676952749315,0.0
56.333,0,0.0,0.055555555555546456,0.8205828779599261,0.12386156648452745,0.0,0.0,0.0,0.0,0.0,0.0
56.333,1,0.0,0.055555555555546456,0.8205828779599261,0.12386156648452745,0.0,0.0,0.055555555555546456,0.8205828779599261,0.12386156648452745,0.0
56.417,0,0.0,0.05393358323720744,0.8203766599857547,0.12568975677703803,0.0,0.0,0.0,0.0,0.0,0.0
56.417,1,0.0,0.05393358323720744,0.8203766599857547,0.12568975677703803,0.0,0.0,0.05393358323720744,0.8203766599857547,0.12568975677703803,0.0
56.5,0,0.0,0.05233564013839938,0.8201330194565758,0.12753134040502487,0.0,0.0,0.0,0.0,0.0,0.0
56.5,1,0.0,0.05233564013839938,0.8201330194565758,0.12753134040502487,0.0,0.0,0.05233564013839938,0.8201330194565758,0.12753134040502487,0.0
56.583,0,0.0,0.05076172625912227,0.8198519563723897,0.12938631736848796,0.0,0.0,0.0,0.0,0.0,0.0
56.583,1,0.0,0.05076172625912227,0.8198519563723897,0.12938631736848796,0.0,0.0,0.05076172625912227,0.8198519563723897,0.12938631736848796,0.0
56.667,0,0.0,0.049211841599376104,0.8195334707331965,0.13125468766742737,0.0,0.0,0.0,0.0,0.0,0.0
56.667,1,0.0,0.049211841599376104,0.8195334707331965,0.13125468766742737,0.0,0.0,0.049211841599376104,0.8195334707331965,0.13125468766742737,0.0
56.75,0,0.0,0.0476859861591609,0.8191775625389961,0.13313645130184298,0.0,0.0,0.0,0.0,0.0,0.0
56.75,1,0.0,0.0476859861591609,0.8191775625389961,0.13313645130184298,0.0,0.0,0.0476859861591609,0.8191775625389961,0.13313645130184298,0.0
56.833,0,0.0,0.04618415993847664,0.8187842317897884,0.1350316082717349,0.0,0.0,0.0,0.0,0.0,0.0
56.833,1,0.0,0.04618415993847664,0.8187842317897884,0.1350316082717349,0.0,0.0,0.04618415993847664,0.8187842317897884,0.1350316082717349,0.0
56.917,0,0.0,0.044706362937323336,0.8183534784855735,0.1369401585771031,0.0,0.0,0.0,0.0,0.0,0.0
56.917,1,0.0,0.044706362937323336,0.8183534784855735,0.1369401585771031,0.0,0.0,0.044706362937323336,0.8183534784855735,0.1369401585771031,0.0
57.0,0,0.0,0.043252595155700985,0.8178853026263515,0.13886210221794754,0.0,0.0,0.0,0.0,0.0,0.0
57.0,1,0.0,0.043252595155700985,0.8178853026263515,0.13886210221794754,0.0,0.0,0.043252595155700985,0.8178853026263515,0.13886210221794754,0.0
57.083,0,0.0,0.04182285659360958,0.8173797042121221,0.14079743919426826,0.0,0.0,0.0,0.0,0.0,0.0
57.083,1,0.0,0.04182285659360958,0.8173797042121221,0.14079743919426826,0.0,0.0,0.04182285659360958,0.8173797042121221,0.14079743919426826,0.0
57.167,0,0.0,0.040417147251049126,0.8168366832428856,0.14274616950606522,0.0,0.0,0.0,0.0,0.0,0.0
57.167,1,0.0,0.040417147251049126,0.8168366832428856,0.14274616950606522,0.0,0.0,0.040417147251049126,0.8168366832428856,0.14274616950606522,0.0
57.25,0,0.0,0.03903546712801962,0.8162562397186418,0.14470829315333847,0.0,0.0,0.0,0.0,0.0,0.0
57.25,1,0.0,0.03903546712801962,0.8162562397186418,0.14470829315333847,0.0,0.0,0.03903546712801962,0.8162562397186418,0.14470829315333847,0.0
57.333,0,0.0,0.03767781622452107,0.8156383736393908,0.146683810136088,0.0,0.0,0.0,0.0,0.0,0.0
57.333,1,0.0,0.03767781622452107,0.8156383736393908,0.146683810136088,0.0,0.0,0.03767781622452107,0.8156383736393908,0.146683810136088,0.0
57.417,0,0.0,0.03634419454055347,0.8149830850051328,0.1486727204543138,0.0,0.0,0.0,0.0,0.0,0.0
57.417,1,0.0,0.03634419454055347,0.8149830850051328,0.1486727204543138,0.0,0.0,0.03634419454055347,0.8149830850051328,0.1486727204543138,0.0
57.5,0,0.0,0.035034602076116826,0.8142903738158673,0.15067502410801584,0.0,0.0,0.0,0.0,0.0,0.0
57.5,1,0.0,0.035034602076116826,0.8142903738158673,0.15067502410801584,0.0,0.0,0.035034602076116826,0.8142903738158673,0.15067502410801584,0.0
57.583,0,0.0,0.03374903883121112,0.8135602400715947,0.15269072109719414,0.0,0.0,0.0,0.0,0.0,0.0
57.583,1,0.0,0.03374903883121112,0.8135602400715947,0.15269072109719414,0.0,0.0,0.03374903883121112,0.8135602400715947,0.15269072109719414,0.0
57.667,0,0.0,0.03248750480583638,0.8127926837723148,0.15471981142184876,0.0,0.0,0.0,0.0,0.0,0.0
57.667,1,0.0,0.03248750480583638,0.8127926837723148,0.15471981142184876,0.0,0.0,0.03248750480583638,0.8127926837723148,0.15471981142184876,0.0
57.75,0,0.0,0.031249999999992582,0.8119877049180277,0.1567622950819796,0.0,0.0,0.0,0.0,0.0,0.0
57.75,1,0.0,0.031249999999992582,0.8119877049180277,0.1567622950819796,0.0,0.0,0.031249999999992582,0.8119877049180277,0.1567622950819796,0.0
57.833,0,0.0,0.030036524413679735,0.8111453035087335,0.15881817207758675,0.0,0.0,0.0,0.0,0.0,0.0
57.833,1,0.0,0.030036524413679735,0.8111453035087335,0.15881817207758675,0.0,0.0,0.030036524413679735,0.8111453035087335,0.15881817207758675,0.0
57.917,0,0.0,0.02884707804689784,0.810265479544432,0.16088744240867012,0.0,0.0,0.0,0.0,0.0,0.0
57.917,1,0.0,0.02884707804689784,0.810265479544432,0.16088744240867012,0.0,0.0,0.02884707804689784,0.810265479544432,0.16088744240867012,0.0
58.0,0,0.0,0.0276816608996469,0.8093482330251233,0.16297010607522977,0.0,0.0,0.0,0.0,0.0,0.0
58.0,1,0.0,0.0276816608996469,0.8093482330251233,0.16297010607522977,0.0,0.0,0.0276816608996469,0.8093482330251233,0.16297010607522977,0.0
58.083,0,0.0,0.026540272971926904,0.8083935639508073,0.16506616307726574,0.0,0.0,0.0,0.0,0.0,0.0
58.083,1,0.0,0.026540272971926904,0.8083935639508073,0.16506616307726574,0.0,0.0,0.026540272971926904,0.8083935639508073,0.16506616307726574,0.0
58.167,0,0.0,0.025422914263737863,0.8074014723214842,0.1671756134147779,0.0,0.0,0.0,0.0,0.0,0.0
58.167,1,0.0,0.025422914263737863,0.8074014723214842,0.1671756134147779,0.0,0.0,0.025422914263737863,0.8074014723214842,0.1671756134147779,0.0
58.25,0,0.0,0.024329584775079776,0.8063719581371539,0.1692984570877664,0.0,0.0,0.0,0.0,0.0,0.0
58.25,1,0.0,0.024329584775079776,0.8063719581371539,0.1692984570877664,0.0,0.0,0.024329584775079776,0.8063719581371539,0.1692984570877664,0.0
58.333,0,0.0,0.023260284505952637,0.8053050213978162,0.1714346940962311,0.0,0.0,0.0,0.0,0.0,0.0
58.333,1,0.0,0.023260284505952637,0.8053050213978162,0.1714346940962311,0.0,0.0,0.023260284505952637,0.8053050213978162,0.1714346940962311,0.0
58.417,0,0.0,0.022215013456356448,0.8042006621034714,0.1735843244401721,0.0,0.0,0.0,0.0,0.0,0.0
58.417,1,0.0,0.022215013456356448,0.8042006621034714,0.1735843244401721,0.0,0.0,0.022215013456356448,0.8042006621034714,0.1735843244401721,0.0
58.5,0,0.0,0.02119377162629121,0.8030588802541194,0.1757473481195894,0.0,0.0,0.0,0.0,0.0,0.0
58.5,1,0.0,0.02119377162629121,0.8030588802541194,0.1757473481195894,0.0,0.0,0.02119377162629121,0.8030588802541194,0.1757473481195894,0.0
58.583,0,0.0,0.020196559015756923,0.80187967584976,0.1779237651344829,0.0,0.0,0.0,0.0,0.0,0.0
58.583,1,0.0,0.020196559015756923,0.80187967584976,0.1779237651344829,0.0,0.0,0.020196559015756923,0.80187967584976,0.1779237651344829,0.0
58.667,0,0.0,0.01922337562475359,0.8006630488903936,0.18011357548485274,0.0,0.0,0.0,0.0,0.0,0.0
58.667,1,0.0,0.01922337562475359,0.8006630488903936,0.18011357548485274,0.0,0.0,0.01922337562475359,0.8006630488903936,0.18011357548485274,0.0
58.75,0,0.0,0.018274221453281204,0.7994089993760201,0.1823167791706988,0.0,0.0,0.0,0.0,0.0,0.0
58.75,1,0.0,0.018274221453281204,0.7994089993760201,0.1823167791706988,0.0,0.0,0.018274221453281204,0.7994089993760201,0.1823167791706988,0.0
58.833,0,0.0,0.01734909650133977,0.7981175273066391,0.18453337619202115,0.0,0.0,0.0,0.0,0.0,0.0
58.833,1,0.0,0.01734909650133977,0.7981175273066391,0.18453337619202115,0.0,0.0,0.01734909650133977,0.7981175273066391,0.18453337619202115,0.0
58.917,0,0.0,0.01644800076892929,0.796788632682251,0.18676336654881975,0.0,0.0,0.0,0.0,0.0,0.0
58.917,1,0.0,0.01644800076892929,0.796788632682251,0.18676336654881975,0.0,0.0,0.01644800076892929,0.796788632682251,0.18676336654881975,0.0
59.0,0,0.0,0.015570934256049758,0.7954223155028556,0.18900675024109462,0.0,0.0,0.0,0.0,0.0,0.0
59.0,1,0.0,0.015570934256049758,0.7954223155028556,0.18900675024109462,0.0,0.0,0.015570934256049758,0.7954223155028556,0.18900675024109462,0.0
59.083,0,0.0,0.014717896962701177,0.794018575768453,0.19126352726884577,0.0,0.0,0.0,0.0,0.0,0.0
59.083,1,0.0,0.014717896962701177,0.794018575768453,0.19126352726884577,0.0,0.0,0.014717896962701177,0.794018575768453,0.19126352726884577,0.0
59.167,0,0.0,0.013888888888883549,0.7925774134790433,0.19353369763207318,0.0,0.0,0.0,0.0,0.0,0.0
59.167,1,0.0,0.013888888888883549,0.7925774134790433,0.19353369763207318,0.0,0.0,0.013888888888883549,0.7925774134790433,0.19353369763207318,0.0
59.25,0,0.0,0.013083910034596868,0.7910988286346263,0.19581726133077687,0.0,0.0,0.0,0.0,0.0,0.0
59.25,1,0.0,0.013083910034596868,0.7910988286346263,0.19581726133077687,0.0,0.0,0.013083910034596868,0.7910988286346263,0.19581726133077687,0.0
59.333,0,0.0,0.012302960399841141,0.7895828212352021,0.1981142183649568,0.0,0.0,0.0,0.0,0.0,0.0
59.333,1,0.0,0.012302960399841141,0.7895828212352021,0.1981142183649568,0.0,0.0,0.012302960399841141,0.7895828212352021,0.1981142183649568,0.0
59.417,0,0.0,0.011546039984616367,0.7880293912807705,0.200424568734613,0.0,0.0,0.0,0.0,0.0,0.0
59.417,1,0.0,0.011546039984616367,0.7880293912807705,0.200424568734613,0.0,0.0,0.011546039984616367,0.7880293912807705,0.200424568734613,0.0
59.5,0,0.0,0.010813148788922542,0.786438538771332,0.2027483124397455,0.0,0.0,0.0,0.0,0.0,0.0
59.5,1,0.0,0.010813148788922542,0.786438538771332,0.2027483124397455,0.0,0.0,0.010813148788922542,0.786438538771332,0.2027483124397455,0.0
59.583,0,0.0,0.010104286812759669,0.7848102637068861,0.20508544948035423,0.0,0.0,0.0,0.0,0.0,0.0
59.583,1,0.0,0.010104286812759669,0.7848102637068861,0.20508544948035423,0.0,0.0,0.010104286812759669,0.7848102637068861,0.20508544948035423,0.0
59.667,0,0.0,0.009419454056127744,0.783144566087433,0.20743597985643927,0.0,0.0,0.0,0.0,0.0,0.0
59.667,1,0.0,0.009419454056127744,0.783144566087433,0.20743597985643927,0.0,0.0,0.009419454056127744,0.783144566087433,0.20743597985643927,0.0
59.75,0,0.0,0.008758650519026771,0.7814414459129727,0.20979990356800055,0.0,0.0,0.0,0.0,0.0,0.0
59.75,1,0.0,0.008758650519026771,0.7814414459129727,0.20979990356800055,0.0,0.0,0.008758650519026771,0.7814414459129727,0.20979990356800055,0.0
59.833,0,0.0,0.00812187620145675,0.7797009031835052,0.21217722061503808,0.0,0.0,0.0,0.0,0.0,0.0
59.833,1,0.0,0.00812187620145675,0.7797009031835052,0.21217722061503808,0.0,0.0,0.00812187620145675,0.7797009031835052,0.21217722061503808,0.0
59.917,0,0.0,0.00750913110341768,0.7779229378990304,0.21456793099755192,0.0,0.0,0.0,0.0,0.0,0.0
59.917,1,0.0,0.00750913110341768,0.7779229378990304,0.21456793099755192,0.0,0.0,0.00750913110341768,0.7779229378990304,0.21456793099755192,0.0
60.0,0,0.0,0.006920415224909561,0.7761075500595483,0.21697203471554197,0.0,0.0,0.0,0.0,0.0,0.0
60.0,1,0.0,0.006920415224909561,0.7761075500595483,0.21697203471554197,0.0,0.0,0.006920415224909561,0.7761075500595483,0.21697203471554197,0.0
60.083,0,0.0,0.006355728565932393,0.7742547396650592,0.21938953176900836,0.0,0.0,0.0,0.0,0.0,0.0
60.083,1,0.0,0.006355728565932393,0.7742547396650592,0.21938953176900836,0.0,0.0,0.006355728565932393,0.7742547396650592,0.21938953176900836,0.0
60.167,0,0.0,0.0058150711264861755,0.7723645067155628,0.22182042215795095,0.0,0.0,0.0,0.0,0.0,0.0
60.167,1,0.0,0.0058150711264861755,0.7723645067155628,0.22182042215795095,0.0,0.0,0.0058150711264861755,0.7723645067155628,0.22182042215795095,0.0
60.25,0,0.0,0.005298442906570909,0.7704368512110592,0.22426470588236988,0.0,0.0,0.0,0.0,0.0,0.0
60.25,1,0.0,0.005298442906570909,0.7704368512110592,0.22426470588236988,0.0,0.0,0.005298442906570909,0.7704368512110592,0.22426470588236988,0.0
60.333,0,0.0,0.004805843906186594,0.7684717731515482,0.22672238294226502,0.0,0.0,0.0,0.0,0.0,0.0
60.333,1,0.0,0.004805843906186594,0.7684717731515482,0.22672238294226502,0.0,0.0,0.004805843906186594,0.7684717731515482,0.22672238294226502,0.0
60.417,0,0.0,0.004337274125333229,0.7664692725370302,0.22919345333763644,0.0,0.0,0.0,0.0,0.0,0.0
60.417,1,0.0,0.004337274125333229,0.7664692725370302,0.22919345333763644,0.0,0.0,0.004337274125333229,0.7664692725370302,0.22919345333763644,0.0
60.5,0,0.0,0.0038927335640108166,0.7644293493675051,0.23167791706848415,0.0,0.0,0.0,0.0,0.0,0.0
60.5,1,0.0,0.0038927335640108166,0.7644293493675051,0.23167791706848415,0.0,0.0,0.0038927335640108166,0.7644293493675051,0.23167791706848415,0.0
60.583,0,0.0,0.003472222222219355,0.7623520036429725,0.23417577413480808,0.0,0.0,0.0,0.0,0.0,0.0
60.583,1,0.0,0.003472222222219355,0.7623520036429725,0.23417577413480808,0.0,0.0,0.003472222222219355,0.7623520036429725,0.23417577413480808,0.0
60.667,0,0.0,0.003075740099958843,0.7602372353634328,0.23668702453660834,0.0,0.0,0.0,0.0,0.0,0.0
60.667,1,0.0,0.003075740099958843,0.7602372353634328,0.23668702453660834,0.0,0.0,0.003075740099958843,0.7602372353634328,0.23668702453660834,0.0
60.75,0,0.0,0.002703287197229283,0.7580850445288858,0.23921166827388482,0.0,0.0,0.0,0.0,0.0,0.0
60.75,1,0.0,0.002703287197229283,0.7580850445288858,0.23921166827388482,0.0,0.0,0.002703287197229283,0.7580850445288858,0.23921166827388482,0.0
60.833,0,0.0,0.002354863514030674,0.7558954311393317,0.2417497053466376,0.0,0.0,0.0,0.0,0.0,0.0
60.833,1,0.0,0.002354863514030674,0.7558954311393317,0.2417497053466376,0.0,0.0,0.002354863514030674,0.7558954311393317,0.2417497053466376,0.0
60.917,0,0.0,0.0020304690503630154,0.7536683951947704,0.24430113575486664,0.0,0.0,0.0,0.0,0.0,0.0
60.917,1,0.0,0.0020304690503630154,0.7536683951947704,0.24430113575486664,0.0,0.0,0.0020304690503630154,0.7536683951947704,0.24430113575486664,0.0
61.0,0,0.0,0.0017301038062263083,0.7514039366952017,0.24686595949857193,0.0,0.0,0.0,0.0,0.0,0.0
61.0,1,0.0,0.0017301038062263083,0.7514039366952017,0.24686595949857193,0.0,0.0,0.0017301038062263083,0.7514039366952017,0.24686595949857193,0.0
61.083,0,0.0,0.0014537677816205523,0.7491020556406259,0.2494441765777535,0.0,0.0,0.0,0.0,0.0,0.0
61.083,1,0.0,0.0014537677816205523,0.7491020556406259,0.2494441765777535,0.0,0.0,0.0014537677816205523,0.7491020556406259,0.2494441765777535,0.0
61.167,0,0.0,0.0012014609765457472,0.7467627520310429,0.25203578699241136,0.0,0.0,0.0,0.0,0.0,0.0
61.167,1,0.0,0.0012014609765457472,0.7467627520310429,0.25203578699241136,0.0,0.0,0.0012014609765457472,0.7467627520310429,0.25203578699241136,0.0
61.25,0,0.0,0.0009731833910018929,0.7443860258664526,0.2546407907425454,0.0,0.0,0.0,0.0,0.0,0.0
61.25,1,0.0,0.0009731833910018929,0.7443860258664526,0.2546407907425454,0.0,0.0,0.0009731833910018929,0.7443860258664526,0.2546407907425454,0.0
61.333,0,0.0,0.0007689350249889896,0.7419718771468552,0.2572591878281558,0.0,0.0,0.0,0.0,0.0,0.0
61.333,1,0.0,0.0007689350249889896,0.7419718771468552,0.2572591878281558,0.0,0.0,0.0007689350249889896,0.7419718771468552,0.2572591878281558,0.0
61.417,0,0.0,0.0005887158785070374,0.7395203058722504,0.2598909782492424,0.0,0.0,0.0,0.0,0.0,0.0
61.417,1,0.0,0.0005887158785070374,0.7395203058722504,0.2598909782492424,0.0,0.0,0.0005887158785070374,0.7395203058722504,0.2598909782492424,0.0
61.5,0,0.0,0.00043252595155603623,0.7370313120426386,0.2625361620058053,0.0,0.0,0.0,0.0,0.0,0.0
61.5,1,0.0,0.00043252595155603623,0.7370313120426386,0.2625361620058053,0.0,0.0,0.00043252595155603623,0.7370313120426386,0.2625361620058053,0.0
61.583,0,0.0,0.00030036524413598603,0.7345048956580195,0.2651947390978445,0.0,0.0,0.0,0.0,0.0,0.0
61.583,1,0.0,0.00030036524413598603,0.7345048956580195,0.2651947390978445,0.0,0.0,0.00030036524413598603,0.7345048956580195,0.2651947390978445,0.0
61.667,0,0.0,0.0001922337562468868,0.7319410567183932,0.26786670952536,0.0,0.0,0.0,0.0,0.0,0.0
61.667,1,0.0,0.0001922337562468868,0.7319410567183932,0.26786670952536,0.0,0.0,0.0001922337562468868,0.7319410567183932,0.26786670952536,0.0
61.75,0,0.0,0.0001081314878887386,0.7293397952237595,0.2705520732883517,0.0,0.0,0.0,0.0,0.0,0.0
61.75,1,0.0,0.0001081314878887386,0.7293397952237595,0.2705520732883517,0.0,0.0,0.0001081314878887386,0.7293397952237595,0.2705520732883517,0.0
61.833,0,0.0,4.805843906154141e-05,0.7267011111741187,0.2732508303868197,0.0,0.0,0.0,0.0,0.0,0.0
61.833,1,0.0,4.805843906154141e-05,0.7267011111741187,0.2732508303868197,0.0,0.0,4.805843906154141e-05,0.7267011111741187,0.2732508303868197,0.0
61.917,0,0.0,1.2014609765295201e-05,0.7240250045694708,0.2759629808207639,0.0,0.0,0.0,0.0,0.0,0.0
61.917,1,0.0,1.2014609765295201e-05,0.7240250045694708,0.2759629808207639,0.0,0.0,1.2014609765295201e-05,0.7240250045694708,0.2759629808207639,0.0
62.0,0,0.0,0.0,0.7213114754098157,0.27868852459018445,2.0194839173657902e-28,0.0,0.0,0.0,0.0,0.0
62.0,1,0.0,0.0,0.7213114754098157,0.27868852459018445,2.0194839173657902e-28,0.0,0.0,0.7213114754098157,0.27868852459018445,2.0194839173657902e-28
62.083,0,0.0,0.0,0.7185818223215559,0.28141459067201613,3.587006427969552e-06,0.0,0.0,0.0,0.0,0.0
62.083,1,0.0,0.0,0.7185818223215559,0.28141459067201613,3.587006427969552e-06,0.0,0.0,0.7185818223215559,0.28141459067201613,3.587006427969552e-06
62.167,0,0.0,0.0,0.7158573439310939,0.2841283080431944,1.434802571177055e-05,0.0,0.0,0.0,0.0,0.0
62.167,1,0.0,0.0,0.7158573439310939,0.2841283080431944,1.434802571177055e-05,0.0,0.0,0.7158573439310939,0.2841283080431944,1.434802571177055e-05
62.25,0,0.0,0.0,0.7131380402384294,0.2868296767037191,3.228305785140299e-05,0.0,0.0,0.0,0.0,0.0
62.25,1,0.0,0.0,0.7131380402384294,0.2868296767037191,3.228305785140299e-05,0.0,0.0,0.7131380402384294,0.2868296767037191,3.228305785140299e-05
62.333,0,0.0,0.0,0.7104239112435627,0.2895186966535904,5.739210284686688e-05,0.0,0.0,0.0,0.0,0.0
62.333,1,0.0,0.0,0.7104239112435627,0.2895186966535904,5.739210284686688e-05,0.0,0.0,0.7104239112435627,0.2895186966535904,5.739210284686688e-05
62.417,0,0.0,0.0,0.7077149569464936,0.29219536789280814,8.967516069816221e-05,0.0,0.0,0.0,0.0,0.0
62.417,1,0.0,0.0,0.7077149569464936,0.29219536789280814,8.967516069816221e-05,0.0,0.0,0.7077149569464936,0.29219536789280814,8.967516069816221e-05
62.5,0,0.0,0.0,0.7050111773472222,0.2948596904213725,0.00012913223140528898,0.0,0.0,0.0,0.0,0.0
62.5,1,0.0,0.0,0.7050111773472222,0.2948596904213725,0.00012913223140528898,0.0,0.0,0.7050111773472222,0.2948596904213725,0.00012913223140528898
62.583,0,0.0,0.0,0.7023125724457484,0.2975116642392834,0.00017576331496824723,0.0,0.0,0.0,0.0,0.0
62.583,1,0.0,0.0,0.7023125724457484,0.2975116642392834,0.00017576331496824723,0.0,0.0,0.7023125724457484,0.2975116642392834,0.00017576331496824723
62.667,0,0.0,0.0,0.6996191422420722,0.3001512893465407,0.00022956841138703688,0.0,0.0,0.0,0.0,0.0
62.667,1,0.0,0.0,0.6996191422420722,0.3001512893465407,0.00022956841138703688,0.0,0.0,0.6996191422420722,0.3001512893465407,0.00022956841138703688
62.75,0,0.0,0.0,0.6969308867361939,0.3027785657431446,0.000290547520661658,0.0,0.0,0.0,0.0,0.0
62.75,1,0.0,0.0,0.6969308867361939,0.3027785657431446,0.000290547520661658,0.0,0.0,0.6969308867361939,0.3027785657431446,0.000290547520661658
62.833,0,0.0,0.0,0.6942478059281129,0.30539349342909494,0.00035870064279211055,0.0,0.0,0.0,0.0,0.0
62.833,1,0.0,0.0,0.6942478059281129,0.30539349342909494,0.00035870064279211055,0.0,0.0,0.6942478059281129,0.30539349342909494,0.00035870064279211055
62.917,0,0.0,0.0,0.6915698998178298,0.30799607240439186,0.00043402777777839456,0.0,0.0,0.0,0.0,0.0
62.917,1,0.0,0.0,0.6915698998178298,0.30799607240439186,0.00043402777777839456,0.0,0.0,0.6915698998178298,0.30799607240439186,0.00043402777777839456
63.0,0,0.0,0.0,0.6888971684053441,0.3105863026690353,0.00051652892562051,0.0,0.0,0.0,0.0,0.0
63.0,1,0.0,0.0,0.6888971684053441,0.3105863026690353,0.00051652892562051,0.0,0.0,0.6888971684053441,0.3105863026690353,0.00051652892562051
63.083,0,0.0,0.0,0.6862296116906563,0.3131641842230253,0.0006062040863184569,0.0,0.0,0.0,0.0,0.0
63.083,1,0.0,0.0,0.6862296116906563,0.3131641842230253,0.0006062040863184569,0.0,0.0,0.6862296116906563,0.3131641842230253,0.0006062040863184569
63.167,0,0.0,0.0,0.683567229673766,0.31572971706636177,0.0007030532598722353,0.0,0.0,0.0,0.0,0.0
63.167,1,0.0,0.0,0.683567229673766,0.31572971706636177,0.0007030532598722353,0.0,0.0,0.683567229673766,0.31572971706636177,0.0007030532598722353
63.25,0,0.0,0.0,0.6809100223546733,0.3182829011990447,0.000807076446281845,0.0,0.0,0.0,0.0,0.0
63.25,1,0.0,0.0,0.6809100223546733,0.3182829011990447,0.000807076446281845,0.0,0.0,0.6809100223546733,0.3182829011990447,0.000807076446281845
63.333,0,0.0,0.0,0.6782579897333785,0.3208237366210742,0.0009182736455472862,0.0,0.0,0.0,0.0,0.0
63.333,1,0.0,0.0,0.6782579897333785,0.3208237366210742,0.0009182736455472862,0.0,0.0,0.6782579897333785,0.3208237366210742,0.0009182736455472862
63.417,0,0.0,0.0,0.6756111318098811,0.32335222333245023,0.001036644857668559,0.0,0.0,0.0,0.0,0.0
63.417,1,0.0,0.0,0.6756111318098811,0.32335222333245023,0.001036644857668559,0.0,0.0,0.6756111318098811,0.32335222333245023,0.001036644857668559
63.5,0,0.0,0.0,0.6729694485841815,0.3258683613331728,0.0011621900826456631,0.0,0.0,0.0,0.0,0.0
63.5,1,0.0,0.0,0.6729694485841815,0.3258683613331728,0.0011621900826456631,0.0,0.0,0.6729694485841815,0.3258683613331728,0.0011621900826456631
63.583,0,0.0,0.0,0.6703329400562796,0.32837215062324193,0.0012949093204785986,0.0,0.0,0.0,0.0,0.0
63.583,1,0.0,0.0,0.6703329400562796,0.32837215062324193,0.0012949093204785986,0.0,0.0,0.6703329400562796,0.32837215062324193,0.0012949093204785986
63.667,0,0.0,0.0,0.6677016062261751,0.33086359120265746,0.0014348025711673656,0.0,0.0,0.0,0.0,0.0
63.667,1,0.0,0.0,0.6677016062261751,0.33086359120265746,0.0014348025711673656,0.0,0.0,0.6677016062261751,0.33086359120265746,0.0014348025711673656
63.75,0,0.0,0.0,0.6650754470938686,0.33334268307141957,0.0015818698347119641,0.0,0.0,0.0,0.0,0.0
63.75,1,0.0,0.0,0.6650754470938686,0.33334268307141957,0.0015818698347119641,0.0,0.0,0.6650754470938686,0.33334268307141957,0.0015818698347119641
63.833,0,0.0,0.0,0.6624544626593594,0.3358094262295282,0.001736111111112394,0.0,0.0,0.0,0.0,0.0
63.833,1,0.0,0.0,0.6624544626593594,0.3358094262295282,0.001736111111112394,0.0,0.0,0.6624544626593594,0.3358094262295282,0.001736111111112394
63.917,0,0.0,0.0,0.659838652922648,0.33826382067698335,0.0018975264003686554,0.0,0.0,0.0,0.0,0.0
63.917,1,0.0,0.0,0.659838652922648,0.33826382067698335,0.0018975264003686554,0.0,0.0,0.659838652922648,0.33826382067698335,0.0018975264003686554
64.0,0,0.0,0.0,0.6572280178837342,0.340705866413785,0.0020661157024807484,0.0,0.0,0.0,0.0,0.0
64.0,1,0.0,0.0,0.6572280178837342,0.340705866413785,0.0020661157024807484,0.0,0.0,0.6572280178837342,0.340705866413785,0.0020661157024807484
64.083,0,0.0,0.0,0.654622557542618,0.3431355634399334,0.0022418790174486875,0.0,0.0,0.0,0.0,0.0
64.083,1,0.0,0.0,0.654622557542618,0.3431355634399334,0.0022418790174486875,0.0,0.0,0.654622557542618,0.3431355634399334,0.0022418790174486875
64.167,0,0.0,0.0,0.6520222718992996,0.3455529117554279,0.002424816345272428,0.0,0.0,0.0,0.0,0.0
64.167,1,0.0,0.0,0.6520222718992996,0.3455529117554279,0.002424816345272428,0.0,0.0,0.6520222718992996,0.3455529117554279,0.002424816345272428
64.25,0,0.0,0.0,0.6494271609537791,0.34795791136026893,0.0026149276859519987,0.0,0.0,0.0,0.0,0.0
64.25,1,0.0,0.0,0.6494271609537791,0.34795791136026893,0.0026149276859519987,0.0,0.0,0.6494271609537791,0.34795791136026893,0.0026149276859519987
64.333,0,0.0,0.0,0.6468372247060556,0.3503505622544569,0.0028122130394874338,0.0,0.0,0.0,0.0,0.0
64.333,1,0.0,0.0,0.6468372247060556,0.3503505622544569,0.0028122130394874338,0.0,0.0,0.6468372247060556,0.3503505622544569,0.0028122130394874338
64.417,0,0.0,0.0,0.6442524631561299,0.35273086443799134,0.0030166724058787015,0.0,0.0,0.0,0.0,0.0
64.417,1,0.0,0.0,0.6442524631561299,0.35273086443799134,0.0030166724058787015,0.0,0.0,0.6442524631561299,0.35273086443799134,0.0030166724058787015
64.5,0,0.0,0.0,0.6416728763040024,0.3550988179108719,0.0032283057851257655,0.0,0.0,0.0,0.0,0.0
64.5,1,0.0,0.0,0.6416728763040024,0.3550988179108719,0.0032283057851257655,0.0,0.0,0.6416728763040024,0.3550988179108719,0.0032283057851257655
64.583,0,0.0,0.0,0.6390984641496724,0.357454422673099,0.003447113177228659,0.0,0.0,0.0,0.0,0.0
64.583,1,0.0,0.0,0.6390984641496724,0.357454422673099,0.003447113177228659,0.0,0.0,0.6390984641496724,0.357454422673099,0.003447113177228659
64.667,0,0.0,0.0,0.6365292266931395,0.35979767872467305,0.003673094582187423,0.0,0.0,0.0,0.0,0.0
64.667,1,0.0,0.0,0.6365292266931395,0.35979767872467305,0.003673094582187423,0.0,0.0,0.6365292266931395,0.35979767872467305,0.003673094582187423
64.75,0,0.0,0.0,0.6339651639344044,0.3621285860655936,0.003906250000002019,0.0,0.0,0.0,0.0,0.0
64.75,1,0.0,0.0,0.6339651639344044,0.3621285860655936,0.003906250000002019,0.0,0.0,0.6339651639344044,0.3621285860655936,0.003906250000002019
64.833,0,0.0,0.0,0.6314062758734673,0.3644471446958602,0.004146579430672406,0.0,0.0,0.0,0.0,0.0
64.833,1,0.0,0.0,0.6314062758734673,0.3644471446958602,0.004146579430672406,0.0,0.0,0.6314062758734673,0.3644471446958602,0.004146579430672406
64.917,0,0.0,0.0,0.628852562510328,0.3667533546154734,0.004394082874198622,0.0,0.0,0.0,0.0,0.0
64.917,1,0.0,0.0,0.628852562510328,0.3667533546154734,0.004394082874198622,0.0,0.0,0.628852562510328,0.3667533546154734,0.004394082874198622
65.0,0,0.0,0.0,0.6263040238449857,0.36904721582443356,0.004648760330580714,0.0,0.0,0.0,0.0,0.0
65.0,1,0.0,0.0,0.6263040238449857,0.36904721582443356,0.004648760330580714,0.0,0.0,0.6263040238449857,0.36904721582443356,0.004648760330580714
65.083,0,0.0,0.0,0.6237606598774412,0.3713287283227402,0.004910611799818639,0.0,0.0,0.0,0.0,0.0
65.083,1,0.0,0.0,0.6237606598774412,0.3713287283227402,0.004910611799818639,0.0,0.0,0.6237606598774412,0.3713287283227402,0.004910611799818639
65.167,0,0.0,0.0,0.6212224706076948,0.3735978921103929,0.005179637281912349,0.0,0.0,0.0,0.0,0.0
65.167,1,0.0,0.0,0.6212224706076948,0.3735978921103929,0.005179637281912349,0.0,0.0,0.6212224706076948,0.3735978921103929,0.005179637281912349
65.25,0,0.0,0.0,0.618689456035746,0.3758547071873922,0.00545583677686189,0.0,0.0,0.0,0.0,0.0
65.25,1,0.0,0.0,0.618689456035746,0.3758547071873922,0.00545583677686189,0.0,0.0,0.618689456035746,0.3758547071873922,0.00545583677686189
65.333,0,0.0,0.0,0.6161616161615944,0.37809917355373834,0.0057392102846673095,0.0,0.0,0.0,0.0,0.0
65.333,1,0.0,0.0,0.6161616161615944,0.37809917355373834,0.0057392102846673095,0.0,0.0,0.6161616161615944,0.37809917355373834,0.0057392102846673095
65.417,0,0.0,0.0,0.6136389509852405,0.38033129120943104,0.006029757805328563,0.0,0.0,0.0,0.0,0.0
65.417,1,0.0,0.0,0.6136389509852405,0.38033129120943104,0.006029757805328563,0.0,0.0,0.6136389509852405,0.38033129120943104,0.006029757805328563
65.5,0,0.0,0.0,0.6111214605066845,0.3825510601544699,0.006327479338845595,0.0,0.0,0.0,0.0,0.0
65.5,1,0.0,0.0,0.6111214605066845,0.3825510601544699,0.006327479338845595,0.0,0.0,0.6111214605066845,0.3825510601544699,0.006327479338845595
65.583,0,0.0,0.0,0.6086091447259264,0.38475848038885524,0.006632374885218461,0.0,0.0,0.0,0.0,0.0
65.583,1,0.0,0.0,0.6086091447259264,0.38475848038885524,0.006632374885218461,0.0,0.0,0.6086091447259264,0.38475848038885524,0.006632374885218461
65.667,0,0.0,0.0,0.6061020036429653,0.3869535519125875,0.0069444444444472075,0.0,0.0,0.0,0.0,0.0
65.667,1,0.0,0.0,0.6061020036429653,0.3869535519125875,0.0069444444444472075,0.0,0.0,0.6061020036429653,0.3869535519125875,0.0069444444444472075
65.75,0,0.0,0.0,0.603600037257802,0.3891362747256663,0.007263688016531789,0.0,0.0,0.0,0.0,0.0
65.75,1,0.0,0.0,0.603600037257802,0.3891362747256663,0.007263688016531789,0.0,0.0,0.603600037257802,0.3891362747256663,0.007263688016531789
65.833,0,0.0,0.0,0.6011032455704367,0.39130664882809113,0.007590105601472144,0.0,0.0,0.0,0.0,0.0
65.833,1,0.0,0.0,0.6011032455704367,0.39130664882809113,0.007590105601472144,0.0,0.0,0.6011032455704367,0.39130664882809113,0.007590105601472144
65.917,0,0.0,0.0,0.5986116285808691,0.3934646742198626,0.007923697199268333,0.0,0.0,0.0,0.0,0.0
65.917,1,0.0,0.0,0.5986116285808691,0.3934646742198626,0.007923697199268333,0.0,0.0,0.5986116285808691,0.3934646742198626,0.007923697199268333
66.0,0,0.0,0.0,0.5961251862890987,0.39561035090098084,0.008264462809920409,0.0,0.0,0.0,0.0,0.0
66.0,1,0.0,0.0,0.5961251862890987,0.39561035090098084,0.008264462809920409,0.0,0.0,0.5961251862890987,0.39561035090098084,0.008264462809920409
66.083,0,0.0,0.0,0.5936439186951259,0.39774367887144574,0.00861240243342832,0.0,0.0,0.0,0.0,0.0
66.083,1,0.0,0.0,0.5936439186951259,0.39774367887144574,0.00861240243342832,0.0,0.0,0.5936439186951259,0.39774367887144574,0.00861240243342832
66.167,0,0.0,0.0,0.5911678257989513,0.3998646581312567,0.008967516069791999,0.0,0.0,0.0,0.0,0.0
66.167,1,0.0,0.0,0.5911678257989513,0.3998646581312567,0.008967516069791999,0.0,0.0,0.5911678257989513,0.3998646581312567,0.008967516069791999
66.25,0,0.0,0.0,0.5886969076005742,0.4019732886804143,0.00932980371901151,0.0,0.0,0.0,0.0,0.0
66.25,1,0.0,0.0,0.5886969076005742,0.4019732886804143,0.00932980371901151,0.0,0.0,0.5886969076005742,0.4019732886804143,0.00932980371901151
66.333,0,0.0,0.0,0.5862311640999944,0.4040695705189187,0.009699265381086912,0.0,0.0,0.0,0.0,0.0
66.333,1,0.0,0.0,0.5862311640999944,0.4040695705189187,0.009699265381086912,0.0,0.0,0.5862311640999944,0.4040695705189187,0.009699265381086912
66.417,0,0.0,0.0,0.5837705952972123,0.4061535036467696,0.010075901056018152,0.0,0.0,0.0,0.0,0.0
66.417,1,0.0,0.0,0.5837705952972123,0.4061535036467696,0.010075901056018152,0.0,0.0,0.5837705952972123,0.4061535036467696,0.010075901056018152
66.5,0,0.0,0.0,0.5813152011922282,0.4082250880639666,0.010459710743805155,0.0,0.0,0.0,0.0,0.0
66.5,1,0.0,0.0,0.5813152011922282,0.4082250880639666,0.010459710743805155,0.0,0.0,0.5813152011922282,0.4082250880639666,0.010459710743805155
66.583,0,0.0,0.0,0.5788649817850418,0.4102843237705103,0.01085069444444799,0.0,0.0,0.0,0.0,0.0
66.583,1,0.0,0.0,0.5788649817850418,0.4102843237705103,0.01085069444444799,0.0,0.0,0.5788649817850418,0.4102843237705103,0.01085069444444799
66.667,0,0.0,0.0,0.5764199370756525,0.41233121076640067,0.011248852157946722,0.0,0.0,0.0,0.0,0.0
66.667,1,0.0,0.0,0.5764199370756525,0.41233121076640067,0.011248852157946722,0.0,0.0,0.5764199370756525,0.41233121076640067,0.011248852157946722
66.75,0,0.0,0.0,0.5739800670640611,0.41436574905163776,0.011654183884301287,0.0,0.0,0.0,0.0,0.0
66.75,1,0.0,0.0,0.5739800670640611,0.41436574905163776,0.011654183884301287,0.0,0.0,0.5739800670640611,0.41436574905163776,0.011654183884301287
66.833,0,0.0,0.0,0.5715453717502675,0.4163879386262208,0.012066689623511612,0.0,0.0,0.0,0.0,0.0
66.833,1,0.0,0.0,0.5715453717502675,0.4163879386262208,0.012066689623511612,0.0,0.0,0.5715453717502675,0.4163879386262208,0.012066689623511612
66.917,0,0.0,0.0,0.5691158511342718,0.41839777949015056,0.012486369375577771,0.0,0.0,0.0,0.0,0.0
66.917,1,0.0,0.0,0.5691158511342718,0.41839777949015056,0.012486369375577771,0.0,0.0,0.5691158511342718,0.41839777949015056,0.012486369375577771
67.0,0,0.0,0.0,0.566691505216073,0.4203952716434271,0.012913223140499832,0.0,0.0,0.0,0.0,0.0
67.0,1,0.0,0.0,0.566691505216073,0.4203952716434271,0.012913223140499832,0.0,0.0,0.566691505216073,0.4203952716434271,0.012913223140499832
67.083,0,0.0,0.0,0.5642723339956721,0.4223804150860502,0.013347250918277724,0.0,0.0,0.0,0.0,0.0
67.083,1,0.0,0.0,0.5642723339956721,0.4223804150860502,0.013347250918277724,0.0,0.0,0.5642723339956721,0.4223804150860502,0.013347250918277724
67.167,0,0.0,0.0,0.5618583374730692,0.4243532098180194,0.013788452708911374,0.0,0.0,0.0,0.0,0.0
67.167,1,0.0,0.0,0.5618583374730692,0.4243532098180194,0.013788452708911374,0.0,0.0,0.5618583374730692,0.4243532098180194,0.013788452708911374
67.25,0,0.0,0.0,0.5594495156482641,0.4263136558393352,0.014236828512400856,0.0,0.0,0.0,0.0,0.0
67.25,1,0.0,0.0,0.5594495156482641,0.4263136558393352,0.014236828512400856,0.0,0.0,0.5594495156482641,0.4263136558393352,0.014236828512400856
67.333,0,0.0,0.0,0.557045868521256,0.42826175314999776,0.014692378328746244,0.0,0.0,0.0,0.0,0.0
67.333,1,0.0,0.0,0.557045868521256,0.42826175314999776,0.014692378328746244,0.0,0.0,0.557045868521256,0.42826175314999776,0.014692378328746244
67.417,0,0.0,0.0,0.5546473960920457,0.4301975017500069,0.015155102157947468,0.0,0.0,0.0,0.0,0.0
67.417,1,0.0,0.0,0.5546473960920457,0.4301975017500069,0.015155102157947468,0.0,0.0,0.5546473960920457,0.4301975017500069,0.015155102157947468
67.5,0,0.0,0.0,0.5522540983606333,0.43212090163936223,0.01562500000000444,0.0,0.0,0.0,0.0,0.0
67.5,1,0.0,0.0,0.5522540983606333,0.43212090163936223,0.01562500000000444,0.0,0.0,0.5522540983606333,0.43212090163936223,0.01562500000000444
67.583,0,0.0,0.0,0.5498659753270186,0.4340319528180641,0.016102071854917244,0.0,0.0,0.0,0.0,0.0
67.583,1,0.0,0.0,0.5498659753270186,0.4340319528180641,0.016102071854917244,0.0,0.0,0.5498659753270186,0.4340319528180641,0.016102071854917244
67.667,0,0.0,0.0,0.5474830269912012,0.43593065528611274,0.016586317722685963,0.0,0.0,0.0,0.0,0.0
67.667,1,0.0,0.0,0.5474830269912012,0.43593065528611274,0.016586317722685963,0.0,0.0,0.5474830269912012,0.43593065528611274,0.016586317722685963
67.75,0,0.0,0.0,0.5451052533531815,0.437817009043508,0.017077737603310512,0.0,0.0,0.0,0.0,0.0
67.75,1,0.0,0.0,0.5451052533531815,0.437817009043508,0.017077737603310512,0.0,0.0,0.5451052533531815,0.437817009043508,0.017077737603310512
67.833,0,0.0,0.0,0.5427326544129598,0.43969101409024947,0.01757633149679081,0.0,0.0,0.0,0.0,0.0
67.833,1,0.0,0.0,0.5427326544129598,0.43969101409024947,0.01757633149679081,0.0,0.0,0.5427326544129598,0.43969101409024947,0.01757633149679081
67.917,0,0.0,0.0,0.5403652301705357,0.4415526704263374,0.018082099403126935,0.0,0.0,0.0,0.0,0.0
67.917,1,0.0,0.0,0.5403652301705357,0.4415526704263374,0.018082099403126935,0.0,0.0,0.5403652301705357,0.4415526704263374,0.018082099403126935
68.0,0,0.0,0.0,0.5380029806259089,0.4434019780517721,0.018595041322318984,0.0,0.0,0.0,0.0,0.0
68.0,1,0.0,0.0,0.5380029806259089,0.4434019780517721,0.018595041322318984,0.0,0.0,0.5380029806259089,0.4434019780517721,0.018595041322318984
68.083,0,0.0,0.0,0.5356459057790798,0.4452389369665534,0.01911515725436686,0.0,0.0,0.0,0.0,0.0
68.083,1,0.0,0.0,0.5356459057790798,0.4452389369665534,0.01911515725436686,0.0,0.0,0.5356459057790798,0.4452389369665534,0.01911515725436686
68.167,0,0.0,0.0,0.5332940056300486,0.44706354717068086,0.01964244719927048,0.0,0.0,0.0,0.0,0.0
68.167,1,0.0,0.0,0.5332940056300486,0.44706354717068086,0.01964244719927048,0.0,0.0,0.5332940056300486,0.44706354717068086,0.01964244719927048
68.25,0,0.0,0.0,0.5309472801788152,0.4488758086641549,0.02017691115702993,0.0,0.0,0.0,0.0,0.0
68.25,1,0.0,0.0,0.5309472801788152,0.4488758086641549,0.02017691115702993,0.0,0.0,0.5309472801788152,0.4488758086641549,0.02017691115702993
68.333,0,0.0,0.0,0.528605729425379,0.4506757214469757,0.020718549127645307,0.0,0.0,0.0,0.0,0.0
68.333,1,0.0,0.0,0.528605729425379,0.4506757214469757,0.020718549127645307,0.0,0.0,0.528605729425379,0.4506757214469757,0.020718549127645307
68.417,0,0.0,0.0,0.5262693533697405,0.45246328551914317,0.02126736111111651,0.0,0.0,0.0,0.0,0.0
68.417,1,0.0,0.0,0.5262693533697405,0.45246328551914317,0.02126736111111651,0.0,0.0,0.5262693533697405,0.45246328551914317,0.02126736111111651
68.5,0,0.0,0.0,0.5239381520118999,0.4542385008806567,0.021823347107443457,0.0,0.0,0.0,0.0,0.0
68.5,1,0.0,0.0,0.5239381520118999,0.4542385008806567,0.021823347107443457,0.0,0.0,0.5239381520118999,0.4542385008806567,0.021823347107443457
68.583,0,0.0,0.0,0.5216121253518571,0.45600136753151677,0.02238650711662623,0.0,0.0,0.0,0.0,0.0
68.583,1,0.0,0.0,0.5216121253518571,0.45600136753151677,0.02238650711662623,0.0,0.0,0.5216121253518571,0.45600136753151677,0.02238650711662623
68.667,0,0.0,0.0,0.5192912733896113,0.45775188547172363,0.022956841138664932,0.0,0.0,0.0,0.0,0.0
68.667,1,0.0,0.0,0.5192912733896113,0.45775188547172363,0.022956841138664932,0.0,0.0,0.5192912733896113,0.45775188547172363,0.022956841138664932
68.75,0,0.0,0.0,0.5169755961251634,0.45949005470127713,0.02353434917355947,0.0,0.0,0.0,0.0,0.0
68.75,1,0.0,0.0,0.5169755961251634,0.45949005470127713,0.02353434917355947,0.0,0.0,0.5169755961251634,0.45949005470127713,0.02353434917355947
68.833,0,0.0,0.0,0.5146650935585134,0.4612158752201768,0.024119031221309734,0.0,0.0,0.0,0.0,0.0
68.833,1,0.0,0.0,0.5146650935585134,0.4612158752201768,0.024119031221309734,0.0,0.0,0.5146650935585134,0.4612158752201768,0.024119031221309734
68.917,0,0.0,0.0,0.5123597656896612,0.462929347028423,0.024710887281915832,0.0,0.0,0.0,0.0,0.0
68.917,1,0.0,0.0,0.5123597656896612,0.462929347028423,0.024710887281915832,0.0,0.0,0.5123597656896612,0.462929347028423,0.024710887281915832
69.0,0,0.0,0.0,0.5100596125186062,0.464630470126016,0.02530991735537786,0.0,0.0,0.0,0.0,0.0
69.0,1,0.0,0.0,0.5100596125186062,0.464630470126016,0.02530991735537786,0.0,0.0,0.5100596125186062,0.464630470126016,0.02530991735537786
69.083,0,0.0,0.0,0.5077646340453489,0.4663192445129555,0.025916121441695725,0.0,0.0,0.0,0.0,0.0
69.083,1,0.0,0.0,0.5077646340453489,0.4663192445129555,0.025916121441695725,0.0,0.0,0.5077646340453489,0.4663192445129555,0.025916121441695725
69.167,0,0.0,0.0,0.5054748302698895,0.4679956701892412,0.026529499540869313,0.0,0.0,0.0,0.0,0.0
69.167,1,0.0,0.0,0.5054748302698895,0.4679956701892412,0.026529499540869313,0.0,0.0,0.5054748302698895,0.4679956701892412,0.026529499540869313
69.25,0,0.0,0.0,0.5031902011922278,0.46965974715487346,0.027150051652898733,0.0,0.0,0.0,0.0,0.0
69.25,1,0.0,0.0,0.5031902011922278,0.46965974715487346,0.027150051652898733,0.0,0.0,0.5031902011922278,0.46965974715487346,0.027150051652898733
69.333,0,0.0,0.0,0.5009107468123634,0.4713114754098525,0.027777777777784094,0.0,0.0,0.0,0.0,0.0
69.333,1,0.0,0.0,0.5009107468123634,0.4713114754098525,0.027777777777784094,0.0,0.0,0.5009107468123634,0.4713114754098525,0.027777777777784094
69.417,0,0.0,0.0,0.49863646713029663,0.4729508549541781,0.028412677915525285,0.0,0.0,0.0,0.0,0.0
69.417,1,0.0,0.0,0.49863646713029663,0.4729508549541781,0.028412677915525285,0.0,0.0,0.49863646713029663,0.4729508549541781,0.028412677915525285
69.5,0,0.0,0.0,0.49636736214602784,0.4745778857878499,0.029054752066122198,0.0,0.0,0.0,0.0,0.0
69.5,1,0.0,0.0,0.49636736214602784,0.4745778857878499,0.029054752066122198,0.0,0.0,0.49636736214602784,0.4745778857878499,0.029054752066122198
69.583,0,0.0,0.0,0.49410343185955685,0.47619256791086834,0.029704000229574944,0.0,0.0,0.0,0.0,0.0
69.583,1,0.0,0.0,0.49410343185955685,0.47619256791086834,0.029704000229574944,0.0,0.0,0.49410343185955685,0.47619256791086834,0.029704000229574944
69.667,0,0.0,0.0,0.49184467627088296,0.47779490132323343,0.03036042240588363,0.0,0.0,0.0,0.0,0.0
69.667,1,0.0,0.0,0.49184467627088296,0.47779490132323343,0.03036042240588363,0.0,0.0,0.49184467627088296,0.47779490132323343,0.03036042240588363
69.75,0,0.0,0.0,0.48959109538000684,0.4793848860249451,0.031024018595048147,0.0,0.0,0.0,0.0,0.0
69.75,1,0.0,0.0,0.48959109538000684,0.4793848860249451,0.031024018595048147,0.0,0.0,0.48959109538000684,0.4793848860249451,0.031024018595048147
69.833,0,0.0,0.0,0.48734268918692863,0.480962522016003,0.031694788797068385,0.0,0.0,0.0,0.0,0.0
69.833,1,0.0,0.0,0.48734268918692863,0.480962522016003,0.031694788797068385,0.0,0.0,0.48734268918692863,0.480962522016003,0.031694788797068385
69.917,0,0.0,0.0,0.48509945769164814,0.4825278092964074,0.03237273301194445,0.0,0.0,0.0,0.0,0.0
69.917,1,0.0,0.0,0.48509945769164814,0.4825278092964074,0.03237273301194445,0.0,0.0,0.48509945769164814,0.4825278092964074,0.03237273301194445
70.0,0,0.0,0.0,0.4828614008941649,0.4840807478661586,0.03305785123967647,0.0,0.0,0.0,0.0,0.0
70.0,1,0.0,0.0,0.4828614008941649,0.4840807478661586,0.03305785123967647,0.0,0.0,0.4828614008941649,0.4840807478661586,0.03305785123967647
70.083,0,0.0,0.0,0.4806285187944793,0.4856213377252564,0.03375014348026432,0.0,0.0,0.0,0.0,0.0
70.083,1,0.0,0.0,0.4806285187944793,0.4856213377252564,0.03375014348026432,0.0,0.0,0.4806285187944793,0.4856213377252564,0.03375014348026432
70.167,0,0.0,0.0,0.4784008113925918,0.48714957887370036,0.03444960973370787,0.0,0.0,0.0,0.0,0.0
70.167,1,0.0,0.0,0.4784008113925918,0.48714957887370036,0.03444960973370787,0.0,0.0,0.4784008113925918,0.48714957887370036,0.03444960973370787
70.25,0,0.0,0.0,0.47617827868850193,0.48866547131149085,0.035156250000007265,0.0,0.0,0.0,0.0,0.0
70.25,1,0.0,0.0,0.47617827868850193,0.48866547131149085,0.035156250000007265,0.0,0.0,0.47617827868850193,0.48866547131149085,0.035156250000007265
70.333,0,0.0,0.0,0.47396092068220924,0.49016901503862814,0.03587006427916261,0.0,0.0,0.0,0.0,0.0
70.333,1,0.0,0.0,0.47396092068220924,0.49016901503862814,0.03587006427916261,0.0,0.0,0.47396092068220924,0.49016901503862814,0.03587006427916261
70.417,0,0.0,0.0,0.4717487373737143,0.49166021005511196,0.03659105257117379,0.0,0.0,0.0,0.0,0.0
70.417,1,0.0,0.0,0.4717487373737143,0.49166021005511196,0.03659105257117379,0.0,0.0,0.4717487373737143,0.49166021005511196,0.03659105257117379
70.5,0,0.0,0.0,0.4695417287630173,0.493139056360942,0.03731921487604067,0.0,0.0,0.0,0.0,0.0
70.5,1,0.0,0.0,0.4695417287630173,0.493139056360942,0.03731921487604067,0.0,0.0,0.4695417287630173,0.493139056360942,0.03731921487604067
70.583,0,0.0,0.0,0.46733989485011806,0.4946055539561187,0.038054551193763386,0.0,0.0,0.0,0.0,0.0
70.583,1,0.0,0.0,0.46733989485011806,0.4946055539561187,0.038054551193763386,0.0,0.0,0.46733989485011806,0.4946055539561187,0.038054551193763386
70.667,0,0.0,0.0,0.465143235635016,0.49605970284064194,0.03879706152434206,0.0,0.0,0.0,0.0,0.0
70.667,1,0.0,0.0,0.465143235635016,0.49605970284064194,0.03879706152434206,0.0,0.0,0.465143235635016,0.49605970284064194,0.03879706152434206
70.75,0,0.0,0.0,0.46295175111771164,0.4975015030145119,0.03954674586777656,0.0,0.0,0.0,0.0,0.0
70.75,1,0.0,0.0,0.46295175111771164,0.4975015030145119,0.03954674586777656,0.0,0.0,0.46295175111771164,0.4975015030145119,0.03954674586777656
70.833,0,0.0,0.0,0.46076544129820524,0.498930954477728,0.04030360422406677,0.0,0.0,0.0,0.0,0.0
70.833,1,0.0,0.0,0.46076544129820524,0.498930954477728,0.04030360422406677,0.0,0.0,0.46076544129820524,0.498930954477728,0.04030360422406677
70.917,0,0.0,0.0,0.45858430617649654,0.5003480572302907,0.0410676365932128,0.0,0.0,0.0,0.0,0.0
70.917,1,0.0,0.0,0.45858430617649654,0.5003480572302907,0.0410676365932128,0.0,0.0,0.45858430617649654,0.5003480572302907,0.0410676365932128
71.0,0,0.0,0.0,0.45640834575258504,0.5017528112722001,0.041838842975214806,0.0,0.0,0.0,0.0,0.0
71.0,1,0.0,0.0,0.45640834575258504,0.5017528112722001,0.041838842975214806,0.0,0.0,0.45640834575258504,0.5017528112722001,0.041838842975214806
71.083,0,0.0,0.0,0.4542375600264713,0.5031452166034561,0.042617223370072635,0.0,0.0,0.0,0.0,0.0
71.083,1,0.0,0.0,0.4542375600264713,0.5031452166034561,0.042617223370072635,0.0,0.0,0.4542375600264713,0.5031452166034561,0.042617223370072635
71.167,0,0.0,0.0,0.4520719489981555,0.5045252732240583,0.043402777777786165,0.0,0.0,0.0,0.0,0.0
71.167,1,0.0,0.0,0.4520719489981555,0.5045252732240583,0.043402777777786165,0.0,0.0,0.4520719489981555,0.5045252732240583,0.043402777777786165
71.25,0,0.0,0.0,0.44991151266763746,0.5058929811340072,0.04419550619835553,0.0,0.0,0.0,0.0,0.0
71.25,1,0.0,0.0,0.44991151266763746,0.5058929811340072,0.04419550619835553,0.0,0.0,0.44991151266763746,0.5058929811340072,0.04419550619835553
71.333,0,0.0,0.0,0.44775625103491656,0.5072483403333026,0.04499540863178085,0.0,0.0,0.0,0.0,0.0
71.333,1,0.0,0.0,0.44775625103491656,0.5072483403333026,0.04499540863178085,0.0,0.0,0.44775625103491656,0.5072483403333026,0.04499540863178085
71.417,0,0.0,0.0,0.44560616409999343,0.5085913508219446,0.04580248507806201,0.0,0.0,0.0,0.0,0.0
71.417,1,0.0,0.0,0.44560616409999343,0.5085913508219446,0.04580248507806201,0.0,0.0,0.44560616409999343,0.5085913508219446,0.04580248507806201
71.5,0,0.0,0.0,0.44346125186286817,0.509922012599933,0.04661673553719887,0.0,0.0,0.0,0.0,0.0
71.5,1,0.0,0.0,0.44346125186286817,0.509922012599933,0.04661673553719887,0.0,0.0,0.44346125186286817,0.509922012599933,0.04661673553719887
71.583,0,0.0,0.0,0.44132151432354066,0.5112403256672677,0.04743816000919156,0.0,0.0,0.0,0.0,0.0
71.583,1,0.0,0.0,0.44132151432354066,0.5112403256672677,0.04743816000919156,0.0,0.0,0.44132151432354066,0.5112403256672677,0.04743816000919156
71.667,0,0.0,0.0,0.4391869514820104,0.5125462900239494,0.04826675849404021,0.0,0.0,0.0,0.0,0.0
71.667,1,0.0,0.0,0.4391869514820104,0.5125462900239494,0.04826675849404021,0.0,0.0,0.4391869514820104,0.5125462900239494,0.04826675849404021
71.75,0,0.0,0.0,0.43705756333827783,0.5138399056699775,0.0491025309917447,0.0,0.0,0.0,0.0,0.0
71.75,1,0.0,0.0,0.43705756333827783,0.5138399056699775,0.0491025309917447,0.0,0.0,0.43705756333827783,0.5138399056699775,0.0491025309917447
71.833,0,0.0,0.0,0.4349333498923433,0.515121172605352,0.04994547750230488,0.0,0.0,0.0,0.0,0.0
71.833,1,0.0,0.0,0.4349333498923433,0.515121172605352,0.04994547750230488,0.0,0.0,0.4349333498923433,0.515121172605352,0.04994547750230488
71.917,0,0.0,0.0,0.4328143111442064,0.5163900908300728,0.05079559802572088,0.0,0.0,0.0,0.0,0.0
71.917,1,0.0,0.0,0.4328143111442064,0.5163900908300728,0.05079559802572088,0.0,0.0,0.4328143111442064,0.5163900908300728,0.05079559802572088
72.0,0,0.0,0.0,0.4307004470938667,0.5176466603441404,0.05165289256199286,0.0,0.0,0.0,0.0,0.0
72.0,1,0.0,0.0,0.4307004470938667,0.5176466603441404,0.05165289256199286,0.0,0.0,0.4307004470938667,0.5176466603441404,0.05165289256199286
72.083,0,0.0,0.0,0.4285917577413247,0.5188908811475547,0.05251736111112069,0.0,0.0,0.0,0.0,0.0
72.083,1,0.0,0.0,0.4285917577413247,0.5188908811475547,0.05251736111112069,0.0,0.0,0.4285917577413247,0.5188908811475547,0.05251736111112069
72.167,0,0.0,0.0,0.4264882430865807,0.5201227532403151,0.05338900367310418,0.0,0.0,0.0,0.0,0.0
72.167,1,0.0,0.0,0.4264882430865807,0.5201227532403151,0.05338900367310418,0.0,0.0,0.4264882430865807,0.5201227532403151,0.05338900367310418
72.25,0,0.0,0.0,0.42438990312963437,0.521342276622422,0.054267820247943514,0.0,0.0,0.0,0.0,0.0
72.25,1,0.0,0.0,0.42438990312963437,0.521342276622422,0.054267820247943514,0.0,0.0,0.42438990312963437,0.521342276622422,0.054267820247943514
72.333,0,0.0,0.0,0.42229673787048533,0.5225494512938759,0.055153810835638827,0.0,0.0,0.0,0.0,0.0
72.333,1,0.0,0.0,0.42229673787048533,0.5225494512938759,0.055153810835638827,0.0,0.0,0.42229673787048533,0.5225494512938759,0.055153810835638827
72.417,0,0.0,0.0,0.42020874730913393,0.5237442772546761,0.05604697543618997,0.0,0.0,0.0,0.0,0.0
72.417,1,0.0,0.0,0.42020874730913393,0.5237442772546761,0.05604697543618997,0.0,0.0,0.42020874730913393,0.5237442772546761,0.05604697543618997
72.5,0,0.0,0.0,0.4181259314455805,0.5249267545048226,0.0569473140495968,0.0,0.0,0.0,0.0,0.0
72.5,1,0.0,0.0,0.4181259314455805,0.5249267545048226,0.0569473140495968,0.0,0.0,0.4181259314455805,0.5249267545048226,0.0569473140495968
72.583,0,0.0,0.0,0.4160482902798248,0.5260968830443158,0.05785482667585944,0.0,0.0,0.0,0.0,0.0
72.583,1,0.0,0.0,0.4160482902798248,0.5260968830443158,0.05785482667585944,0.0,0.0,0.4160482902798248,0.5260968830443158,0.05785482667585944
72.667,0,0.0,0.0,0.4139758238118663,0.5272546628731556,0.058769513314978095,0.0,0.0,0.0,0.0,0.0
72.667,1,0.0,0.0,0.4139758238118663,0.5272546628731556,0.058769513314978095,0.0,0.0,0.4139758238118663,0.5272546628731556,0.058769513314978095
72.75,0,0.0,0.0,0.4119085320417055,0.5284000939913419,0.059691373966952566,0.0,0.0,0.0,0.0,0.0
72.75,1,0.0,0.0,0.4119085320417055,0.5284000939913419,0.059691373966952566,0.0,0.0,0.4119085320417055,0.5284000939913419,0.059691373966952566
72.833,0,0.0,0.0,0.4098464149693427,0.5295331763988745,0.06062040863178272,0.0,0.0,0.0,0.0,0.0
72.833,1,0.0,0.0,0.4098464149693427,0.5295331763988745,0.06062040863178272,0.0,0.0,0.4098464149693427,0.5295331763988745,0.06062040863178272
72.917,0,0.0,0.0,0.4077894725947776,0.5306539100957538,0.06155661730946869,0.0,0.0,0.0,0.0,0.0
72.917,1,0.0,0.0,0.4077894725947776,0.5306539100957538,0.06155661730946869,0.0,0.0,0.4077894725947776,0.5306539100957538,0.06155661730946869
73.0,0,0.0,0.0,0.40573770491800976,0.5317622950819796,0.06250000000001066,0.0,0.0,0.0,0.0,0.0
73.0,1,0.0,0.0,0.40573770491800976,0.5317622950819796,0.06250000000001066,0.0,0.0,0.40573770491800976,0.5317622950819796,0.06250000000001066
73.083,0,0.0,0.0,0.40369111193903956,0.532858331357552,0.06345055670340846,0.0,0.0,0.0,0.0,0.0
73.083,1,0.0,0.0,0.40369111193903956,0.532858331357552,0.06345055670340846,0.0,0.0,0.40369111193903956,0.532858331357552,0.06345055670340846
73.167,0,0.0,0.0,0.4016496936578673,0.5339420189224708,0.06440828741966192,0.0,0.0,0.0,0.0,0.0
73.167,1,0.0,0.0,0.4016496936578673,0.5339420189224708,0.06440828741966192,0.0,0.0,0.4016496936578673,0.5339420189224708,0.06440828741966192
73.25,0,0.0,0.0,0.3996134500744928,0.5350133577767361,0.06537319214877123,0.0,0.0,0.0,0.0,0.0
73.25,1,0.0,0.0,0.3996134500744928,0.5350133577767361,0.06537319214877123,0.0,0.0,0.3996134500744928,0.5350133577767361,0.06537319214877123
73.333,0,0.0,0.0,0.3975823811889155,0.536072347920348,0.06634527089073652,0.0,0.0,0.0,0.0,0.0
73.333,1,0.0,0.0,0.3975823811889155,0.536072347920348,0.06634527089073652,0.0,0.0,0.3975823811889155,0.536072347920348,0.06634527089073652
73.417,0,0.0,0.0,0.3955564870011359,0.5371189893533065,0.06732452364555766,0.0,0.0,0.0,0.0,0.0
73.417,1,0.0,0.0,0.3955564870011359,0.5371189893533065,0.06732452364555766,0.0,0.0,0.3955564870011359,0.5371189893533065,0.06732452364555766
73.5,0,0.0,0.0,0.3935357675111543,0.5381532820756113,0.06831095041323446,0.0,0.0,0.0,0.0,0.0
73.5,1,0.0,0.0,0.3935357675111543,0.5381532820756113,0.06831095041323446,0.0,0.0,0.3935357675111543,0.5381532820756113,0.06831095041323446
73.583,0,0.0,0.0,0.39152022271897036,0.5391752260872626,0.06930455119376708,0.0,0.0,0.0,0.0,0.0
73.583,1,0.0,0.0,0.39152022271897036,0.5391752260872626,0.06930455119376708,0.0,0.0,0.39152022271897036,0.5391752260872626,0.06930455119376708
73.667,0,0.0,0.0,0.38950985262458365,0.5401848213882606,0.0703053259871557,0.0,0.0,0.0,0.0,0.0
73.667,1,0.0,0.0,0.38950985262458365,0.5401848213882606,0.0703053259871557,0.0,0.0,0.38950985262458365,0.5401848213882606,0.0703053259871557
73.75,0,0.0,0.0,0.3875046572279947,0.5411820679786052,0.07131327479340016,0.0,0.0,0.0,0.0,0.0
73.75,1,0.0,0.0,0.3875046572279947,0.5411820679786052,0.07131327479340016,0.0,0.0,0.3875046572279947,0.5411820679786052,0.07131327479340016
73.833,0,0.0,0.0,0.38550463652920364,0.542166965858296,0.07232839761250028,0.0,0.0,0.0,0.0,0.0
73.833,1,0.0,0.0,0.38550463652920364,0.542166965858296,0.07232839761250028,0.0,0.0,0.38550463652920364,0.542166965858296,0.07232839761250028
73.917,0,0.0,0.0,0.38350979052821027,0.5431395150273335,0.07335069444445622,0.0,0.0,0.0,0.0,0.0
73.917,1,0.0,0.0,0.38350979052821027,0.5431395150273335,0.07335069444445622,0.0,0.0,0.38350979052821027,0.5431395150273335,0.07335069444445622
74.0,0,0.0,0.0,0.38152011922501416,0.5440997154857176,0.07438016528926818,0.0,0.0,0.0,0.0,0.0
74.0,1,0.0,0.0,0.38152011922501416,0.5440997154857176,0.07438016528926818,0.0,0.0,0.38152011922501416,0.5440997154857176,0.07438016528926818
74.083,0,0.0,0.0,0.3795356226196159,0.5450475672334483,0.07541681014693596,0.0,0.0,0.0,0.0,0.0
74.083,1,0.0,0.0,0.3795356226196159,0.5450475672334483,0.07541681014693596,0.0,0.0,0.3795356226196159,0.5450475672334483,0.07541681014693596
74.167,0,0.0,0.0,0.3775563007120154,0.5459830702705253,0.0764606290174594,0.0,0.0,0.0,0.0,0.0
74.167,1,0.0,0.0,0.3775563007120154,0.5459830702705253,0.0764606290174594,0.0,0.0,0.3775563007120154,0.5459830702705253,0.0764606290174594
74.25,0,0.0,0.0,0.37558215350221263,0.5469062245969487,0.07751162190083868,0.0,0.0,0.0,0.0,0.0
74.25,1,0.0,0.0,0.37558215350221263,0.5469062245969487,0.07751162190083868,0.0,0.0,0.37558215350221263,0.5469062245969487,0.07751162190083868
74.333,0,0.0,0.0,0.3736131809902071,0.5478170302127189,0.07856978879707396,0.0,0.0,0.0,0.0,0.0
74.333,1,0.0,0.0,0.3736131809902071,0.5478170302127189,0.07856978879707396,0.0,0.0,0.3736131809902071,0.5478170302127189,0.07856978879707396
74.417,0,0.0,0.0,0.3716493831759993,0.5487154871178356,0.07963512970616507,0.0,0.0,0.0,0.0,0.0
74.417,1,0.0,0.0,0.3716493831759993,0.5487154871178356,0.07963512970616507,0.0,0.0,0.3716493831759993,0.5487154871178356,0.07963512970616507
74.5,0,0.0,0.0,0.3696907600595895,0.5496015953122987,0.08070764462811184,0.0,0.0,0.0,0.0,0.0
74.5,1,0.0,0.0,0.3696907600595895,0.5496015953122987,0.08070764462811184,0.0,0.0,0.3696907600595895,0.5496015953122987,0.08070764462811184
74.583,0,0.0,0.0,0.3677373116409774,0.5504753547961083,0.08178733356291443,0.0,0.0,0.0,0.0,0.0
74.583,1,0.0,0.0,0.3677373116409774,0.5504753547961083,0.08178733356291443,0.0,0.0,0.3677373116409774,0.5504753547961083,0.08178733356291443
74.667,0,0.0,0.0,0.3657890379201625,0.5513367655692645,0.08287419651057304,0.0,0.0,0.0,0.0,0.0
74.667,1,0.0,0.0,0.3657890379201625,0.5513367655692645,0.08287419651057304,0.0,0.0,0.3657890379201625,0.5513367655692645,0.08287419651057304
74.75,0,0.0,0.0,0.3638459388971453,0.5521858276317674,0.08396823347108749,0.0,0.0,0.0,0.0,0.0
74.75,1,0.0,0.0,0.3638459388971453,0.5521858276317674,0.08396823347108749,0.0,0.0,0.3638459388971453,0.5521858276317674,0.08396823347108749
74.833,0,0.0,0.0,0.361908014571926,0.5530225409836165,0.08506944444445756,0.0,0.0,0.0,0.0,0.0
74.833,1,0.0,0.0,0.361908014571926,0.5530225409836165,0.08506944444445756,0.0,0.0,0.361908014571926,0.5530225409836165,0.08506944444445756
74.917,0,0.0,0.0,0.35997526494450444,0.5538469056248121,0.08617782943068349,0.0,0.0,0.0,0.0,0.0
74.917,1,0.0,0.0,0.35997526494450444,0.5538469056248121,0.08617782943068349,0.0,0.0,0.35997526494450444,0.5538469056248121,0.08617782943068349
75.0,0,0.0,0.0,0.3580476900148801,0.5546589215553543,0.08729338842976542,0.0,0.0,0.0,0.0,0.0
75.0,1,0.0,0.0,0.3580476900148801,0.5546589215553543,0.08729338842976542,0.0,0.0,0.3580476900148801,0.5546589215553543,0.08729338842976542
75.083,0,0.0,0.0,0.3561252897830535,0.5554585887752432,0.08841612144170319,0.0,0.0,0.0,0.0,0.0
75.083,1,0.0,0.0,0.3561252897830535,0.5554585887752432,0.08841612144170319,0.0,0.0,0.3561252897830535,0.5554585887752432,0.08841612144170319
75.167,0,0.0,0.0,0.3542080642490249,0.5562459072844785,0.0895460284664966,0.0,0.0,0.0,0.0,0.0
75.167,1,0.0,0.0,0.3542080642490249,0.5562459072844785,0.0895460284664966,0.0,0.0,0.3542080642490249,0.5562459072844785,0.0895460284664966
75.25,0,0.0,0.0,0.35229601341279393,0.5570208770830603,0.09068310950414585,0.0,0.0,0.0,0.0,0.0
75.25,1,0.0,0.0,0.35229601341279393,0.5570208770830603,0.09068310950414585,0.0,0.0,0.35229601341279393,0.5570208770830603,0.09068310950414585
75.333,0,0.0,0.0,0.3503891372743602,0.5577834981709887,0.09182736455465111,0.0,0.0,0.0,0.0,0.0
75.333,1,0.0,0.0,0.3503891372743602,0.5577834981709887,0.09182736455465111,0.0,0.0,0.3503891372743602,0.5577834981709887,0.09182736455465111
75.417,0,0.0,0.0,0.3484874358337242,0.5585337705482636,0.09297879361801221,0.0,0.0,0.0,0.0,0.0
75.417,1,0.0,0.0,0.3484874358337242,0.5585337705482636,0.09297879361801221,0.0,0.0,0.3484874358337242,0.5585337705482636,0.09297879361801221
75.5,0,0.0,0.0,0.34659090909088613,0.5592716942148849,0.09413739669422895,0.0,0.0,0.0,0.0,0.0
75.5,1,0.0,0.0,0.34659090909088613,0.5592716942148849,0.09413739669422895,0.0,0.0,0.34659090909088613,0.5592716942148849,0.09413739669422895
75.583,0,0.0,0.0,0.34469955704584576,0.5599972691708527,0.09530317378330151,0.0,0.0,0.0,0.0,0.0
75.583,1,0.0,0.0,0.34469955704584576,0.5599972691708527,0.09530317378330151,0.0,0.0,0.34469955704584576,0.5599972691708527,0.09530317378330151
75.667,0,0.0,0.0,0.34281337969860265,0.5607104954161672,0.0964761248852301,0.0,0.0,0.0,0.0,0.0
75.667,1,0.0,0.0,0.34281337969860265,0.5607104954161672,0.0964761248852301,0.0,0.0,0.34281337969860265,0.5607104954161672,0.0964761248852301
75.75,0,0.0,0.0,0.3409323770491573,0.5614113729508283,0.09765625000001454,0.0,0.0,0.0,0.0,0.0
75.75,1,0.0,0.0,0.3409323770491573,0.5614113729508283,0.09765625000001454,0.0,0.0,0.3409323770491573,0.5614113729508283,0.09765625000001454
75.833,0,0.0,0.0,0.3390565490975098,0.5620999017748356,0.09884354912765458,0.0,0.0,0.0,0.0,0.0
75.833,1,0.0,0.0,0.3390565490975098,0.5620999017748356,0.09884354912765458,0.0,0.0,0.3390565490975098,0.5620999017748356,0.09884354912765458
75.917,0,0.0,0.0,0.33718589584366004,0.5627760818881895,0.10003802226815048,0.0,0.0,0.0,0.0,0.0
75.917,1,0.0,0.0,0.33718589584366004,0.5627760818881895,0.10003802226815048,0.0,0.0,0.33718589584366004,0.5627760818881895,0.10003802226815048
76.0,0,0.0,0.0,0.33532041728760753,0.56343991329089,0.1012396694215024,0.0,0.0,0.0,0.0,0.0
76.0,1,0.0,0.0,0.33532041728760753,0.56343991329089,0.1012396694215024,0.0,0.0,0.33532041728760753,0.56343991329089,0.1012396694215024
76.083,0,0.0,0.0,0.3334601134293527,0.5640913959829372,0.10244849058771015,0.0,0.0,0.0,0.0,0.0
76.083,1,0.0,0.0,0.3334601134293527,0.5640913959829372,0.10244849058771015,0.0,0.0,0.3334601134293527,0.5640913959829372,0.10244849058771015
76.167,0,0.0,0.0,0.33160498426889584,0.5647305299643306,0.10366448576677353,0.0,0.0,0.0,0.0,0.0
76.167,1,0.0,0.0,0.33160498426889584,0.5647305299643306,0.10366448576677353,0.0,0.0,0.33160498426889584,0.5647305299643306,0.10366448576677353
76.25,0,0.0,0.0,0.32975502980623667,0.5653573152350707,0.10488765495869275,0.0,0.0,0.0,0.0,0.0
76.25,1,0.0,0.0,0.32975502980623667,0.5653573152350707,0.10488765495869275,0.0,0.0,0.32975502980623667,0.5653573152350707,0.10488765495869275
76.333,0,0.0,0.0,0.32791025004137475,0.5659717517951572,0.10611799816346801,0.0,0.0,0.0,0.0,0.0
76.333,1,0.0,0.0,0.32791025004137475,0.5659717517951572,0.10611799816346801,0.0,0.0,0.32791025004137475,0.5659717517951572,0.10611799816346801
76.417,0,0.0,0.0,0.32607064497431054,0.5665738396445904,0.10735551538109908,0.0,0.0,0.0,0.0,0.0
76.417,1,0.0,0.0,0.32607064497431054,0.5665738396445904,0.10735551538109908,0.0,0.0,0.32607064497431054,0.5665738396445904,0.10735551538109908
76.5,0,0.0,0.0,0.32423621460504426,0.56716357878337,0.10860020661158579,0.0,0.0,0.0,0.0,0.0
76.5,1,0.0,0.0,0.32423621460504426,0.56716357878337,0.10860020661158579,0.0,0.0,0.32423621460504426,0.56716357878337,0.10860020661158579
76.583,0,0.0,0.0,0.3224069589335757,0.5677409692114961,0.10985207185492832,0.0,0.0,0.0,0.0,0.0
76.583,1,0.0,0.0,0.3224069589335757,0.5677409692114961,0.10985207185492832,0.0,0.0,0.3224069589335757,0.5677409692114961,0.10985207185492832
76.667,0,0.0,0.0,0.32058287795990437,0.5683060109289687,0.1111111111111269,0.0,0.0,0.0,0.0,0.0
76.667,1,0.0,0.0,0.32058287795990437,0.5683060109289687,0.1111111111111269,0.0,0.0,0.32058287795990437,0.5683060109289687,0.1111111111111269
76.75,0,0.0,0.0,0.31876397168403076,0.568858703935788,0.11237732438018132,0.0,0.0,0.0,0.0,0.0
76.75,1,0.0,0.0,0.31876397168403076,0.568858703935788,0.11237732438018132,0.0,0.0,0.31876397168403076,0.568858703935788,0.11237732438018132
76.833,0,0.0,0.0,0.316950240105955,0.5693990482319535,0.11365071166209134,0.0,0.0,0.0,0.0,0.0
76.833,1,0.0,0.0,0.316950240105955,0.5693990482319535,0.11365071166209134,0.0,0.0,0.316950240105955,0.5693990482319535,0.11365071166209134
76.917,0,0.0,0.0,0.3151416832256771,0.5699270438174658,0.1149312729568572,0.0,0.0,0.0,0.0,0.0
76.917,1,0.0,0.0,0.3151416832256771,0.5699270438174658,0.1149312729568572,0.0,0.0,0.3151416832256771,0.5699270438174658,0.1149312729568572
77.0,0,0.0,0.0,0.3133383010431964,0.5704426906923246,0.1162190082644791,0.0,0.0,0.0,0.0,0.0
77.0,1,0.0,0.0,0.3133383010431964,0.5704426906923246,0.1162190082644791,0.0,0.0,0.3133383010431964,0.5704426906923246,0.1162190082644791
77.083,0,0.0,0.0,0.31154009355851336,0.5709459888565299,0.11751391758495684,0.0,0.0,0.0,0.0,0.0
77.083,1,0.0,0.0,0.31154009355851336,0.5709459888565299,0.11751391758495684,0.0,0.0,0.31154009355851336,0.5709459888565299,0.11751391758495684
77.167,0,0.0,0.0,0.3097470607716282,0.5714369383100816,0.1188160009182902,0.0,0.0,0.0,0.0,0.0
77.167,1,0.0,0.0,0.3097470607716282,0.5714369383100816,0.1188160009182902,0.0,0.0,0.3097470607716282,0.5714369383100816,0.1188160009182902
77.25,0,0.0,0.0,0.30795920268254084,0.5719155390529798,0.12012525826447937,0.0,0.0,0.0,0.0,0.0
77.25,1,0.0,0.0,0.30795920268254084,0.5719155390529798,0.12012525826447937,0.0,0.0,0.30795920268254084,0.5719155390529798,0.12012525826447937
77.333,0,0.0,0.0,0.3061765192912507,0.5723817910852247,0.12144168962352461,0.0,0.0,0.0,0.0,0.0
77.333,1,0.0,0.0,0.3061765192912507,0.5723817910852247,0.12144168962352461,0.0,0.0,0.3061765192912507,0.5723817910852247,0.12144168962352461
77.417,0,0.0,0.0,0.3043990105977583,0.572835694406816,0.12276529499542567,0.0,0.0,0.0,0.0,0.0
77.417,1,0.0,0.0,0.3043990105977583,0.572835694406816,0.12276529499542567,0.0,0.0,0.3043990105977583,0.572835694406816,0.12276529499542567
77.5,0,0.0,0.0,0.3026266766020638,0.5732772490177539,0.12409607438018236,0.0,0.0,0.0,0.0,0.0
77.5,1,0.0,0.0,0.3026266766020638,0.5732772490177539,0.12409607438018236,0.0,0.0,0.3026266766020638,0.5732772490177539,0.12409607438018236
77.583,0,0.0,0.0,0.300859517304167,0.5737064549180382,0.12543402777779486,0.0,0.0,0.0,0.0,0.0
77.583,1,0.0,0.0,0.300859517304167,0.5737064549180382,0.12543402777779486,0.0,0.0,0.300859517304167,0.5737064549180382,0.12543402777779486
77.667,0,0.0,0.0,0.29909753270406747,0.5741233121076691,0.12677915518826344,0.0,0.0,0.0,0.0,0.0
77.667,1,0.0,0.0,0.29909753270406747,0.5741233121076691,0.12677915518826344,0.0,0.0,0.29909753270406747,0.5741233121076691,0.12677915518826344
77.75,0,0.0,0.0,0.29734072280176566,0.5745278205866465,0.1281314566115878,0.0,0.0,0.0,0.0,0.0
77.75,1,0.0,0.0,0.29734072280176566,0.5745278205866465,0.1281314566115878,0.0,0.0,0.29734072280176566,0.5745278205866465,0.1281314566115878
77.833,0,0.0,0.0,0.2955890875972617,0.5749199803549705,0.12949093204776782,0.0,0.0,0.0,0.0,0.0
77.833,1,0.0,0.0,0.2955890875972617,0.5749199803549705,0.12949093204776782,0.0,0.0,0.2955890875972617,0.5749199803549705,0.12949093204776782
77.917,0,0.0,0.0,0.29384262709055553,0.5752997914126409,0.13085758149680365,0.0,0.0,0.0,0.0,0.0
77.917,1,0.0,0.0,0.29384262709055553,0.5752997914126409,0.13085758149680365,0.0,0.0,0.29384262709055553,0.5752997914126409,0.13085758149680365
78.0,0,0.0,0.0,0.29210134128164666,0.5756672537596579,0.13223140495869554,0.0,0.0,0.0,0.0,0.0
78.0,1,0.0,0.0,0.29210134128164666,0.5756672537596579,0.13223140495869554,0.0,0.0,0.29210134128164666,0.5756672537596579,0.13223140495869554
78.083,0,0.0,0.0,0.2903652301705354,0.5760223673960214,0.13361240243344327,0.0,0.0,0.0,0.0,0.0
78.083,1,0.0,0.0,0.2903652301705354,0.5760223673960214,0.13361240243344327,0.0,0.0,0.2903652301705354,0.5760223673960214,0.13361240243344327
78.167,0,0.0,0.0,0.2886342937572221,0.5763651323217314,0.13500057392104658,0.0,0.0,0.0,0.0,0.0
78.167,1,0.0,0.0,0.2886342937572221,0.5763651323217314,0.13500057392104658,0.0,0.0,0.2886342937572221,0.5763651323217314,0.13500057392104658
78.25,0,0.0,0.0,0.28690853204170647,0.5766955485367878,0.13639591942150575,0.0,0.0,0.0,0.0,0.0
78.25,1,0.0,0.0,0.28690853204170647,0.5766955485367878,0.13639591942150575,0.0,0.0,0.28690853204170647,0.5766955485367878,0.13639591942150575
78.333,0,0.0,0.0,0.28518794502398814,0.577013616041191,0.13779843893482094,0.0,0.0,0.0,0.0,0.0
78.333,1,0.0,0.0,0.28518794502398814,0.577013616041191,0.13779843893482094,0.0,0.0,0.28518794502398814,0.577013616041191,0.13779843893482094
78.417,0,0.0,0.0,0.2834725327040675,0.5773193348349406,0.139208132460992,0.0,0.0,0.0,0.0,0.0
78.417,1,0.0,0.0,0.2834725327040675,0.5773193348349406,0.139208132460992,0.0,0.0,0.2834725327040675,0.5773193348349406,0.139208132460992
78.5,0,0.0,0.0,0.2817622950819448,0.5776127049180365,0.14062500000001865,0.0,0.0,0.0,0.0,0.0
78.5,1,0.0,0.0,0.2817622950819448,0.5776127049180365,0.14062500000001865,0.0,0.0,0.2817622950819448,0.5776127049180365,0.14062500000001865
78.583,0,0.0,0.0,0.2800572321576198,0.5778937262904792,0.14204904155190112,0.0,0.0,0.0,0.0,0.0
78.583,1,0.0,0.0,0.2800572321576198,0.5778937262904792,0.14204904155190112,0.0,0.0,0.2800572321576198,0.5778937262904792,0.14204904155190112
78.667,0,0.0,0.0,0.27835734393109207,0.5781623989522683,0.14348025711663967,0.0,0.0,0.0,0.0,0.0
78.667,1,0.0,0.0,0.27835734393109207,0.5781623989522683,0.14348025711663967,0.0,0.0,0.27835734393109207,0.5781623989522683,0.14348025711663967
78.75,0,0.0,0.0,0.276662630402362,0.578418722903404,0.14491864669423407,0.0,0.0,0.0,0.0,0.0
78.75,1,0.0,0.0,0.276662630402362,0.578418722903404,0.14491864669423407,0.0,0.0,0.276662630402362,0.578418722903404,0.14491864669423407
78.833,0,0.0,0.0,0.2749730915714299,0.578662698143886,0.14636421028468402,0.0,0.0,0.0,0.0,0.0
78.833,1,0.0,0.0,0.2749730915714299,0.578662698143886,0.14636421028468402,0.0,0.0,0.2749730915714299,0.578662698143886,0.14636421028468402
78.917,0,0.0,0.0,0.27328872743829546,0.5788943246737148,0.14781694788798982,0.0,0.0,0.0,0.0,0.0
78.917,1,0.0,0.0,0.27328872743829546,0.5788943246737148,0.14781694788798982,0.0,0.0,0.27328872743829546,0.5788943246737148,0.14781694788798982
79.0,0,0.0,0.0,0.2716095380029583,0.57911360249289,0.1492768595041517,0.0,0.0,0.0,0.0,0.0
79.0,1,0.0,0.0,0.2716095380029583,0.57911360249289,0.1492768595041517,0.0,0.0,0.2716095380029583,0.57911360249289,0.1492768595041517
79.083,0,0.0,0.0,0.26993552326541886,0.5793205316014117,0.1507439451331694,0.0,0.0,0.0,0.0,0.0
79.083,1,0.0,0.0,0.26993552326541886,0.5793205316014117,0.1507439451331694,0.0,0.0,0.26993552326541886,0.5793205316014117,0.1507439451331694
79.167,0,0.0,0.0,0.26826668322567737,0.57951511199928,0.1522182047750427,0.0,0.0,0.0,0.0,0.0
79.167,1,0.0,0.0,0.26826668322567737,0.57951511199928,0.1522182047750427,0.0,0.0,0.26826668322567737,0.57951511199928,0.1522182047750427
79.25,0,0.0,0.0,0.26660301788373353,0.5796973436864947,0.1536996384297718,0.0,0.0,0.0,0.0,0.0
79.25,1,0.0,0.0,0.26660301788373353,0.5796973436864947,0.1536996384297718,0.0,0.0,0.26660301788373353,0.5796973436864947,0.1536996384297718
79.333,0,0.0,0.0,0.264944527239587,0.579867226663056,0.15518824609735704,0.0,0.0,0.0,0.0,0.0
79.333,1,0.0,0.0,0.264944527239587,0.579867226663056,0.15518824609735704,0.0,0.0,0.264944527239587,0.579867226663056,0.15518824609735704
79.417,0,0.0,0.0,0.2632912112932382,0.5800247609289638,0.15668402777779805,0.0,0.0,0.0,0.0,0.0
79.417,1,0.0,0.0,0.2632912112932382,0.5800247609289638,0.15668402777779805,0.0,0.0,0.2632912112932382,0.5800247609289638,0.15668402777779805
79.5,0,0.0,0.0,0.26164307004468723,0.580169946484218,0.1581869834710947,0.0,0.0,0.0,0.0,0.0
79.5,1,0.0,0.0,0.26164307004468723,0.580169946484218,0.1581869834710947,0.0,0.0,0.26164307004468723,0.580169946484218,0.1581869834710947
79.583,0,0.0,0.0,0.26000010349393393,0.580302783328819,0.1596971131772471,0.0,0.0,0.0,0.0,0.0
79.583,1,0.0,0.0,0.26000010349393393,0.580302783328819,0.1596971131772471,0.0,0.0,0.26000010349393393,0.580302783328819,0.1596971131772471
79.667,0,0.0,0.0,0.258362311640978,0.5804232714627663,0.16121441689625568,0.0,0.0,0.0,0.0,0.0
79.667,1,0.0,0.0,0.258362311640978,0.5804232714627663,0.16121441689625568,0.0,0.0,0.258362311640978,0.5804232714627663,0.16121441689625568
79.75,0,0.0,0.0,0.25672969448581984,0.5805314108860602,0.16273889462812002,0.0,0.0,0.0,0.0,0.0
79.75,1,0.0,0.0,0.25672969448581984,0.5805314108860602,0.16273889462812002,0.0,0.0,0.25672969448581984,0.5805314108860602,0.16273889462812002
79.833,0,0.0,0.0,0.2551022520284595,0.5806272015987006,0.16427054637283994,0.0,0.0,0.0,0.0,0.0
79.833,1,0.0,0.0,0.2551022520284595,0.5806272015987006,0.16427054637283994,0.0,0.0,0.2551022520284595,0.5806272015987006,0.16427054637283994
79.917,0,0.0,0.0,0.2534799842688968,0.5807106436006876,0.16580937213041574,0.0,0.0,0.0,0.0,0.0
79.917,1,0.0,0.0,0.2534799842688968,0.5807106436006876,0.16580937213041574,0.0,0.0,0.2534799842688968,0.5807106436006876,0.16580937213041574
80.0,0,0.0,0.0,0.25186289120713146,0.580781736892021,0.16735537190084757,0.0,0.0,0.0,0.0,0.0
80.0,1,0.0,0.0,0.25186289120713146,0.580781736892021,0.16735537190084757,0.0,0.0,0.25186289120713146,0.580781736892021,0.16735537190084757
80.083,0,0.0,0.0,0.25025097284316383,0.580840481472701,0.16890854568413527,0.0,0.0,0.0,0.0,0.0
80.083,1,0.0,0.0,0.25025097284316383,0.580840481472701,0.16890854568413527,0.0,0.0,0.25025097284316383,0.580840481472701,0.16890854568413527
80.167,0,0.0,0.0,0.24864422917699408,0.5808868773427274,0.17046889348027852,0.0,0.0,0.0,0.0,0.0
80.167,1,0.0,0.0,0.24864422917699408,0.5808868773427274,0.17046889348027852,0.0,0.0,0.24864422917699408,0.5808868773427274,0.17046889348027852
80.25,0,0.0,0.0,0.24704266020862203,0.5809209245021005,0.17203641528927766,0.0,0.0,0.0,0.0,0.0
80.25,1,0.0,0.0,0.24704266020862203,0.5809209245021005,0.17203641528927766,0.0,0.0,0.24704266020862203,0.5809209245021005,0.17203641528927766
80.333,0,0.0,0.0,0.2454462659380473,0.5809426229508199,0.1736111111111328,0.0,0.0,0.0,0.0,0.0
80.333,1,0.0,0.0,0.2454462659380473,0.5809426229508199,0.1736111111111328,0.0,0.0,0.2454462659380473,0.5809426229508199,0.1736111111111328
80.417,0,0.0,0.0,0.24385504636527025,0.580951972688886,0.17519298094584385,0.0,0.0,0.0,0.0,0.0
80.417,1,0.0,0.0,0.24385504636527025,0.580951972688886,0.17519298094584385,0.0,0.0,0.24385504636527025,0.580951972688886,0.17519298094584385
80.5,0,0.0,0.0,0.2422690014902911,0.5809489737162985,0.17678202479341043,0.0,0.0,0.0,0.0,0.0
80.5,1,0.0,0.0,0.2422690014902911,0.5809489737162985,0.17678202479341043,0.0,0.0,0.2422690014902911,0.5809489737162985,0.17678202479341043
80.583,0,0.0,0.0,0.24068813131310962,0.5809336260330575,0.17837824265383284,0.0,0.0,0.0,0.0,0.0
80.583,1,0.0,0.0,0.24068813131310962,0.5809336260330575,0.17837824265383284,0.0,0.0,0.24068813131310962,0.5809336260330575,0.17837824265383284
80.667,0,0.0,0.0,0.2391124358337255,0.5809059296391632,0.17998163452711136,0.0,0.0,0.0,0.0,0.0
80.667,1,0.0,0.0,0.2391124358337255,0.5809059296391632,0.17998163452711136,0.0,0.0,0.2391124358337255,0.5809059296391632,0.17998163452711136
80.75,0,0.0,0.0,0.23754191505213904,0.5808658845346153,0.18159220041324572,0.0,0.0,0.0,0.0,0.0
80.75,1,0.0,0.0,0.23754191505213904,0.5808658845346153,0.18159220041324572,0.0,0.0,0.23754191505213904,0.5808658845346153,0.18159220041324572
80.833,0,0.0,0.0,0.2359765689683505,0.5808134907194139,0.18320994031223561,0.0,0.0,0.0,0.0,0.0
80.833,1,0.0,0.0,0.2359765689683505,0.5808134907194139,0.18320994031223561,0.0,0.0,0.2359765689683505,0.5808134907194139,0.18320994031223561
80.917,0,0.0,0.0,0.23441639758235963,0.5807487481935592,0.18483485422408136,0.0,0.0,0.0,0.0,0.0
80.917,1,0.0,0.0,0.23441639758235963,0.5807487481935592,0.18483485422408136,0.0,0.0,0.23441639758235963,0.5807487481935592,0.18483485422408136
81.0,0,0.0,0.0,0.23286140089416607,0.5806716569570507,0.1864669421487832,0.0,0.0,0.0,0.0,0.0
81.0,1,0.0,0.0,0.23286140089416607,0.5806716569570507,0.1864669421487832,0.0,0.0,0.23286140089416607,0.5806716569570507,0.1864669421487832
81.083,0,0.0,0.0,0.23131157890377024,0.5805822170098889,0.18810620408634088,0.0,0.0,0.0,0.0,0.0
81.083,1,0.0,0.0,0.23131157890377024,0.5805822170098889,0.18810620408634088,0.0,0.0,0.23131157890377024,0.5805822170098889,0.18810620408634088
81.167,0,0.0,0.0,0.22976693161117226,0.5804804283520736,0.18975264003675413,0.0,0.0,0.0,0.0,0.0
81.167,1,0.0,0.0,0.22976693161117226,0.5804804283520736,0.18975264003675413,0.0,0.0,0.22976693161117226,0.5804804283520736,0.18975264003675413
81.25,0,0.0,0.0,0.22822745901637195,0.5803662909836049,0.19140625000002318,0.0,0.0,0.0,0.0,0.0
81.25,1,0.0,0.0,0.22822745901637195,0.5803662909836049,0.19140625000002318,0.0,0.0,0.22822745901637195,0.5803662909836049,0.19140625000002318
81.333,0,0.0,0.0,0.22669316111936902,0.5802398049044826,0.19306703397614836,0.0,0.0,0.0,0.0,0.0
81.333,1,0.0,0.0,0.22669316111936902,0.5802398049044826,0.19306703397614836,0.0,0.0,0.22669316111936902,0.5802398049044826,0.19306703397614836
81.417,0,0.0,0.0,0.22516403792016382,0.580100970114707,0.19473499196512936,0.0,0.0,0.0,0.0,0.0
81.417,1,0.0,0.0,0.22516403792016382,0.580100970114707,0.19473499196512936,0.0,0.0,0.22516403792016382,0.580100970114707,0.19473499196512936
81.5,0,0.0,0.0,0.22364008941875643,0.5799497866142778,0.19641012396696592,0.0,0.0,0.0,0.0,0.0
81.5,1,0.0,0.0,0.22364008941875643,0.5799497866142778,0.19641012396696592,0.0,0.0,0.22364008941875643,0.5799497866142778,0.19641012396696592
81.583,0,0.0,0.0,0.22212131561514672,0.5797862544031951,0.1980924299816583,0.0,0.0,0.0,0.0,0.0
81.583,1,0.0,0.0,0.22212131561514672,0.5797862544031951,0.1980924299816583,0.0,0.0,0.22212131561514672,0.5797862544031951,0.1980924299816583
81.667,0,0.0,0.0,0.2206077165093344,0.5796103734814588,0.19978191000920678,0.0,0.0,0.0,0.0,0.0
81.667,1,0.0,0.0,0.2206077165093344,0.5796103734814588,0.19978191000920678,0.0,0.0,0.2206077165093344,0.5796103734814588,0.19978191000920678
81.75,0,0.0,0.0,0.21909929210131973,0.5794221438490692,0.20147856404961112,0.0,0.0,0.0,0.0,0.0
81.75,1,0.0,0.0,0.21909929210131973,0.5794221438490692,0.20147856404961112,0.0,0.0,0.21909929210131973,0.5794221438490692,0.20147856404961112
81.833,0,0.0,0.0,0.21759604239110295,0.579221565506026,0.203182392102871,0.0,0.0,0.0,0.0,0.0
81.833,1,0.0,0.0,0.21759604239110295,0.579221565506026,0.203182392102871,0.0,0.0,0.21759604239110295,0.579221565506026,0.203182392102871
81.917,0,0.0,0.0,0.21609796737868386,0.5790086384523295,0.20489339416898672,0.0,0.0,0.0,0.0,0.0
81.917,1,0.0,0.0,0.21609796737868386,0.5790086384523295,0.20489339416898672,0.0,0.0,0.21609796737868386,0.5790086384523295,0.20489339416898672
82.0,0,0.0,0.0,0.21460506706406213,0.5787833626879794,0.20661157024795854,0.0,0.0,0.0,0.0,0.0
82.0,1,0.0,0.0,0.21460506706406213,0.5787833626879794,0.20661157024795854,0.0,0.0,0.21460506706406213,0.5787833626879794,0.20661157024795854
82.083,0,0.0,0.0,0.21311734144723807,0.5785457382129758,0.2083369203397862,0.0,0.0,0.0,0.0,0.0
82.083,1,0.0,0.0,0.21311734144723807,0.5785457382129758,0.2083369203397862,0.0,0.0,0.21311734144723807,0.5785457382129758,0.2083369203397862
82.167,0,0.0,0.0,0.21163479052821188,0.5782957650273187,0.2100694444444694,0.0,0.0,0.0,0.0,0.0
82.167,1,0.0,0.0,0.21163479052821188,0.5782957650273187,0.2100694444444694,0.0,0.0,0.21163479052821188,0.5782957650273187,0.2100694444444694
82.25,0,0.0,0.0,0.21015741430698337,0.5780334431310082,0.21180914256200842,0.0,0.0,0.0,0.0,0.0
82.25,1,0.0,0.0,0.21015741430698337,0.5780334431310082,0.21180914256200842,0.0,0.0,0.21015741430698337,0.5780334431310082,0.21180914256200842
82.333,0,0.0,0.0,0.2086852127835522,0.5777587725240442,0.2135560146924036,0.0,0.0,0.0,0.0,0.0
82.333,1,0.0,0.0,0.2086852127835522,0.5777587725240442,0.2135560146924036,0.0,0.0,0.2086852127835522,0.5777587725240442,0.2135560146924036
82.417,0,0.0,0.0,0.20721818595791874,0.5774717532064266,0.2153100608356546,0.0,0.0,0.0,0.0,0.0
82.417,1,0.0,0.0,0.20721818595791874,0.5774717532064266,0.2153100608356546,0.0,0.0,0.20721818595791874,0.5774717532064266,0.2153100608356546
82.5,0,0.0,0.0,0.20575633383008318,0.5771723851781557,0.21707128099176112,0.0,0.0,0.0,0.0,0.0
82.5,1,0.0,0.0,0.20575633383008318,0.5771723851781557,0.21707128099176112,0.0,0.0,0.20575633383008318,0.5771723851781557,0.21707128099176112
82.583,0,0.0,0.0,0.20429965640004527,0.5768606684392313,0.21883967516072347,0.0,0.0,0.0,0.0,0.0
82.583,1,0.0,0.0,0.20429965640004527,0.5768606684392313,0.21883967516072347,0.0,0.0,0.20429965640004527,0.5768606684392313,0.21883967516072347
82.667,0,0.0,0.0,0.20284815366780473,0.5765366029896534,0.22061524334254196,0.0,0.0,0.0,0.0,0.0
82.667,1,0.0,0.0,0.20284815366780473,0.5765366029896534,0.22061524334254196,0.0,0.0,0.20284815366780473,0.5765366029896534,0.22061524334254196
82.75,0,0.0,0.0,0.20140182563336187,0.5762001888294219,0.2223979855372163,0.0,0.0,0.0,0.0,0.0
82.75,1,0.0,0.0,0.20140182563336187,0.5762001888294219,0.2223979855372163,0.0,0.0,0.20140182563336187,0.5762001888294219,0.2223979855372163
82.833,0,0.0,0.0,0.19996067229671685,0.575851425958537,0.22418790174474612,0.0,0.0,0.0,0.0,0.0
82.833,1,0.0,0.0,0.19996067229671685,0.575851425958537,0.22418790174474612,0.0,0.0,0.19996067229671685,0.575851425958537,0.22418790174474612
82.917,0,0.0,0.0,0.19852469365786954,0.5754903143769987,0.2259849919651318,0.0,0.0,0.0,0.0,0.0
82.917,1,0.0,0.0,0.19852469365786954,0.5754903143769987,0.2259849919651318,0.0,0.0,0.19852469365786954,0.5754903143769987,0.2259849919651318
83.0,0,0.0,0.0,0.19709388971681957,0.5751168540848067,0.22778925619837362,0.0,0.0,0.0,0.0,0.0
83.0,1,0.0,0.0,0.19709388971681957,0.5751168540848067,0.22778925619837362,0.0,0.0,0.19709388971681957,0.5751168540848067,0.22778925619837362
83.083,0,0.0,0.0,0.1956682604735673,0.5747310450819614,0.22960069444447126,0.0,0.0,0.0,0.0,0.0
83.083,1,0.0,0.0,0.1956682604735673,0.5747310450819614,0.22960069444447126,0.0,0.0,0.1956682604735673,0.5747310450819614,0.22960069444447126
83.167,0,0.0,0.0,0.19424780592811294,0.5743328873684627,0.23141930670342445,0.0,0.0,0.0,0.0,0.0
83.167,1,0.0,0.0,0.19424780592811294,0.5743328873684627,0.23141930670342445,0.0,0.0,0.19424780592811294,0.5743328873684627,0.23141930670342445
83.25,0,0.0,0.0,0.1928325260804562,0.5739223809443104,0.23324509297523344,0.0,0.0,0.0,0.0,0.0
83.25,1,0.0,0.0,0.1928325260804562,0.5739223809443104,0.23324509297523344,0.0,0.0,0.1928325260804562,0.5739223809443104,0.23324509297523344
83.333,0,0.0,0.0,0.19142242093059686,0.5734995258095046,0.2350780532598986,0.0,0.0,0.0,0.0,0.0
83.333,1,0.0,0.0,0.19142242093059686,0.5734995258095046,0.2350780532598986,0.0,0.0,0.19142242093059686,0.5734995258095046,0.2350780532598986
83.417,0,0.0,0.0,0.1900174904785352,0.5730643219640453,0.23691818755741956,0.0,0.0,0.0,0.0,0.0
83.417,1,0.0,0.0,0.1900174904785352,0.5730643219640453,0.23691818755741956,0.0,0.0,0.1900174904785352,0.5730643219640453,0.23691818755741956
83.5,0,0.0,0.0,0.18861773472427137,0.5726167694079325,0.23876549586779605,0.0,0.0,0.0,0.0,0.0
83.5,1,0.0,0.0,0.18861773472427137,0.5726167694079325,0.23876549586779605,0.0,0.0,0.18861773472427137,0.5726167694079325,0.23876549586779605
83.583,0,0.0,0.0,0.18722315366780526,0.5721568681411664,0.2406199781910284,0.0,0.0,0.0,0.0,0.0
83.583,1,0.0,0.0,0.18722315366780526,0.5721568681411664,0.2406199781910284,0.0,0.0,0.18722315366780526,0.5721568681411664,0.2406199781910284
83.667,0,0.0,0.0,0.18583374730913652,0.5716846181637466,0.24248163452711685,0.0,0.0,0.0,0.0,0.0
83.667,1,0.0,0.0,0.18583374730913652,0.5716846181637466,0.24248163452711685,0.0,0.0,0.18583374730913652,0.5716846181637466,0.24248163452711685
83.75,0,0.0,0.0,0.18444951564826545,0.5712000194756734,0.24435046487606116,0.0,0.0,0.0,0.0,0.0
83.75,1,0.0,0.0,0.18444951564826545,0.5712000194756734,0.24435046487606116,0.0,0.0,0.18444951564826545,0.5712000194756734,0.24435046487606116
83.833,0,0.0,0.0,0.1830704586851922,0.5707030720769468,0.24622646923786096,0.0,0.0,0.0,0.0,0.0
83.833,1,0.0,0.0,0.1830704586851922,0.5707030720769468,0.24622646923786096,0.0,0.0,0.1830704586851922,0.5707030720769468,0.24622646923786096
83.917,0,0.0,0.0,0.18169657641991668,0.5701937759675668,0.24810964761251664,0.0,0.0,0.0,0.0,0.0
83.917,1,0.0,0.0,0.18169657641991668,0.5701937759675668,0.24810964761251664,0.0,0.0,0.18169657641991668,0.5701937759675668,0.24810964761251664
84.0,0,0.0,0.0,0.1803278688524385,0.569672131147533,0.2500000000000284,0.0,0.0,0.0,0.0,0.0
84.0,1,0.0,0.0,0.1803278688524385,0.569672131147533,0.2500000000000284,0.0,0.0,0.1803278688524385,0.569672131147533,0.2500000000000284
84.083,0,0.0,0.0,0.17896433598275804,0.569138137616846,0.2518975264003961,0.0,0.0,0.0,0.0,0.0
84.083,1,0.0,0.0,0.17896433598275804,0.569138137616846,0.2518975264003961,0.0,0.0,0.17896433598275804,0.569138137616846,0.2518975264003961
84.167,0,0.0,0.0,0.1776059778108754,0.5685917953755053,0.2538022268136192,0.0,0.0,0.0,0.0,0.0
84.167,1,0.0,0.0,0.1776059778108754,0.5685917953755053,0.2538022268136192,0.0,0.0,0.1776059778108754,0.5685917953755053,0.2538022268136192
84.25,0,0.0,0.0,0.17625279433679045,0.5680331044235114,0.2557141012396982,0.0,0.0,0.0,0.0,0.0
84.25,1,0.0,0.0,0.17625279433679045,0.5680331044235114,0.2557141012396982,0.0,0.0,0.17625279433679045,0.5680331044235114,0.2557141012396982
84.333,0,0.0,0.0,0.17490478556050293,0.5674620647608638,0.2576331496786333,0.0,0.0,0.0,0.0,0.0
84.333,1,0.0,0.0,0.17490478556050293,0.5674620647608638,0.2576331496786333,0.0,0.0,0.17490478556050293,0.5674620647608638,0.2576331496786333
84.417,0,0.0,0.0,0.173561951482013,0.5668786763875627,0.2595593721304243,0.0,0.0,0.0,0.0,0.0
84.417,1,0.0,0.0,0.173561951482013,0.5668786763875627,0.2595593721304243,0.0,0.0,0.173561951482013,0.5668786763875627,0.2595593721304243
84.5,0,0.0,0.0,0.172224292101321,0.5662829393036083,0.2614927685950707,0.0,0.0,0.0,0.0,0.0
84.5,1,0.0,0.0,0.172224292101321,0.5662829393036083,0.2614927685950707,0.0,0.0,0.172224292101321,0.5662829393036083,0.2614927685950707
84.583,0,0.0,0.0,0.17089180741842666,0.5656748535090004,0.26343333907257305,0.0,0.0,0.0,0.0,0.0
84.583,1,0.0,0.0,0.17089180741842666,0.5656748535090004,0.26343333907257305,0.0,0.0,0.17089180741842666,0.5656748535090004,0.26343333907257305
84.667,0,0.0,0.0,0.1695644974333297,0.5650544190037388,0.2653810835629315,0.0,0.0,0.0,0.0,0.0
84.667,1,0.0,0.0,0.1695644974333297,0.5650544190037388,0.2653810835629315,0.0,0.0,0.1695644974333297,0.5650544190037388,0.2653810835629315
84.75,0,0.0,0.0,0.16824236214603042,0.5644216357878239,0.2673360020661458,0.0,0.0,0.0,0.0,0.0
84.75,1,0.0,0.0,0.16824236214603042,0.5644216357878239,0.2673360020661458,0.0,0.0,0.16824236214603042,0.5644216357878239,0.2673360020661458
84.833,0,0.0,0.0,0.16692540155652902,0.5637765038612554,0.26929809458221554,0.0,0.0,0.0,0.0,0.0
84.833,1,0.0,0.0,0.16692540155652902,0.5637765038612554,0.26929809458221554,0.0,0.0,0.16692540155652902,0.5637765038612554,0.26929809458221554
84.917,0,0.0,0.0,0.16561361566482521,0.5631190232240336,0.2712673611111412,0.0,0.0,0.0,0.0,0.0
84.917,1,0.0,0.0,0.16561361566482521,0.5631190232240336,0.2712673611111412,0.0,0.0,0.16561361566482521,0.5631190232240336,0.2712673611111412
85.0,0,0.0,0.0,0.1643070044709189,0.5624491938761582,0.27324380165292295,0.0,0.0,0.0,0.0,0.0
85.0,1,0.0,0.0,0.1643070044709189,0.5624491938761582,0.27324380165292295,0.0,0.0,0.1643070044709189,0.5624491938761582,0.27324380165292295
85.083,0,0.0,0.0,0.1630055679748102,0.5617670158176292,0.2752274162075606,0.0,0.0,0.0,0.0,0.0
85.083,1,0.0,0.0,0.1630055679748102,0.5617670158176292,0.2752274162075606,0.0,0.0,0.1630055679748102,0.5617670158176292,0.2752274162075606
85.167,0,0.0,0.0,0.16170930617649937,0.561072489048447,0.2772182047750537,0.0,0.0,0.0,0.0,0.0
85.167,1,0.0,0.0,0.16170930617649937,0.561072489048447,0.2772182047750537,0.0,0.0,0.16170930617649937,0.561072489048447,0.2772182047750537
85.25,0,0.0,0.0,0.1604182190759862,0.5603656135686113,0.27921616735540267,0.0,0.0,0.0,0.0,0.0
85.25,1,0.0,0.0,0.1604182190759862,0.5603656135686113,0.27921616735540267,0.0,0.0,0.1604182190759862,0.5603656135686113,0.27921616735540267
85.333,0,0.0,0.0,0.15913230667327044,0.5596463893781218,0.2812213039486077,0.0,0.0,0.0,0.0,0.0
85.333,1,0.0,0.0,0.15913230667327044,0.5596463893781218,0.2812213039486077,0.0,0.0,0.15913230667327044,0.5596463893781218,0.2812213039486077
85.417,0,0.0,0.0,0.15785156896835234,0.558914816476979,0.2832336145546687,0.0,0.0,0.0,0.0,0.0
85.417,1,0.0,0.0,0.15785156896835234,0.558914816476979,0.2832336145546687,0.0,0.0,0.15785156896835234,0.558914816476979,0.2832336145546687
85.5,0,0.0,0.0,0.1565760059612321,0.5581708948651828,0.2852530991735851,0.0,0.0,0.0,0.0,0.0
85.5,1,0.0,0.0,0.1565760059612321,0.5581708948651828,0.2852530991735851,0.0,0.0,0.1565760059612321,0.5581708948651828,0.2852530991735851
85.583,0,0.0,0.0,0.15530561765190953,0.5574146245427332,0.2872797578053574,0.0,0.0,0.0,0.0,0.0
85.583,1,0.0,0.0,0.15530561765190953,0.5574146245427332,0.2872797578053574,0.0,0.0,0.15530561765190953,0.5574146245427332,0.2872797578053574
85.667,0,0.0,0.0,0.15404040404038438,0.5566460055096298,0.28931359044998584,0.0,0.0,0.0,0.0,0.0
85.667,1,0.0,0.0,0.15404040404038438,0.5566460055096298,0.28931359044998584,0.0,0.0,0.15404040404038438,0.5566460055096298,0.28931359044998584
85.75,0,0.0,0.0,0.15278036512665685,0.555865037765873,0.29135459710747014,0.0,0.0,0.0,0.0,0.0
85.75,1,0.0,0.0,0.15278036512665685,0.555865037765873,0.29135459710747014,0.0,0.0,0.15278036512665685,0.555865037765873,0.29135459710747014
85.833,0,0.0,0.0,0.15152550091072725,0.5550717213114629,0.2934027777778098,0.0,0.0,0.0,0.0,0.0
85.833,1,0.0,0.0,0.15152550091072725,0.5550717213114629,0.2934027777778098,0.0,0.0,0.15152550091072725,0.5550717213114629,0.2934027777778098
85.917,0,0.0,0.0,0.15027581139259524,0.5542660561463993,0.29545813246100544,0.0,0.0,0.0,0.0,0.0
85.917,1,0.0,0.0,0.15027581139259524,0.5542660561463993,0.29545813246100544,0.0,0.0,0.15027581139259524,0.5542660561463993,0.29545813246100544
86.0,0,0.0,0.0,0.1490312965722607,0.553448042270682,0.2975206611570572,0.0,0.0,0.0,0.0,0.0
86.0,1,0.0,0.0,0.1490312965722607,0.553448042270682,0.2975206611570572,0.0,0.0,0.1490312965722607,0.553448042270682,0.2975206611570572
86.083,0,0.0,0.0,0.1477919564497238,0.5526176796843114,0.2995903638659648,0.0,0.0,0.0,0.0,0.0
86.083,1,0.0,0.0,0.1477919564497238,0.5526176796843114,0.2995903638659648,0.0,0.0,0.1477919564497238,0.5526176796843114,0.2995903638659648
86.167,0,0.0,0.0,0.14655779102498476,0.5517749683872873,0.30166724058772787,0.0,0.0,0.0,0.0,0.0
86.167,1,0.0,0.0,0.14655779102498476,0.5517749683872873,0.30166724058772787,0.0,0.0,0.14655779102498476,0.5517749683872873,0.30166724058772787
86.25,0,0.0,0.0,0.14532880029804335,0.5509199083796099,0.30375129132234685,0.0,0.0,0.0,0.0,0.0
86.25,1,0.0,0.0,0.14532880029804335,0.5509199083796099,0.30375129132234685,0.0,0.0,0.14532880029804335,0.5509199083796099,0.30375129132234685
86.333,0,0.0,0.0,0.1441049842688994,0.5500524996612787,0.3058425160698219,0.0,0.0,0.0,0.0,0.0
86.333,1,0.0,0.0,0.1441049842688994,0.5500524996612787,0.3058425160698219,0.0,0.0,0.1441049842688994,0.5500524996612787,0.3058425160698219
86.417,0,0.0,0.0,0.1428863429375531,0.5491727422322941,0.30794091483015285,0.0,0.0,0.0,0.0,0.0
86.417,1,0.0,0.0,0.1428863429375531,0.5491727422322941,0.30794091483015285,0.0,0.0,0.1428863429375531,0.5491727422322941,0.30794091483015285
86.5,0,0.0,0.0,0.14167287630400463,0.5482806360926561,0.31004648760333925,0.0,0.0,0.0,0.0,0.0
86.5,1,0.0,0.0,0.14167287630400463,0.5482806360926561,0.31004648760333925,0.0,0.0,0.14167287630400463,0.5482806360926561,0.31004648760333925
86.583,0,0.0,0.0,0.14046458436825385,0.5473761812423648,0.3121592343893815,0.0,0.0,0.0,0.0,0.0
86.583,1,0.0,0.0,0.14046458436825385,0.5473761812423648,0.3121592343893815,0.0,0.0,0.14046458436825385,0.5473761812423648,0.3121592343893815
86.667,0,0.0,0.0,0.1392614671303005,0.5464593776814196,0.3142791551882799,0.0,0.0,0.0,0.0,0.0
86.667,1,0.0,0.0,0.1392614671303005,0.5464593776814196,0.3142791551882799,0.0,0.0,0.1392614671303005,0.5464593776814196,0.3142791551882799
86.75,0,0.0,0.0,0.13806352459014476,0.5455302254098211,0.3164062500000342,0.0,0.0,0.0,0.0,0.0
86.75,1,0.0,0.0,0.13806352459014476,0.5455302254098211,0.3164062500000342,0.0,0.0,0.13806352459014476,0.5455302254098211,0.3164062500000342
86.833,0,0.0,0.0,0.1368707567477869,0.5445887244275692,0.3185405188246439,0.0,0.0,0.0,0.0,0.0
86.833,1,0.0,0.0,0.1368707567477869,0.5445887244275692,0.3185405188246439,0.0,0.0,0.1368707567477869,0.5445887244275692,0.3185405188246439
86.917,0,0.0,0.0,0.13568316360322671,0.5436348747346639,0.3206819616621095,0.0,0.0,0.0,0.0,0.0
86.917,1,0.0,0.0,0.13568316360322671,0.5436348747346639,0.3206819616621095,0.0,0.0,0.13568316360322671,0.5436348747346639,0.3206819616621095
87.0,0,0.0,0.0,0.13450074515646396,0.5426686763311048,0.3228305785124312,0.0,0.0,0.0,0.0,0.0
87.0,1,0.0,0.0,0.13450074515646396,0.5426686763311048,0.3228305785124312,0.0,0.0,0.13450074515646396,0.5426686763311048,0.3228305785124312
87.083,0,0.0,0.0,0.13332350140749882,0.5416901292168924,0.3249863693756088,0.0,0.0,0.0,0.0,0.0
87.083,1,0.0,0.0,0.13332350140749882,0.5416901292168924,0.3249863693756088,0.0,0.0,0.13332350140749882,0.5416901292168924,0.3249863693756088
87.167,0,0.0,0.0,0.1321514323563316,0.5406992333920266,0.32714933425164183,0.0,0.0,0.0,0.0,0.0
87.167,1,0.0,0.0,0.1321514323563316,0.5406992333920266,0.32714933425164183,0.0,0.0,0.1321514323563316,0.5406992333920266,0.32714933425164183
87.25,0,0.0,0.0,0.13098453800296198,0.5396959888565074,0.3293194731405307,0.0,0.0,0.0,0.0,0.0
87.25,1,0.0,0.0,0.13098453800296198,0.5396959888565074,0.3293194731405307,0.0,0.0,0.13098453800296198,0.5396959888565074,0.3293194731405307
87.333,0,0.0,0.0,0.1298228183473898,0.5386803956103344,0.3314967860422758,0.0,0.0,0.0,0.0,0.0
87.333,1,0.0,0.0,0.1298228183473898,0.5386803956103344,0.3314967860422758,0.0,0.0,0.1298228183473898,0.5386803956103344,0.3314967860422758
87.417,0,0.0,0.0,0.12866627338961528,0.537652453653508,0.3336812729568768,0.0,0.0,0.0,0.0,0.0
87.417,1,0.0,0.0,0.12866627338961528,0.537652453653508,0.3336812729568768,0.0,0.0,0.12866627338961528,0.537652453653508,0.3336812729568768
87.5,0,0.0,0.0,0.12751490312963862,0.5366121629860283,0.3358729338843331,0.0,0.0,0.0,0.0,0.0
87.5,1,0.0,0.0,0.12751490312963862,0.5366121629860283,0.3358729338843331,0.0,0.0,0.12751490312963862,0.5366121629860283,0.3358729338843331
87.583,0,0.0,0.0,0.1263687075674596,0.5355595236078952,0.3380717688246453,0.0,0.0,0.0,0.0,0.0
87.583,1,0.0,0.0,0.1263687075674596,0.5355595236078952,0.3380717688246453,0.0,0.0,0.1263687075674596,0.5355595236078952,0.3380717688246453
87.667,0,0.0,0.0,0.12522768670307802,0.5344945355191082,0.3402777777778137,0.0,0.0,0.0,0.0,0.0
87.667,1,0.0,0.0,0.12522768670307802,0.5344945355191082,0.3402777777778137,0.0,0.0,0.12522768670307802,0.5344945355191082,0.3402777777778137
87.75,0,0.0,0.0,0.12409184053649411,0.533417198719668,0.342490960743838,0.0,0.0,0.0,0.0,0.0
87.75,1,0.0,0.0,0.12409184053649411,0.533417198719668,0.342490960743838,0.0,0.0,0.12409184053649411,0.533417198719668,0.342490960743838
87.833,0,0.0,0.0,0.12296116906770804,0.5323275132095743,0.3447113177227176,0.0,0.0,0.0,0.0,0.0
87.833,1,0.0,0.0,0.12296116906770804,0.5323275132095743,0.3447113177227176,0.0,0.0,0.12296116906770804,0.5323275132095743,0.3447113177227176
87.917,0,0.0,0.0,0.12183567229671961,0.5312254789888272,0.3469388487144532,0.0,0.0,0.0,0.0,0.0
87.917,1,0.0,0.0,0.12183567229671961,0.5312254789888272,0.3469388487144532,0.0,0.0,0.12183567229671961,0.5312254789888272,0.3469388487144532
88.0,0,0.0,0.0,0.12071535022352864,0.5301110960574265,0.3491735537190449,0.0,0.0,0.0,0.0,0.0
88.0,1,0.0,0.0,0.12071535022352864,0.5301110960574265,0.3491735537190449,0.0,0.0,0.12071535022352864,0.5301110960574265,0.3491735537190449
88.083,0,0.0,0.0,0.11960020284813533,0.5289843644153722,0.3514154327364925,0.0,0.0,0.0,0.0,0.0
88.083,1,0.0,0.0,0.11960020284813533,0.5289843644153722,0.3514154327364925,0.0,0.0,0.11960020284813533,0.5289843644153722,0.3514154327364925
88.167,0,0.0,0.0,0.11849023017053985,0.5278452840626646,0.3536644857667955,0.0,0.0,0.0,0.0,0.0
88.167,1,0.0,0.0,0.11849023017053985,0.5278452840626646,0.3536644857667955,0.0,0.0,0.11849023017053985,0.5278452840626646,0.3536644857667955
88.25,0,0.0,0.0,0.11738543219074202,0.5266938549993037,0.3559207128099544,0.0,0.0,0.0,0.0,0.0
88.25,1,0.0,0.0,0.11738543219074202,0.5266938549993037,0.3559207128099544,0.0,0.0,0.11738543219074202,0.5266938549993037,0.3559207128099544
88.333,0,0.0,0.0,0.11628580890874166,0.525530077225289,0.35818411386596943,0.0,0.0,0.0,0.0,0.0
88.333,1,0.0,0.0,0.11628580890874166,0.525530077225289,0.35818411386596943,0.0,0.0,0.11628580890874166,0.525530077225289,0.35818411386596943
88.417,0,0.0,0.0,0.11519136032453893,0.5243539507406207,0.36045468893484034,0.0,0.0,0.0,0.0,0.0
88.417,1,0.0,0.0,0.11519136032453893,0.5243539507406207,0.36045468893484034,0.0,0.0,0.11519136032453893,0.5243539507406207,0.36045468893484034
88.5,0,0.0,0.0,0.11410208643813403,0.5231654755452994,0.3627324380165667,0.0,0.0,0.0,0.0,0.0
88.5,1,0.0,0.0,0.11410208643813403,0.5231654755452994,0.3627324380165667,0.0,0.0,0.11410208643813403,0.5231654755452994,0.3627324380165667
88.583,0,0.0,0.0,0.1130179872495268,0.5219646516393244,0.36501736111114885,0.0,0.0,0.0,0.0,0.0
88.583,1,0.0,0.0,0.1130179872495268,0.5219646516393244,0.36501736111114885,0.0,0.0,0.1130179872495268,0.5219646516393244,0.36501736111114885
88.667,0,0.0,0.0,0.11193906275871703,0.5207514790226958,0.36730945821858724,0.0,0.0,0.0,0.0,0.0
88.667,1,0.0,0.0,0.11193906275871703,0.5207514790226958,0.36730945821858724,0.0,0.0,0.11193906275871703,0.5207514790226958,0.36730945821858724
88.75,0,0.0,0.0,0.1108653129657049,0.5195259576954137,0.3696087293388815,0.0,0.0,0.0,0.0,0.0
88.75,1,0.0,0.0,0.1108653129657049,0.5195259576954137,0.3696087293388815,0.0,0.0,0.1108653129657049,0.5195259576954137,0.3696087293388815
88.833,0,0.0,0.0,0.1097967378704906,0.5182880876574782,0.37191517447203115,0.0,0.0,0.0,0.0,0.0
88.833,1,0.0,0.0,0.1097967378704906,0.5182880876574782,0.37191517447203115,0.0,0.0,0.1097967378704906,0.5182880876574782,0.37191517447203115
88.917,0,0.0,0.0,0.10873333747307397,0.5170378689088895,0.3742287936180367,0.0,0.0,0.0,0.0,0.0
88.917,1,0.0,0.0,0.10873333747307397,0.5170378689088895,0.3742287936180367,0.0,0.0,0.10873333747307397,0.5170378689088895,0.3742287936180367
89.0,0,0.0,0.0,0.10767511177345479,0.5157753014496469,0.3765495867768983,0.0,0.0,0.0,0.0,0.0
89.0,1,0.0,0.0,0.10767511177345479,0.5157753014496469,0.3765495867768983,0.0,0.0,0.10767511177345479,0.5157753014496469,0.3765495867768983
89.083,0,0.0,0.0,0.10662206077163326,0.5145003852797508,0.37887755394861594,0.0,0.0,0.0,0.0,0.0
89.083,1,0.0,0.0,0.10662206077163326,0.5145003852797508,0.37887755394861594,0.0,0.0,0.10662206077163326,0.5145003852797508,0.37887755394861594
89.167,0,0.0,0.0,0.10557418446760956,0.5132131203992016,0.3812126951331889,0.0,0.0,0.0,0.0,0.0
89.167,1,0.0,0.0,0.10557418446760956,0.5132131203992016,0.3812126951331889,0.0,0.0,0.10557418446760956,0.5132131203992016,0.3812126951331889
89.25,0,0.0,0.0,0.10453148286138352,0.5119135068079987,0.38355501033061773,0.0,0.0,0.0,0.0,0.0
89.25,1,0.0,0.0,0.10453148286138352,0.5119135068079987,0.38355501033061773,0.0,0.0,0.10453148286138352,0.5119135068079987,0.38355501033061773
89.333,0,0.0,0.0,0.10349395595295494,0.5106015445061423,0.3859044995409028,0.0,0.0,0.0,0.0,0.0
89.333,1,0.0,0.0,0.10349395595295494,0.5106015445061423,0.3859044995409028,0.0,0.0,0.10349395595295494,0.5106015445061423,0.3859044995409028
89.417,0,0.0,0.0,0.10246160374232399,0.5092772334936324,0.3882611627640437,0.0,0.0,0.0,0.0,0.0
89.417,1,0.0,0.0,0.10246160374232399,0.5092772334936324,0.3882611627640437,0.0,0.0,0.10246160374232399,0.5092772334936324,0.3882611627640437
89.5,0,0.0,0.0,0.1014344262294909,0.5079405737704692,0.39062500000003997,0.0,0.0,0.0,0.0,0.0
89.5,1,0.0,0.0,0.1014344262294909,0.5079405737704692,0.39062500000003997,0.0,0.0,0.1014344262294909,0.5079405737704692,0.39062500000003997
89.583,0,0.0,0.0,0.10041242341445544,0.5065915653366525,0.3929960112488921,0.0,0.0,0.0,0.0,0.0
89.583,1,0.0,0.0,0.10041242341445544,0.5065915653366525,0.3929960112488921,0.0,0.0,0.10041242341445544,0.5065915653366525,0.3929960112488921
89.667,0,0.0,0.0,0.09939559529721746,0.505230208192182,0.39537419651060046,0.0,0.0,0.0,0.0,0.0
89.667,1,0.0,0.0,0.09939559529721746,0.505230208192182,0.39537419651060046,0.0,0.0,0.09939559529721746,0.505230208192182,0.39537419651060046
89.75,0,0.0,0.0,0.09838394187777713,0.5038565023370583,0.3977595557851647,0.0,0.0,0.0,0.0,0.0
89.75,1,0.0,0.0,0.09838394187777713,0.5038565023370583,0.3977595557851647,0.0,0.0,0.09838394187777713,0.5038565023370583,0.3977595557851647
89.833,0,0.0,0.0,0.09737746315613462,0.502470447771281,0.4001520890725843,0.0,0.0,0.0,0.0,0.0
89.833,1,0.0,0.0,0.09737746315613462,0.502470447771281,0.4001520890725843,0.0,0.0,0.09737746315613462,0.502470447771281,0.4001520890725843
89.917,0,0.0,0.0,0.09637615913228975,0.5010720444948504,0.4025517963728598,0.0,0.0,0.0,0.0,0.0
89.917,1,0.0,0.0,0.09637615913228975,0.5010720444948504,0.4025517963728598,0.0,0.0,0.09637615913228975,0.5010720444948504,0.4025517963728598
90.0,0,0.0,0.0,0.09538002980624238,0.49966129250776614,0.40495867768599153,0.0,0.0,0.0,0.0,0.0
90.0,1,0.0,0.0,0.09538002980624238,0.49966129250776614,0.40495867768599153,0.0,0.0,0.09538002980624238,0.49966129250776614,0.40495867768599153
90.083,0,0.0,0.0,0.09438907517799264,0.4982381918100284,0.40737273301197907,0.0,0.0,0.0,0.0,0.0
90.083,1,0.0,0.0,0.09438907517799264,0.4982381918100284,0.40737273301197907,0.0,0.0,0.09438907517799264,0.4982381918100284,0.40737273301197907
90.167,0,0.0,0.0,0.09340329524754072,0.49680274240163724,0.40979396235082205,0.0,0.0,0.0,0.0,0.0
90.167,1,0.0,0.0,0.09340329524754072,0.49680274240163724,0.40979396235082205,0.0,0.0,0.09340329524754072,0.49680274240163724,0.40979396235082205
90.25,0,0.0,0.0,0.09242269001488645,0.49535494428259275,0.41222236570252085,0.0,0.0,0.0,0.0,0.0
90.25,1,0.0,0.0,0.09242269001488645,0.49535494428259275,0.41222236570252085,0.0,0.0,0.09242269001488645,0.49535494428259275,0.41222236570252085
90.333,0,0.0,0.0,0.09144725948002967,0.49389479745289455,0.4146579430670759,0.0,0.0,0.0,0.0,0.0
90.333,1,0.0,0.0,0.09144725948002967,0.49389479745289455,0.4146579430670759,0.0,0.0,0.09144725948002967,0.49389479745289455,0.4146579430670759
90.417,0,0.0,0.0,0.09047700364297052,0.49242230191254277,0.4171006944444868,0.0,0.0,0.0,0.0,0.0
90.417,1,0.0,0.0,0.09047700364297052,0.49242230191254277,0.4171006944444868,0.0,0.0,0.09047700364297052,0.49242230191254277,0.4171006944444868
90.5,0,0.0,0.0,0.08951192250370921,0.4909374576615378,0.419550619834753,0.0,0.0,0.0,0.0,0.0
90.5,1,0.0,0.0,0.08951192250370921,0.4909374576615378,0.419550619834753,0.0,0.0,0.08951192250370921,0.4909374576615378,0.419550619834753
90.583,0,0.0,0.0,0.08855201606224554,0.48944026469987945,0.42200771923787517,0.0,0.0,0.0,0.0,0.0
90.583,1,0.0,0.0,0.08855201606224554,0.48944026469987945,0.42200771923787517,0.0,0.0,0.08855201606224554,0.48944026469987945,0.42200771923787517
90.667,0,0.0,0.0,0.08759728431857934,0.48793072302756724,0.4244719926538535,0.0,0.0,0.0,0.0,0.0
90.667,1,0.0,0.0,0.08759728431857934,0.48793072302756724,0.4244719926538535,0.0,0.0,0.08759728431857934,0.48793072302756724,0.4244719926538535
90.75,0,0.0,0.0,0.08664772727271079,0.48640883264460155,0.4269434400826877,0.0,0.0,0.0,0.0,0.0
90.75,1,0.0,0.0,0.08664772727271079,0.48640883264460155,0.4269434400826877,0.0,0.0,0.08664772727271079,0.48640883264460155,0.4269434400826877
90.833,0,0.0,0.0,0.08570334492464007,0.48487459355098267,0.4294220615243773,0.0,0.0,0.0,0.0,0.0
90.833,1,0.0,0.0,0.08570334492464007,0.48487459355098267,0.4294220615243773,0.0,0.0,0.08570334492464007,0.48487459355098267,0.4294220615243773
90.917,0,0.0,0.0,0.08476413727436699,0.4833280057467103,0.43190785697892276,0.0,0.0,0.0,0.0,0.0
90.917,1,0.0,0.0,0.08476413727436699,0.4833280057467103,0.43190785697892276,0.0,0.0,0.08476413727436699,0.4833280057467103,0.43190785697892276
91.0,0,0.0,0.0,0.08383010432189139,0.48176906923178414,0.4344008264463244,0.0,0.0,0.0,0.0,0.0
91.0,1,0.0,0.0,0.08383010432189139,0.48176906923178414,0.4344008264463244,0.0,0.0,0.08383010432189139,0.48176906923178414,0.4344008264463244
91.083,0,0.0,0.0,0.08290124606721345,0.4801977840062046,0.436900969926582,0.0,0.0,0.0,0.0,0.0
91.083,1,0.0,0.0,0.08290124606721345,0.4801977840062046,0.436900969926582,0.0,0.0,0.08290124606721345,0.4801977840062046,0.436900969926582
91.167,0,0.0,0.0,0.08197756251033332,0.47861415006997177,0.43940828741969484,0.0,0.0,0.0,0.0,0.0
91.167,1,0.0,0.0,0.08197756251033332,0.47861415006997177,0.43940828741969484,0.0,0.0,0.08197756251033332,0.47861415006997177,0.43940828741969484
91.25,0,0.0,0.0,0.08105905365125084,0.47701816742308556,0.4419227789256637,0.0,0.0,0.0,0.0,0.0
91.25,1,0.0,0.0,0.08105905365125084,0.47701816742308556,0.4419227789256637,0.0,0.0,0.08105905365125084,0.47701816742308556,0.4419227789256637
91.333,0,0.0,0.0,0.08014571948996584,0.4754098360655455,0.44444444444448866,0.0,0.0,0.0,0.0,0.0
91.333,1,0.0,0.0,0.08014571948996584,0.4754098360655455,0.44444444444448866,0.0,0.0,0.08014571948996584,0.4754098360655455,0.44444444444448866
91.417,0,0.0,0.0,0.07923756002647848,0.473789155997352,0.4469732839761696,0.0,0.0,0.0,0.0,0.0
91.417,1,0.0,0.0,0.07923756002647848,0.473789155997352,0.4469732839761696,0.0,0.0,0.07923756002647848,0.473789155997352,0.4469732839761696
91.5,0,0.0,0.0,0.07833457526078895,0.4721561272185053,0.4495092975207058,0.0,0.0,0.0,0.0,0.0
91.5,1,0.0,0.0,0.07833457526078895,0.4721561272185053,0.4495092975207058,0.0,0.0,0.07833457526078895,0.4721561272185053,0.4495092975207058
91.583,0,0.0,0.0,0.07743676519289706,0.4705107497290051,0.45205248507809787,0.0,0.0,0.0,0.0,0.0
91.583,1,0.0,0.0,0.07743676519289706,0.4705107497290051,0.45205248507809787,0.0,0.0,0.07743676519289706,0.4705107497290051,0.45205248507809787
91.667,0,0.0,0.0,0.07654412982280266,0.46885302352885116,0.4546028466483462,0.0,0.0,0.0,0.0,0.0
91.667,1,0.0,0.0,0.07654412982280266,0.46885302352885116,0.4546028466483462,0.0,0.0,0.07654412982280266,0.46885302352885116,0.4546028466483462
91.75,0,0.0,0.0,0.07565666915050592,0.46718294861804377,0.4571603822314504,0.0,0.0,0.0,0.0,0.0
91.75,1,0.0,0.0,0.07565666915050592,0.46718294861804377,0.4571603822314504,0.0,0.0,0.07565666915050592,0.46718294861804377,0.4571603822314504
91.833,0,0.0,0.0,0.07477438317600697,0.4655005249965831,0.45972509182740995,0.0,0.0,0.0,0.0,0.0
91.833,1,0.0,0.0,0.07477438317600697,0.4655005249965831,0.45972509182740995,0.0,0.0,0.07477438317600697,0.4655005249965831,0.45972509182740995
91.917,0,0.0,0.0,0.07389727189930567,0.463805752664469,0.4622969754362254,0.0,0.0,0.0,0.0,0.0
91.917,1,0.0,0.0,0.07389727189930567,0.463805752664469,0.4622969754362254,0.0,0.0,0.07389727189930567,0.463805752664469,0.4622969754362254
92.0,0,0.0,0.0,0.07302533532040187,0.46209863162170106,0.46487603305789704,0.0,0.0,0.0,0.0,0.0
92.0,1,0.0,0.0,0.07302533532040187,0.46209863162170106,0.46487603305789704,0.0,0.0,0.07302533532040187,0.46209863162170106,0.46487603305789704
92.083,0,0.0,0.0,0.07215857343929571,0.46037916186827976,0.4674622646924246,0.0,0.0,0.0,0.0,0.0
92.083,1,0.0,0.0,0.07215857343929571,0.46037916186827976,0.4674622646924246,0.0,0.0,0.07215857343929571,0.46037916186827976,0.4674622646924246
92.167,0,0.0,0.0,0.07129698625598736,0.4586473434042052,0.4700556703398075,0.0,0.0,0.0,0.0,0.0
92.167,1,0.0,0.0,0.07129698625598736,0.4586473434042052,0.4700556703398075,0.0,0.0,0.07129698625598736,0.4586473434042052,0.4700556703398075
92.25,0,0.0,0.0,0.07044057377047666,0.4569031762294772,0.4726562500000462,0.0,0.0,0.0,0.0,0.0
92.25,1,0.0,0.0,0.07044057377047666,0.4569031762294772,0.4726562500000462,0.0,0.0,0.07044057377047666,0.4569031762294772,0.4726562500000462
92.333,0,0.0,0.0,0.06958933598276346,0.45514666034409534,0.4752640036731412,0.0,0.0,0.0,0.0,0.0
92.333,1,0.0,0.0,0.06958933598276346,0.45514666034409534,0.4752640036731412,0.0,0.0,0.06958933598276346,0.45514666034409534,0.4752640036731412
92.417,0,0.0,0.0,0.0687432728928479,0.4533777957480601,0.4778789313590921,0.0,0.0,0.0,0.0,0.0
92.417,1,0.0,0.0,0.0687432728928479,0.4533777957480601,0.4778789313590921,0.0,0.0,0.0687432728928479,0.4533777957480601,0.4778789313590921
92.5,0,0.0,0.0,0.06790238450073015,0.4515965824413716,0.4805010330578982,0.0,0.0,0.0,0.0,0.0
92.5,1,0.0,0.0,0.06790238450073015,0.4515965824413716,0.4805010330578982,0.0,0.0,0.06790238450073015,0.4515965824413716,0.4805010330578982
92.583,0,0.0,0.0,0.06706667080641003,0.44980302042402964,0.4831303087695603,0.0,0.0,0.0,0.0,0.0
92.583,1,0.0,0.0,0.06706667080641003,0.44980302042402964,0.4831303087695603,0.0,0.0,0.06706667080641003,0.44980302042402964,0.4831303087695603
92.667,0,0.0,0.0,0.06623613180988742,0.4479971096960339,0.4857667584940787,0.0,0.0,0.0,0.0,0.0
92.667,1,0.0,0.0,0.06623613180988742,0.4479971096960339,0.4857667584940787,0.0,0.0,0.06623613180988742,0.4479971096960339,0.4857667584940787
92.75,0,0.0,0.0,0.06541076751116247,0.4461788502573847,0.4884103822314529,0.0,0.0,0.0,0.0,0.0
92.75,1,0.0,0.0,0.06541076751116247,0.4461788502573847,0.4884103822314529,0.0,0.0,0.06541076751116247,0.4461788502573847,0.4884103822314529
92.833,0,0.0,0.0,0.06459057791023531,0.4443482421080823,0.49106117998168236,0.0,0.0,0.0,0.0,0.0
92.833,1,0.0,0.0,0.06459057791023531,0.4443482421080823,0.49106117998168236,0.0,0.0,0.06459057791023531,0.4443482421080823,0.49106117998168236
92.917,0,0.0,0.0,0.0637755630071058,0.4425052852481265,0.49371915174476777,0.0,0.0,0.0,0.0,0.0
92.917,1,0.0,0.0,0.0637755630071058,0.4425052852481265,0.49371915174476777,0.0,0.0,0.0637755630071058,0.4425052852481265,0.49371915174476777
93.0,0,0.0,0.0,0.06296572280177379,0.44064997967751685,0.49638429752070945,0.0,0.0,0.0,0.0,0.0
93.0,1,0.0,0.0,0.06296572280177379,0.44064997967751685,0.49638429752070945,0.0,0.0,0.06296572280177379,0.44064997967751685,0.49638429752070945
93.083,0,0.0,0.0,0.06216105729423942,0.4387823253962537,0.49905661730950696,0.0,0.0,0.0,0.0,0.0
93.083,1,0.0,0.0,0.06216105729423942,0.4387823253962537,0.49905661730950696,0.0,0.0,0.06216105729423942,0.4387823253962537,0.49905661730950696
93.167,0,0.0,0.0,0.061361566484502854,0.4369023224043374,0.5017361111111598,0.0,0.0,0.0,0.0,0.0
93.167,1,0.0,0.0,0.061361566484502854,0.4369023224043374,0.5017361111111598,0.0,0.0,0.061361566484502854,0.4369023224043374,0.5017361111111598
93.25,0,0.0,0.0,0.06056725037256393,0.4350099707017676,0.5044227789256684,0.0,0.0,0.0,0.0,0.0
93.25,1,0.0,0.0,0.06056725037256393,0.4350099707017676,0.5044227789256684,0.0,0.0,0.06056725037256393,0.4350099707017676,0.5044227789256684
93.333,0,0.0,0.0,0.05977810895842252,0.43310527028854406,0.5071166207530335,0.0,0.0,0.0,0.0,0.0
93.333,1,0.0,0.0,0.05977810895842252,0.43310527028854406,0.5071166207530335,0.0,0.0,0.05977810895842252,0.43310527028854406,0.5071166207530335
93.417,0,0.0,0.0,0.058994142242078766,0.43118822116466704,0.5098176365932543,0.0,0.0,0.0,0.0,0.0
93.417,1,0.0,0.0,0.058994142242078766,0.43118822116466704,0.5098176365932543,0.0,0.0,0.058994142242078766,0.43118822116466704,0.5098176365932543
93.5,0,0.0,0.0,0.05821535022353278,0.42925882333013676,0.5125258264463305,0.0,0.0,0.0,0.0,0.0
93.5,1,0.0,0.0,0.05821535022353278,0.42925882333013676,0.5125258264463305,0.0,0.0,0.05821535022353278,0.42925882333013676,0.5125258264463305
93.583,0,0.0,0.0,0.05744173290278445,0.427317076784953,0.5152411903122626,0.0,0.0,0.0,0.0,0.0
93.583,1,0.0,0.0,0.05744173290278445,0.427317076784953,0.5152411903122626,0.0,0.0,0.05744173290278445,0.427317076784953,0.5152411903122626
93.667,0,0.0,0.0,0.056673290279833644,0.42536298152911556,0.5179637281910507,0.0,0.0,0.0,0.0,0.0
93.667,1,0.0,0.0,0.056673290279833644,0.42536298152911556,0.5179637281910507,0.0,0.0,0.056673290279833644,0.42536298152911556,0.5179637281910507
93.75,0,0.0,0.0,0.055910022354680476,0.42339653756262463,0.520693440082695,0.0,0.0,0.0,0.0,0.0
93.75,1,0.0,0.0,0.055910022354680476,0.42339653756262463,0.520693440082695,0.0,0.0,0.055910022354680476,0.42339653756262463,0.520693440082695
93.833,0,0.0,0.0,0.05515192912732509,0.4214177448854804,0.5234303259871945,0.0,0.0,0.0,0.0,0.0
93.833,1,0.0,0.0,0.05515192912732509,0.4214177448854804,0.5234303259871945,0.0,0.0,0.05515192912732509,0.4214177448854804,0.5234303259871945
93.917,0,0.0,0.0,0.05439901059776736,0.41942660349768285,0.5261743859045499,0.0,0.0,0.0,0.0,0.0
93.917,1,0.0,0.0,0.05439901059776736,0.41942660349768285,0.5261743859045499,0.0,0.0,0.05439901059776736,0.41942660349768285,0.5261743859045499
94.0,0,0.0,0.0,0.05365126676600714,0.4174231133992314,0.5289256198347614,0.0,0.0,0.0,0.0,0.0
94.0,1,0.0,0.0,0.05365126676600714,0.4174231133992314,0.5289256198347614,0.0,0.0,0.05365126676600714,0.4174231133992314,0.5289256198347614
94.083,0,0.0,0.0,0.052908697632044574,0.4154072745901265,0.5316840277778291,0.0,0.0,0.0,0.0,0.0
94.083,1,0.0,0.0,0.052908697632044574,0.4154072745901265,0.5316840277778291,0.0,0.0,0.052908697632044574,0.4154072745901265,0.5316840277778291
94.167,0,0.0,0.0,0.05217130319587978,0.4133790870703684,0.5344496097337518,0.0,0.0,0.0,0.0,0.0
94.167,1,0.0,0.0,0.05217130319587978,0.4133790870703684,0.5344496097337518,0.0,0.0,0.05217130319587978,0.4133790870703684,0.5344496097337518
94.25,0,0.0,0.0,0.05143908345751265,0.4113385508399569,0.5372223657025306,0.0,0.0,0.0,0.0,0.0
94.25,1,0.0,0.0,0.05143908345751265,0.4113385508399569,0.5372223657025306,0.0,0.0,0.05143908345751265,0.4113385508399569,0.5372223657025306
94.333,0,0.0,0.0,0.05071203841694302,0.4092856658988915,0.5400022956841655,0.0,0.0,0.0,0.0,0.0
94.333,1,0.0,0.0,0.05071203841694302,0.4092856658988915,0.5400022956841655,0.0,0.0,0.05071203841694302,0.4092856658988915,0.5400022956841655
94.417,0,0.0,0.0,0.04999016807417105,0.40722043224717264,0.5427893996786562,0.0,0.0,0.0,0.0,0.0
94.417,1,0.0,0.0,0.04999016807417105,0.40722043224717264,0.5427893996786562,0.0,0.0,0.04999016807417105,0.40722043224717264,0.5427893996786562
94.5,0,0.0,0.0,0.049273472429196864,0.40514284988480076,0.5455836776860025,0.0,0.0,0.0,0.0,0.0
94.5,1,0.0,0.0,0.049273472429196864,0.40514284988480076,0.5455836776860025,0.0,0.0,0.049273472429196864,0.40514284988480076,0.5455836776860025
94.583,0,0.0,0.0,0.04856195148202031,0.4030529188117753,0.5483851297062045,0.0,0.0,0.0,0.0,0.0
94.583,1,0.0,0.0,0.04856195148202031,0.4030529188117753,0.5483851297062045,0.0,0.0,0.04856195148202031,0.4030529188117753,0.5483851297062045
94.667,0,0.0,0.0,0.04785560523264129,0.400950639028096,0.5511937557392627,0.0,0.0,0.0,0.0,0.0
94.667,1,0.0,0.0,0.04785560523264129,0.400950639028096,0.5511937557392627,0.0,0.0,0.04785560523264129,0.400950639028096,0.5511937557392627
94.75,0,0.0,0.0,0.04715443368105992,0.3988360105337632,0.5540095557851769,0.0,0.0,0.0,0.0,0.0
94.75,1,0.0,0.0,0.04715443368105992,0.3988360105337632,0.5540095557851769,0.0,0.0,0.04715443368105992,0.3988360105337632,0.5540095557851769
94.833,0,0.0,0.0,0.04645843682727632,0.3967090333287774,0.5568325298439464,0.0,0.0,0.0,0.0,0.0
94.833,1,0.0,0.0,0.04645843682727632,0.3967090333287774,0.5568325298439464,0.0,0.0,0.04645843682727632,0.3967090333287774,0.5568325298439464
94.917,0,0.0,0.0,0.04576761467129036,0.394569707413138,0.5596626779155718,0.0,0.0,0.0,0.0,0.0
94.917,1,0.0,0.0,0.04576761467129036,0.394569707413138,0.5596626779155718,0.0,0.0,0.04576761467129036,0.394569707413138,0.5596626779155718
95.0,0,0.0,0.0,0.04508196721310194,0.39241803278684473,0.5625000000000533,0.0,0.0,0.0,0.0,0.0
95.0,1,0.0,0.0,0.04508196721310194,0.39241803278684473,0.5625000000000533,0.0,0.0,0.04508196721310194,0.39241803278684473,0.5625000000000533
95.083,0,0.0,0.0,0.04440149445271116,0.3902540094498981,0.5653444960973908,0.0,0.0,0.0,0.0,0.0
95.083,1,0.0,0.0,0.04440149445271116,0.3902540094498981,0.5653444960973908,0.0,0.0,0.04440149445271116,0.3902540094498981,0.5653444960973908
95.167,0,0.0,0.0,0.04372619639011816,0.3880776374022983,0.5681961662075836,0.0,0.0,0.0,0.0,0.0
95.167,1,0.0,0.0,0.04372619639011816,0.3880776374022983,0.5681961662075836,0.0,0.0,0.04372619639011816,0.3880776374022983,0.5681961662075836
95.25,0,0.0,0.0,0.0430560730253228,0.385888916644045,0.5710550103306323,0.0,0.0,0.0,0.0,0.0
95.25,1,0.0,0.0,0.0430560730253228,0.385888916644045,0.5710550103306323,0.0,0.0,0.0430560730253228,0.385888916644045,0.5710550103306323
95.333,0,0.0,0.0,0.04239112435832497,0.3836878471751378,0.5739210284665371,0.0,0.0,0.0,0.0,0.0
95.333,1,0.0,0.0,0.04239112435832497,0.3836878471751378,0.5739210284665371,0.0,0.0,0.04239112435832497,0.3836878471751378,0.5739210284665371
95.417,0,0.0,0.0,0.0417313503891248,0.38147442899557726,0.576794220615298,0.0,0.0,0.0,0.0,0.0
95.417,1,0.0,0.0,0.0417313503891248,0.38147442899557726,0.576794220615298,0.0,0.0,0.0417313503891248,0.38147442899557726,0.576794220615298
95.5,0,0.0,0.0,0.04107675111772238,0.3792486621053635,0.5796745867769141,0.0,0.0,0.0,0.0,0.0
95.5,1,0.0,0.0,0.04107675111772238,0.3792486621053635,0.5796745867769141,0.0,0.0,0.04107675111772238,0.3792486621053635,0.5796745867769141
95.583,0,0.0,0.0,0.04042732654411762,0.3770105465044963,0.5825621269513861,0.0,0.0,0.0,0.0,0.0
95.583,1,0.0,0.0,0.04042732654411762,0.3770105465044963,0.5825621269513861,0.0,0.0,0.04042732654411762,0.3770105465044963,0.5825621269513861
95.667,0,0.0,0.0,0.03978307666831039,0.3747600821929753,0.5854568411387143,0.0,0.0,0.0,0.0,0.0
95.667,1,0.0,0.0,0.03978307666831039,0.3747600821929753,0.5854568411387143,0.0,0.0,0.03978307666831039,0.3747600821929753,0.5854568411387143
95.75,0,0.0,0.0,0.03914400149030081,0.3724972691708007,0.5883587293388985,0.0,0.0,0.0,0.0,0.0
95.75,1,0.0,0.0,0.03914400149030081,0.3724972691708007,0.5883587293388985,0.0,0.0,0.03914400149030081,0.3724972691708007,0.5883587293388985
95.833,0,0.0,0.0,0.03851010101008898,0.37022210743797307,0.5912677915519379,0.0,0.0,0.0,0.0,0.0
95.833,1,0.0,0.0,0.03851010101008898,0.37022210743797307,0.5912677915519379,0.0,0.0,0.03851010101008898,0.37022210743797307,0.5912677915519379
95.917,0,0.0,0.0,0.03788137522767481,0.36793459699449194,0.5941840277778332,0.0,0.0,0.0,0.0,0.0
95.917,1,0.0,0.0,0.03788137522767481,0.36793459699449194,0.5941840277778332,0.0,0.0,0.03788137522767481,0.36793459699449194,0.5941840277778332
96.0,0,0.0,0.0,0.037257824143058185,0.365634737840357,0.5971074380165848,0.0,0.0,0.0,0.0,0.0
96.0,1,0.0,0.0,0.037257824143058185,0.365634737840357,0.5971074380165848,0.0,0.0,0.037257824143058185,0.365634737840357,0.5971074380165848
96.083,0,0.0,0.0,0.0366394477562392,0.3633225299755685,0.6000380222681924,0.0,0.0,0.0,0.0,0.0
96.083,1,0.0,0.0,0.0366394477562392,0.3633225299755685,0.6000380222681924,0.0,0.0,0.0366394477562392,0.3633225299755685,0.6000380222681924
96.167,0,0.0,0.0,0.03602624606721798,0.36099797340012696,0.602975780532655,0.0,0.0,0.0,0.0,0.0
96.167,1,0.0,0.0,0.03602624606721798,0.36099797340012696,0.602975780532655,0.0,0.0,0.03602624606721798,0.36099797340012696,0.602975780532655
96.25,0,0.0,0.0,0.0354182190759944,0.358661068114032,0.6059207128099737,0.0,0.0,0.0,0.0,0.0
96.25,1,0.0,0.0,0.0354182190759944,0.358661068114032,0.6059207128099737,0.0,0.0,0.0354182190759944,0.358661068114032,0.6059207128099737
96.333,0,0.0,0.0,0.034815366782568365,0.3563118141172831,0.6088728191001487,0.0,0.0,0.0,0.0,0.0
96.333,1,0.0,0.0,0.034815366782568365,0.3563118141172831,0.6088728191001487,0.0,0.0,0.034815366782568365,0.3563118141172831,0.6088728191001487
96.417,0,0.0,0.0,0.03421768918693998,0.35395021140988064,0.6118320994031794,0.0,0.0,0.0,0.0,0.0
96.417,1,0.0,0.0,0.03421768918693998,0.35395021140988064,0.6118320994031794,0.0,0.0,0.03421768918693998,0.35395021140988064,0.6118320994031794
96.5,0,0.0,0.0,0.03362518628910935,0.3515762599918252,0.6147985537190654,0.0,0.0,0.0,0.0,0.0
96.5,1,0.0,0.0,0.03362518628910935,0.3515762599918252,0.6147985537190654,0.0,0.0,0.03362518628910935,0.3515762599918252,0.6147985537190654
96.583,0,0.0,0.0,0.03303785808907636,0.3491899598631162,0.6177721820478075,0.0,0.0,0.0,0.0,0.0
96.583,1,0.0,0.0,0.03303785808907636,0.3491899598631162,0.6177721820478075,0.0,0.0,0.03303785808907636,0.3491899598631162,0.6177721820478075
96.667,0,0.0,0.0,0.032455704586840925,0.3467913110237534,0.6207529843894057,0.0,0.0,0.0,0.0,0.0
96.667,1,0.0,0.0,0.032455704586840925,0.3467913110237534,0.6207529843894057,0.0,0.0,0.032455704586840925,0.3467913110237534,0.6207529843894057
96.75,0,0.0,0.0,0.03187872578240314,0.3443803134737371,0.6237409607438599,0.0,0.0,0.0,0.0,0.0
96.75,1,0.0,0.0,0.03187872578240314,0.3443803134737371,0.6237409607438599,0.0,0.0,0.03187872578240314,0.3443803134737371,0.6237409607438599
96.833,0,0.0,0.0,0.0313069216757631,0.3419569672130677,0.6267361111111692,0.0,0.0,0.0,0.0,0.0
96.833,1,0.0,0.0,0.0313069216757631,0.3419569672130677,0.6267361111111692,0.0,0.0,0.0313069216757631,0.3419569672130677,0.6267361111111692
96.917,0,0.0,0.0,0.03074029226692071,0.3395212722417448,0.6297384354913346,0.0,0.0,0.0,0.0,0.0
96.917,1,0.0,0.0,0.03074029226692071,0.3395212722417448,0.6297384354913346,0.0,0.0,0.03074029226692071,0.3395212722417448,0.6297384354913346
97.0,0,0.0,0.0,0.030178837555875873,0.33707322855976807,0.6327479338843561,0.0,0.0,0.0,0.0,0.0
97.0,1,0.0,0.0,0.030178837555875873,0.33707322855976807,0.6327479338843561,0.0,0.0,0.030178837555875873,0.33707322855976807,0.6327479338843561
97.083,0,0.0,0.0,0.029622557542628682,0.3346128361671378,0.6357646062902336,0.0,0.0,0.0,0.0,0.0
97.083,1,0.0,0.0,0.029622557542628682,0.3346128361671378,0.6357646062902336,0.0,0.0,0.029622557542628682,0.3346128361671378,0.6357646062902336
97.167,0,0.0,0.0,0.02907145222717924,0.33214009506385445,0.6387884527089662,0.0,0.0,0.0,0.0,0.0
97.167,1,0.0,0.0,0.02907145222717924,0.33214009506385445,0.6387884527089662,0.0,0.0,0.02907145222717924,0.33214009506385445,0.6387884527089662
97.25,0,0.0,0.0,0.02852552160952744,0.32965500524991775,0.6418194731405549,0.0,0.0,0.0,0.0,0.0
97.25,1,0.0,0.0,0.02852552160952744,0.32965500524991775,0.6418194731405549,0.0,0.0,0.02852552160952744,0.32965500524991775,0.6418194731405549
97.333,0,0.0,0.0,0.0279847656896732,0.32715756672532703,0.6448576675849997,0.0,0.0,0.0,0.0,0.0
97.333,1,0.0,0.0,0.0279847656896732,0.32715756672532703,0.6448576675849997,0.0,0.0,0.0279847656896732,0.32715756672532703,0.6448576675849997
97.417,0,0.0,0.0,0.027449184467616607,0.32464777949008283,0.6479030360423006,0.0,0.0,0.0,0.0,0.0
97.417,1,0.0,0.0,0.027449184467616607,0.32464777949008283,0.6479030360423006,0.0,0.0,0.027449184467616607,0.32464777949008283,0.6479030360423006
97.5,0,0.0,0.0,0.026918777943357754,0.3221256435441856,0.6509555785124567,0.0,0.0,0.0,0.0,0.0
97.5,1,0.0,0.0,0.026918777943357754,0.3221256435441856,0.6509555785124567,0.0,0.0,0.026918777943357754,0.3221256435441856,0.6509555785124567
97.583,0,0.0,0.0,0.026393546116896552,0.3195911588876349,0.6540152949954686,0.0,0.0,0.0,0.0,0.0
97.583,1,0.0,0.0,0.026393546116896552,0.3195911588876349,0.6540152949954686,0.0,0.0,0.026393546116896552,0.3195911588876349,0.6540152949954686
97.667,0,0.0,0.0,0.02587348898823291,0.31704432552043027,0.6570821854913368,0.0,0.0,0.0,0.0,0.0
97.667,1,0.0,0.0,0.02587348898823291,0.31704432552043027,0.6570821854913368,0.0,0.0,0.02587348898823291,0.31704432552043027,0.6570821854913368
97.75,0,0.0,0.0,0.025358606557366915,0.3144851434425722,0.660156250000061,0.0,0.0,0.0,0.0,0.0
97.75,1,0.0,0.0,0.025358606557366915,0.3144851434425722,0.660156250000061,0.0,0.0,0.025358606557366915,0.3144851434425722,0.660156250000061
97.833,0,0.0,0.0,0.02484889882429866,0.3119136126540611,0.6632374885216403,0.0,0.0,0.0,0.0,0.0
97.833,1,0.0,0.0,0.02484889882429866,0.3119136126540611,0.6632374885216403,0.0,0.0,0.02484889882429866,0.3119136126540611,0.6632374885216403
97.917,0,0.0,0.0,0.02434436578902805,0.3093297331548965,0.6663259010560756,0.0,0.0,0.0,0.0,0.0
97.917,1,0.0,0.0,0.02434436578902805,0.3093297331548965,0.6663259010560756,0.0,0.0,0.02434436578902805,0.3093297331548965,0.6663259010560756
98.0,0,0.0,0.0,0.023845007451555003,0.3067335049450779,0.6694214876033671,0.0,0.0,0.0,0.0,0.0
98.0,1,0.0,0.0,0.023845007451555003,0.3067335049450779,0.6694214876033671,0.0,0.0,0.023845007451555003,0.3067335049450779,0.6694214876033671
98.083,0,0.0,0.0,0.023350823811879605,0.3041249280246059,0.6725242481635145,0.0,0.0,0.0,0.0,0.0
98.083,1,0.0,0.0,0.023350823811879605,0.3041249280246059,0.6725242481635145,0.0,0.0,0.023350823811879605,0.3041249280246059,0.6725242481635145
98.167,0,0.0,0.0,0.022861814870001943,0.30150400239348085,0.6756341827365173,0.0,0.0,0.0,0.0,0.0
98.167,1,0.0,0.0,0.022861814870001943,0.30150400239348085,0.6756341827365173,0.0,0.0,0.022861814870001943,0.30150400239348085,0.6756341827365173
98.25,0,0.0,0.0,0.022377980625921928,0.29887072805170234,0.6787512913223759,0.0,0.0,0.0,0.0,0.0
98.25,1,0.0,0.0,0.022377980625921928,0.29887072805170234,0.6787512913223759,0.0,0.0,0.022377980625921928,0.29887072805170234,0.6787512913223759
98.333,0,0.0,0.0,0.021899321079639475,0.2962251049992698,0.6818755739210907,0.0,0.0,0.0,0.0,0.0
98.333,1,0.0,0.0,0.021899321079639475,0.2962251049992698,0.6818755739210907,0.0,0.0,0.021899321079639475,0.2962251049992698,0.6818755739210907
98.417,0,0.0,0.0,0.021425836231154675,0.2935671332361839,0.6850070305326614,0.0,0.0,0.0,0.0,0.0
98.417,1,0.0,0.0,0.021425836231154675,0.2935671332361839,0.6850070305326614,0.0,0.0,0.021425836231154675,0.2935671332361839,0.6850070305326614
98.5,0,0.0,0.0,0.020957526080467605,0.29089681276244495,0.6881456611570875,0.0,0.0,0.0,0.0,0.0
98.5,1,0.0,0.0,0.020957526080467605,0.29089681276244495,0.6881456611570875,0.0,0.0,0.020957526080467605,0.29089681276244495,0.6881456611570875
98.583,0,0.0,0.0,0.020494390627578185,0.2882141435780525,0.6912914657943694,0.0,0.0,0.0,0.0,0.0
98.583,1,0.0,0.0,0.020494390627578185,0.2882141435780525,0.6912914657943694,0.0,0.0,0.020494390627578185,0.2882141435780525,0.6912914657943694
98.667,0,0.0,0.0,0.020036429872486335,0.2855191256830061,0.6944444444445076,0.0,0.0,0.0,0.0,0.0
98.667,1,0.0,0.0,0.020036429872486335,0.2855191256830061,0.6944444444445076,0.0,0.0,0.020036429872486335,0.2855191256830061,0.6944444444445076
98.75,0,0.0,0.0,0.019583643815192134,0.2828117590773062,0.6976045971075017,0.0,0.0,0.0,0.0,0.0
98.75,1,0.0,0.0,0.019583643815192134,0.2828117590773062,0.6976045971075017,0.0,0.0,0.019583643815192134,0.2828117590773062,0.6976045971075017
98.833,0,0.0,0.0,0.01913603245569566,0.2800920437609533,0.7007719237833511,0.0,0.0,0.0,0.0,0.0
98.833,1,0.0,0.0,0.01913603245569566,0.2800920437609533,0.7007719237833511,0.0,0.0,0.01913603245569566,0.2800920437609533,0.7007719237833511
98.917,0,0.0,0.0,0.01869359579399683,0.277359979733947,0.7039464244720564,0.0,0.0,0.0,0.0,0.0
98.917,1,0.0,0.0,0.01869359579399683,0.277359979733947,0.7039464244720564,0.0,0.0,0.01869359579399683,0.277359979733947,0.7039464244720564
99.0,0,0.0,0.0,0.018256333830095575,0.27461556699628664,0.7071280991736179,0.0,0.0,0.0,0.0,0.0
99.0,1,0.0,0.0,0.018256333830095575,0.27461556699628664,0.7071280991736179,0.0,0.0,0.018256333830095575,0.27461556699628664,0.7071280991736179
99.083,0,0.0,0.0,0.01782424656399197,0.2718588055479728,0.7103169478880352,0.0,0.0,0.0,0.0,0.0
99.083,1,0.0,0.0,0.01782424656399197,0.2718588055479728,0.7103169478880352,0.0,0.0,0.01782424656399197,0.2718588055479728,0.7103169478880352
99.167,0,0.0,0.0,0.01739733399568609,0.26908969538900596,0.7135129706153078,0.0,0.0,0.0,0.0,0.0
99.167,1,0.0,0.0,0.01739733399568609,0.26908969538900596,0.7135129706153078,0.0,0.0,0.01739733399568609,0.26908969538900596,0.7135129706153078
99.25,0,0.0,0.0,0.016975596125177857,0.26630823651938573,0.7167161673554364,0.0,0.0,0.0,0.0,0.0
99.25,1,0.0,0.0,0.016975596125177857,0.26630823651938573,0.7167161673554364,0.0,0.0,0.016975596125177857,0.26630823651938573,0.7167161673554364
99.333,0,0.0,0.0,0.016559032952467197,0.2635144289391115,0.7199265381084213,0.0,0.0,0.0,0.0,0.0
99.333,1,0.0,0.0,0.016559032952467197,0.2635144289391115,0.7199265381084213,0.0,0.0,0.016559032952467197,0.2635144289391115,0.7199265381084213
99.417,0,0.0,0.0,0.016147644477554193,0.26070827264818375,0.7231440828742621,0.0,0.0,0.0,0.0,0.0
99.417,1,0.0,0.0,0.016147644477554193,0.26070827264818375,0.7231440828742621,0.0,0.0,0.016147644477554193,0.26070827264818375,0.7231440828742621
99.5,0,0.0,0.0,0.015741430700438902,0.257889767646603,0.726368801652958,0.0,0.0,0.0,0.0,0.0
99.5,1,0.0,0.0,0.015741430700438902,0.257889767646603,0.726368801652958,0.0,0.0,0.015741430700438902,0.257889767646603,0.726368801652958
99.583,0,0.0,0.0,0.015340391621121262,0.2550589139343688,0.7296006944445099,0.0,0.0,0.0,0.0,0.0
99.583,1,0.0,0.0,0.015340391621121262,0.2550589139343688,0.7296006944445099,0.0,0.0,0.015340391621121262,0.2550589139343688,0.7296006944445099
99.667,0,0.0,0.0,0.014944527239601204,0.2522157115114807,0.7328397612489181,0.0,0.0,0.0,0.0,0.0
99.667,1,0.0,0.0,0.014944527239601204,0.2522157115114807,0.7328397612489181,0.0,0.0,0.014944527239601204,0.2522157115114807,0.7328397612489181
99.75,0,0.0,0.0,0.014553837555878794,0.249360160377939,0.7360860020661822,0.0,0.0,0.0,0.0,0.0
99.75,1,0.0,0.0,0.014553837555878794,0.249360160377939,0.7360860020661822,0.0,0.0,0.014553837555878794,0.249360160377939,0.7360860020661822
99.833,0,0.0,0.0,0.0141683225699541,0.24649226053374435,0.7393394168963016,0.0,0.0,0.0,0.0,0.0
99.833,1,0.0,0.0,0.0141683225699541,0.24649226053374435,0.7393394168963016,0.0,0.0,0.0141683225699541,0.24649226053374435,0.7393394168963016
99.917,0,0.0,0.0,0.013787982281827055,0.24361201197889626,0.7426000057392768,0.0,0.0,0.0,0.0,0.0
99.917,1,0.0,0.0,0.013787982281827055,0.24361201197889626,0.7426000057392768,0.0,0.0,0.013787982281827055,0.24361201197889626,0.7426000057392768
100.0,0,0.0,0.0,0.013412816691497591,0.24071941471339414,0.7458677685951083,0.0,0.0,0.0,0.0,0.0
100.0,1,0.0,0.0,0.013412816691497591,0.24071941471339414,0.7458677685951083,0.0,0.0,0.013412816691497591,0.24071941471339414,0.7458677685951083
100.083,0,0.0,0.0,0.013042825798965778,0.23781446873723855,0.7491427054637957,0.0,0.0,0.0,0.0,0.0
100.083,1,0.0,0.0,0.013042825798965778,0.23781446873723855,0.7491427054637957,0.0,0.0,0.013042825798965778,0.23781446873723855,0.7491427054637957
100.167,0,0.0,0.0,0.012678009604231679,0.23489717405042998,0.7524248163453383,0.0,0.0,0.0,0.0,0.0
100.167,1,0.0,0.0,0.012678009604231679,0.23489717405042998,0.7524248163453383,0.0,0.0,0.012678009604231679,0.23489717405042998,0.7524248163453383
100.25,0,0.0,0.0,0.012318368107295228,0.231967530652968,0.7557141012397368,0.0,0.0,0.0,0.0,0.0
100.25,1,0.0,0.0,0.012318368107295228,0.231967530652968,0.7557141012397368,0.0,0.0,0.012318368107295228,0.231967530652968,0.7557141012397368
100.333,0,0.0,0.0,0.011963901308156362,0.22902553854485194,0.7590105601469918,0.0,0.0,0.0,0.0,0.0
100.333,1,0.0,0.0,0.011963901308156362,0.22902553854485194,0.7590105601469918,0.0,0.0,0.011963901308156362,0.22902553854485194,0.7590105601469918
100.417,0,0.0,0.0,0.011614609206815148,0.22607119772608247,0.7623141930671025,0.0,0.0,0.0,0.0,0.0
100.417,1,0.0,0.0,0.011614609206815148,0.22607119772608247,0.7623141930671025,0.0,0.0,0.011614609206815148,0.22607119772608247,0.7623141930671025
100.5,0,0.0,0.0,0.011270491803271642,0.22310450819666,0.7656250000000684,0.0,0.0,0.0,0.0,0.0
100.5,1,0.0,0.0,0.011270491803271642,0.22310450819666,0.7656250000000684,0.0,0.0,0.011270491803271642,0.22310450819666,0.7656250000000684
100.583,0,0.0,0.0,0.010931549097525783,0.220125469956584,0.7689429809458902,0.0,0.0,0.0,0.0,0.0
100.583,1,0.0,0.0,0.010931549097525783,0.220125469956584,0.7689429809458902,0.0,0.0,0.010931549097525783,0.220125469956584,0.7689429809458902
100.667,0,0.0,0.0,0.010597781089577516,0.21713408300585407,0.7722681359045684,0.0,0.0,0.0,0.0,0.0
100.667,1,0.0,0.0,0.010597781089577516,0.21713408300585407,0.7722681359045684,0.0,0.0,0.010597781089577516,0.21713408300585407,0.7722681359045684
100.75,0,0.0,0.0,0.0102691877794269,0.21413034734447067,0.7756004648761026,0.0,0.0,0.0,0.0,0.0
100.75,1,0.0,0.0,0.0102691877794269,0.21413034734447067,0.7756004648761026,0.0,0.0,0.0102691877794269,0.21413034734447067,0.7756004648761026
100.833,0,0.0,0.0,0.009945769167073987,0.21111426297243424,0.7789399678604918,0.0,0.0,0.0,0.0,0.0
100.833,1,0.0,0.0,0.009945769167073987,0.21111426297243424,0.7789399678604918,0.0,0.0,0.009945769167073987,0.21111426297243424,0.7789399678604918
100.917,0,0.0,0.0,0.009627525252518723,0.2080858298897444,0.7822866448577369,0.0,0.0,0.0,0.0,0.0
100.917,1,0.0,0.0,0.009627525252518723,0.2080858298897444,0.7822866448577369,0.0,0.0,0.009627525252518723,0.2080858298897444,0.7822866448577369
